/*
 Navicat Premium Dump SQL

 Source Server         : localhost_3306
 Source Server Type    : MySQL
 Source Server Version : 80040 (8.0.40)
 Source Host           : localhost:3306
 Source Schema         : lab_reservation

 Target Server Type    : MySQL
 Target Server Version : 80040 (8.0.40)
 File Encoding         : 65001

 Date: 20/05/2026 00:09:36
*/

SET NAMES utf8mb4;
SET FOREIGN_KEY_CHECKS = 0;

-- ----------------------------
-- Table structure for ai_chat_log
-- ----------------------------
DROP TABLE IF EXISTS `ai_chat_log`;
CREATE TABLE `ai_chat_log`  (
  `id` bigint NOT NULL AUTO_INCREMENT COMMENT '记录ID',
  `user_id` bigint NOT NULL COMMENT '用户ID',
  `question` text CHARACTER SET utf8mb4 COLLATE utf8mb4_0900_ai_ci NOT NULL COMMENT '用户问题',
  `answer` text CHARACTER SET utf8mb4 COLLATE utf8mb4_0900_ai_ci NOT NULL COMMENT 'AI回答',
  `knowledge_id` bigint NULL DEFAULT NULL COMMENT '关联知识库ID',
  `device_id` bigint NULL DEFAULT NULL COMMENT '设备ID',
  `confidence` double NULL DEFAULT NULL COMMENT '匹配置信度（0-1）',
  `response_time` bigint NULL DEFAULT NULL COMMENT '响应时间（毫秒）',
  `create_time` datetime NULL DEFAULT CURRENT_TIMESTAMP COMMENT '创建时间',
  PRIMARY KEY (`id`) USING BTREE,
  INDEX `idx_user_id`(`user_id` ASC) USING BTREE,
  INDEX `idx_create_time`(`create_time` ASC) USING BTREE
) ENGINE = InnoDB AUTO_INCREMENT = 275 CHARACTER SET = utf8mb4 COLLATE = utf8mb4_0900_ai_ci COMMENT = 'AI聊天记录表' ROW_FORMAT = DYNAMIC;

-- ----------------------------
-- Records of ai_chat_log
-- ----------------------------
INSERT INTO `ai_chat_log` VALUES (1, 7, '显微镜怎么调焦距？', '您好！光学显微镜调焦步骤如下：\n\n1. 先用低倍镜（4x或10x）观察，将标本移到视野中央\n2. 慢慢转动粗调旋钮，直到标本图像出现\n3. 再用细调旋钮微调至最清晰\n4. 如需更换高倍镜，只需轻轻转动物镜转换器，选择高倍镜，再用细调旋钮微调即可\n\n注意事项：\n- 使用高倍镜时不要用粗调旋钮调焦\n- 调焦时要从标本下方慢慢向上调', 1, 1, 0.95, 156, '2026-04-11 19:53:54');
INSERT INTO `ai_chat_log` VALUES (2, 7, '离心机不平衡怎么办？', '离心机不平衡会导致震动和报警，请按以下步骤处理：\n\n1. 立即按下停止键，等待离心机完全停止\n2. 打开机盖，检查样品管\n3. 确保所有样品管对称放置\n4. 检查样品管重量是否相等（误差<0.1g）\n5. 如有单个样品管，使用配重管平衡\n6. 重新放置样品后再次离心\n\n注意：如离心机有异常震动或噪音，请联系维修人员检查。', 2, 8, 0.92, 203, '2026-04-11 19:53:54');
INSERT INTO `ai_chat_log` VALUES (3, 8, '天平怎么校准？', '分析天平校准步骤：\n\n1. 确保天平已预热30分钟\n2. 检查天平是否水平（观察水平仪气泡）\n3. 按\"CAL\"键进入校准模式\n4. 等待显示\"0.0\"后放置校准砝码\n5. 等待校准完成，显示\"PASS\"\n6. 取下砝码，校准完成\n\n建议：\n- 每月校准一次\n- 更换位置后需重新校准\n- 环境温度变化超过5°C需重新校准', 3, 15, 0.88, 189, '2026-04-11 19:53:54');
INSERT INTO `ai_chat_log` VALUES (4, 10, '分光光度计怎么测样品浓度？', '使用分光光度计测定样品浓度步骤：\n\n1. 开机预热30分钟\n2. 设置测定波长（根据样品特性选择）\n3. 用空白溶液（溶剂）调零\n4. 放入样品溶液（比色皿光学面朝光路）\n5. 读取吸光度（A）值\n6. 如有标准曲线，根据A值计算浓度\n7. 如测定系列浓度，制作标准曲线后计算\n\n注意事项：\n- 样品溶液要清澈无浑浊\n- 比色皿用完要洗净擦干', 4, 18, 0.91, 234, '2026-04-11 19:53:54');
INSERT INTO `ai_chat_log` VALUES (5, 8, 'PCR反应程序怎么设置？', '标准PCR反应程序设置（以25μL体系为例）：\n\n1. 预变性：94-95°C，2-5分钟\n2. 循环（25-35次）：\n   - 变性：94-95°C，30秒\n   - 退火：50-65°C，30秒（温度根据引物设计）\n   - 延伸：72°C，30秒-1分钟（根据片段长度）\n3. 最后延伸：72°C，5-10分钟\n4. 保存：4°C，∞\n\n注意：退火温度需要根据引物的Tm值计算。', 6, 24, 0.89, 267, '2026-04-11 19:53:54');
INSERT INTO `ai_chat_log` VALUES (6, 11, '显微镜视野模糊怎么办？', '显微镜视野模糊常见原因及解决方法：\n\n1. 物镜未对准\n   → 旋转物镜至咔哒声响起\n\n2. 标本上有气泡或杂质\n   → 重新制作标本\n\n3. 镜头脏污\n   → 用拭镜纸轻轻擦拭镜头\n\n4. 未使用油镜但使用了香柏油\n   → 用酒精乙醚混合液清洁\n\n5. 载玻片放反\n   → 确保标本面朝下\n\n如果以上都不能解决，可能是光路问题，请联系维修人员。', 11, 1, 0.94, 178, '2026-04-11 19:53:54');
INSERT INTO `ai_chat_log` VALUES (7, 9, 'CO2培养箱怎么消毒？', 'CO2培养箱消毒步骤：\n\n1. 取出所有培养物\n2. 用70%酒精擦拭内壁\n3. 打开紫外灯照射30分钟\n4. 如需高温灭菌，设置90°C运行2小时\n5. 通风换气后即可使用\n\n注意事项：\n- 每周至少消毒一次\n- 频繁消毒会影响传感器精度\n- 日常使用用酒精擦拭即可\n- 每月进行彻底清洁', 5, 21, 0.9, 212, '2026-04-11 19:53:54');
INSERT INTO `ai_chat_log` VALUES (8, 12, '高压灭菌锅怎么使用？', '高压灭菌锅使用步骤：\n\n1. 添加适量水（至少覆盖加热盘）\n2. 放入待灭菌物品\n3. 盖紧锅盖，检查密封圈\n4. 设定灭菌参数：\n   - 液体模式：121°C，20分钟\n   - 器械模式：134°C，10分钟\n5. 启动灭菌程序\n6. 等待压力降为0\n7. 佩戴手套打开盖子\n\n安全提醒：\n- 液体灭菌时容器盖子要松\n- 禁止带压开盖\n- 定期检查安全阀', 9, 27, 0.93, 198, '2026-04-11 19:53:54');
INSERT INTO `ai_chat_log` VALUES (9, 7, '我想预约显微镜做实验', '您好！预约显微镜的步骤如下：\n\n1. 进入设备列表页面\n2. 选择需要的显微镜设备\n3. 点击\"预约\"按钮\n4. 填写预约信息：\n   - 预约日期和时间\n   - 实验项目名称\n   - 参与人数\n   - 预约事由\n5. 提交申请\n6. 等待管理员审核\n\n注意事项：\n- 学生预约需提前24小时\n- 电子显微镜需专业培训后才能预约使用\n- 单次预约最长4小时', NULL, NULL, 0.85, 145, '2026-04-11 19:53:54');
INSERT INTO `ai_chat_log` VALUES (10, 10, '天平显示err怎么回事？', '天平显示\"Err\"可能有以下原因：\n\n1. 超载 - 称量的物品超过天平最大量程，请减少样品量\n2. 称量盘未放置 - 确保称量盘正确放置\n3. 环境不稳定 - 移动到稳定环境后重新操作\n4. 传感器故障 - 长按开关机重启天平\n\n解决方法：\n1. 先移除样品，看是否恢复正常\n2. 关闭天平，等待30秒后重新开机\n3. 如问题持续，请联系维修人员报修', 13, 15, 0.87, 167, '2026-04-11 19:53:54');
INSERT INTO `ai_chat_log` VALUES (11, 7, '???????', '抱歉，我无法理解您的问题。请尝试以下方式：\n1. 使用更简洁的关键词描述（如：设备名称+操作类型）\n2. 查看设备操作手册\n3. 联系实验室管理员\n4. 拨打设备维护热线', NULL, NULL, 0, 524, '2026-04-11 19:53:54');
INSERT INTO `ai_chat_log` VALUES (12, 24, '离心机如何操作？', '离心机标准操作流程：\n1. 检查离心管是否平衡，对称放置\n2. 设置转速和时间参数\n3. 关闭机盖，确保安全锁扣到位\n4. 启动离心机，等待达到设定转速\n5. 离心结束后，等待转子完全停止再开盖\n6. 小心取出样品，避免离心管破碎\n注意事项：严禁在运行时打开机盖，转子需定期保养', 18, 5, 2.75, 361, '2026-04-11 19:53:54');
INSERT INTO `ai_chat_log` VALUES (13, 24, 'cs', '抱歉，我无法理解您的问题。请尝试以下方式：\n1. 使用更简洁的关键词描述（如：设备名称+操作类型）\n2. 查看设备操作手册\n3. 联系实验室管理员\n4. 拨打设备维护热线', NULL, NULL, 0, 200, '2026-04-11 19:53:54');
INSERT INTO `ai_chat_log` VALUES (14, 24, 'cscs', '抱歉，我无法理解您的问题。请尝试以下方式：\n1. 使用更简洁的关键词描述（如：设备名称+操作类型）\n2. 查看设备操作手册\n3. 联系实验室管理员\n4. 拨打设备维护热线', NULL, NULL, 0, 17, '2026-04-11 19:53:54');
INSERT INTO `ai_chat_log` VALUES (15, 24, 'cscs', '抱歉，我无法理解您的问题。请尝试以下方式：\n1. 使用更简洁的关键词描述（如：设备名称+操作类型）\n2. 查看设备操作手册\n3. 联系实验室管理员\n4. 拨打设备维护热线', NULL, NULL, 0, 19, '2026-04-11 19:53:54');
INSERT INTO `ai_chat_log` VALUES (16, 24, '高压设备有什么危险？', '⚠️ 安全警告：高压容器安全使用规范：\n1. 定期检验压力容器\n2. 禁止碰撞和敲击\n3. 远离热源和易燃物\n4. 使用专用减压阀\n5. 检查管路连接是否漏气\n6. 带压时禁止拆卸\n7. 气瓶要固定放置\n注意：高压灭菌锅、高压气瓶等', 39, NULL, 1.7400000000000002, 25, '2026-04-11 19:53:54');
INSERT INTO `ai_chat_log` VALUES (17, 24, '有毒化学品如何处理？', '⚠️ 安全警告：化学品溢洒处理步骤：\n1. 立即疏散人员\n2. 穿戴防护装备\n3. 围堵溢洒区域\n4. 用适当吸收材料覆盖\n5. 小心收集废液\n6. 用清水冲洗地面\n7. 废液倒入废液桶\n注意：不要直接用手接触', 41, NULL, 2.124, 29, '2026-04-11 19:53:54');
INSERT INTO `ai_chat_log` VALUES (18, 24, '设备故障如何报修？', '设备故障报修步骤：\n1. 登录系统\n2. 进入维修管理页面\n3. 点击报修按钮\n4. 选择故障设备\n5. 详细描述故障现象\n6. 可上传故障图片\n7. 提交报修申请\n8. 等待维修人员处理', 16, NULL, 2.85, 21, '2026-04-11 19:53:54');
INSERT INTO `ai_chat_log` VALUES (19, 24, '遇到智能冲突检测冲突怎么办？', '预约冲突解决方法：\n1. 系统会自动检测时间冲突\n2. 如有冲突可选择其他时间\n3. 可查看推荐的可替代设备\n4. 如需帮助联系管理员\n5. 避免同一时段重复预约\n建议提前规划实验时间', 59, NULL, 1.5833333333333333, 27, '2026-04-11 19:53:54');
INSERT INTO `ai_chat_log` VALUES (20, 24, 'cscs', '抱歉，我无法理解您的问题。请尝试以下方式：\n1. 使用更简洁的关键词描述（如：设备名称+操作类型）\n2. 查看设备操作手册\n3. 联系实验室管理员\n4. 拨打设备维护热线', NULL, NULL, 0, 17, '2026-04-11 19:53:54');
INSERT INTO `ai_chat_log` VALUES (21, 1, '光谱仪如何校准', '电子天平校准流程：\n1. 确保天平放置在平稳、无振动的台面\n2. 预热30分钟以上\n3. 按下CAL键进入校准模式\n4. 放置标准砝码或使用内置砝码\n5. 等待校准完成，显示零点\n6. 校准后可进行称量操作\n注意事项：称量时避免震动和气流影响', 21, 15, 1.53, 414, '2026-04-11 19:53:54');
INSERT INTO `ai_chat_log` VALUES (22, 1, '显微镜如何操作？', '光学显微镜操作步骤：\n1. 打开显微镜电源开关\n2. 将待观察样本放置在载物台上\n3. 使用粗调旋钮调节焦距，使样本初步清晰\n4. 使用细调旋钮调节至最清晰\n5. 选择合适的目镜和物镜倍数\n6. 观察并记录结果\n7. 使用完毕后关闭电源，清理载物台', 1, 1, 2.4000000000000004, 26, '2026-04-11 19:53:54');
INSERT INTO `ai_chat_log` VALUES (23, 1, '离心机如何操作？', '离心机标准操作流程：\n1. 检查离心管是否平衡，对称放置\n2. 设置转速和时间参数\n3. 关闭机盖，确保安全锁扣到位\n4. 启动离心机，等待达到设定转速\n5. 离心结束后，等待转子完全停止再开盖\n6. 小心取出样品，避免离心管破碎\n注意事项：严禁在运行时打开机盖，转子需定期保养', 18, 5, 2.75, 92, '2026-04-11 19:53:54');
INSERT INTO `ai_chat_log` VALUES (24, 1, '如何预约设备？', '设备预约步骤：\n1. 登录系统\n2. 进入设备列表页面\n3. 选择需要预约的设备\n4. 点击预约按钮\n5. 填写预约信息（日期、时间、实验项目等）\n6. 提交预约申请\n7. 等待审核', 7, NULL, 2.81, 21, '2026-04-11 19:53:54');
INSERT INTO `ai_chat_log` VALUES (25, 1, '设备故障如何报修？', '设备故障报修步骤：\n1. 登录系统\n2. 进入维修管理页面\n3. 点击报修按钮\n4. 选择故障设备\n5. 详细描述故障现象\n6. 可上传故障图片\n7. 提交报修申请\n8. 等待维修人员处理', 16, NULL, 2.85, 22, '2026-04-11 19:53:54');
INSERT INTO `ai_chat_log` VALUES (26, 1, '设备故障如何报修？', '设备故障报修步骤：\n1. 登录系统\n2. 进入维修管理页面\n3. 点击报修按钮\n4. 选择故障设备\n5. 详细描述故障现象\n6. 可上传故障图片\n7. 提交报修申请\n8. 等待维修人员处理', 16, NULL, 2.85, 34, '2026-04-11 19:53:54');
INSERT INTO `ai_chat_log` VALUES (27, 1, '如何预约设备？', '设备预约步骤：\n1. 登录系统\n2. 进入设备列表页面\n3. 选择需要预约的设备\n4. 点击预约按钮\n5. 填写预约信息（日期、时间、实验项目等）\n6. 提交预约申请\n7. 等待审核', 7, NULL, 2.81, 21, '2026-04-11 19:53:54');
INSERT INTO `ai_chat_log` VALUES (28, 1, '火灾', '⚠️ 警告：实验室火灾应急处理：\n1. 立即切断电源和气源\n2. 小火用灭火器扑灭\n3. 火势大立即疏散\n4. 拨打119报警\n5. 从安全通道撤离\n6. 实验室着火禁用消防水\n7. 定期检查消防器材\n常用灭火器：CO2、干粉灭火器', 40, NULL, 1.35, 23, '2026-04-11 19:53:54');
INSERT INTO `ai_chat_log` VALUES (29, 1, '测试', '抱歉，我无法理解您的问题。请尝试以下方式：\n1. 使用更简洁的关键词描述（如：设备名称+操作类型）\n2. 查看设备操作手册\n3. 联系实验室管理员\n4. 拨打设备维护热线', NULL, NULL, 0, 289, '2026-04-11 19:53:54');
INSERT INTO `ai_chat_log` VALUES (30, 1, '显微镜如何操作？', '光学显微镜操作步骤：\n1. 打开显微镜电源开关\n2. 将待观察样本放置在载物台上\n3. 使用粗调旋钮调节焦距，使样本初步清晰\n4. 使用细调旋钮调节至最清晰\n5. 选择合适的目镜和物镜倍数\n6. 观察并记录结果\n7. 使用完毕后关闭电源，清理载物台', 1, 1, 2.4000000000000004, 44, '2026-04-11 19:53:54');
INSERT INTO `ai_chat_log` VALUES (31, 1, '光', '分光光度计操作步骤：\n1. 打开仪器电源，预热30分钟\n2. 设置测量波长\n3. 用空白溶液调零\n4. 放入样品溶液\n5. 读取吸光度或透光率\n6. 测量完毕后清洗比色皿', 4, 18, 1.1, 23, '2026-04-11 19:53:54');
INSERT INTO `ai_chat_log` VALUES (32, 1, '有毒化学品如何处理？', '⚠️ 安全警告：化学品溢洒处理步骤：\n1. 立即疏散人员\n2. 穿戴防护装备\n3. 围堵溢洒区域\n4. 用适当吸收材料覆盖\n5. 小心收集废液\n6. 用清水冲洗地面\n7. 废液倒入废液桶\n注意：不要直接用手接触', 41, NULL, 2.124, 24, '2026-04-11 19:53:54');
INSERT INTO `ai_chat_log` VALUES (33, 1, '火', '⚠️ 警告：实验室火灾应急处理：\n1. 立即切断电源和气源\n2. 小火用灭火器扑灭\n3. 火势大立即疏散\n4. 拨打119报警\n5. 从安全通道撤离\n6. 实验室着火禁用消防水\n7. 定期检查消防器材\n常用灭火器：CO2、干粉灭火器', 40, NULL, 0.85, 18, '2026-04-11 19:53:54');
INSERT INTO `ai_chat_log` VALUES (34, 1, '如何预约设备？', '设备预约步骤：\n1. 登录系统\n2. 进入设备列表页面\n3. 选择需要预约的设备\n4. 点击预约按钮\n5. 填写预约信息（日期、时间、实验项目等）\n6. 提交预约申请\n7. 等待审核', 7, NULL, 2.81, 32, '2026-04-11 19:53:54');
INSERT INTO `ai_chat_log` VALUES (35, 1, '光谱图', '光谱分析基本流程：\n1. 样品前处理\n2. 选择测定波长\n3. 仪器校准和基线校正\n4. 制作标准曲线\n5. 测定样品\n6. 数据处理和计算\n注意：样品需清澈无颗粒', 35, NULL, 1.33, 19, '2026-04-11 19:53:54');
INSERT INTO `ai_chat_log` VALUES (36, 24, 'cs', '抱歉，我无法理解您的问题。请尝试以下方式：\n1. 使用更简洁的关键词描述（如：设备名称+操作类型）\n2. 查看设备操作手册\n3. 联系实验室管理员\n4. 拨打设备维护热线', NULL, NULL, 0, 279, '2026-04-11 19:53:54');
INSERT INTO `ai_chat_log` VALUES (37, 24, '1', '抱歉，我无法理解您的问题。请尝试以下方式：\n1. 使用更简洁的关键词描述（如：设备名称+操作类型）\n2. 查看设备操作手册\n3. 联系实验室管理员\n4. 拨打设备维护热线', NULL, NULL, 0, 21, '2026-04-11 19:53:54');
INSERT INTO `ai_chat_log` VALUES (38, 24, '查看设备操作手册', '光学显微镜操作步骤：\n1. 打开显微镜电源开关\n2. 将待观察样本放置在载物台上\n3. 使用粗调旋钮调节焦距，使样本初步清晰\n4. 使用细调旋钮调节至最清晰\n5. 选择合适的目镜和物镜倍数\n6. 观察并记录结果\n7. 使用完毕后关闭电源，清理载物台', 1, 1, 1.5, 28, '2026-04-11 19:53:54');
INSERT INTO `ai_chat_log` VALUES (39, 24, '联系实验室管理员', '联系管理员方式：\n1. 系统消息功能发送咨询\n2. 拨打管理员办公电话\n3. 前往实验室管理办公室\n4. 邮件联系实验室邮箱\n5. 工作时间：周一至周五 8:00-17:00\n紧急情况可电话联系', 65, NULL, 2.4000000000000004, 56, '2026-04-11 19:53:54');
INSERT INTO `ai_chat_log` VALUES (40, 24, '拨打设备维护热线', '设备预约流程：\n1. 登录系统，进入设备预约模块\n2. 选择需要的设备类型\n3. 查看设备可用时间\n4. 填写预约信息：使用时间、实验项目、参与人数等\n5. 提交预约申请\n6. 等待管理员审核\n7. 审核通过后按时使用设备', 57, NULL, 1.5, 24, '2026-04-11 19:53:54');
INSERT INTO `ai_chat_log` VALUES (41, 1, '光学显微镜如何操作', '光学显微镜操作步骤：\n1. 打开显微镜电源开关\n2. 将待观察样本放置在载物台上\n3. 使用粗调旋钮调节焦距，使样本初步清晰\n4. 使用细调旋钮调节至最清晰\n5. 选择合适的目镜和物镜倍数\n6. 观察并记录结果\n7. 使用完毕后关闭电源，清理载物台', 1, 1, 2.6500000000000004, 206, '2026-04-11 19:53:54');
INSERT INTO `ai_chat_log` VALUES (42, 8, '光学显微镜如何操作', '光学显微镜操作步骤：\n1. 打开显微镜电源开关\n2. 将待观察样本放置在载物台上\n3. 使用粗调旋钮调节焦距，使样本初步清晰\n4. 使用细调旋钮调节至最清晰\n5. 选择合适的目镜和物镜倍数\n6. 观察并记录结果\n7. 使用完毕后关闭电源，清理载物台', 1, 1, 2.6500000000000004, 34, '2026-04-11 19:53:54');
INSERT INTO `ai_chat_log` VALUES (43, 1, '·', '设备预约步骤：\n1. 登录系统\n2. 进入设备列表页面\n3. 选择需要预约的设备\n4. 点击预约按钮\n5. 填写预约信息（日期、时间、实验项目等）\n6. 提交预约申请\n7. 等待审核', 7, NULL, 0.5, 203, '2026-04-11 19:53:54');
INSERT INTO `ai_chat_log` VALUES (44, 1, '显微镜的基本操作步骤是什么？', '设备预约步骤：\n1. 登录系统\n2. 进入设备列表页面\n3. 选择需要预约的设备\n4. 点击预约按钮\n5. 填写预约信息（日期、时间、实验项目等）\n6. 提交预约申请\n7. 等待审核', 7, NULL, 1.83, 27, '2026-04-11 19:53:54');
INSERT INTO `ai_chat_log` VALUES (45, 1, '显微镜怎么使用？', '光学显微镜操作步骤：\n1. 打开显微镜电源，调至最低倍镜\n2. 将待观察标本放置于载物台上\n3. 使用粗调旋钮下降载物台至标本接近物镜\n4. 从目镜观察，同时缓慢上升载物台直至图像清晰\n5. 切换至高倍镜时只需微调细调旋钮\n6. 观察结束后先将载物台降至最低，关闭电源\n注意事项：不可用手直接擦拭镜头，使用专用镜头纸', 17, 1, 1.6500000000000001, 19, '2026-04-11 19:53:54');
INSERT INTO `ai_chat_log` VALUES (46, 1, '显微镜操作方法', '光学显微镜操作步骤：\n1. 打开显微镜电源开关\n2. 将待观察样本放置在载物台上\n3. 使用粗调旋钮调节焦距，使样本初步清晰\n4. 使用细调旋钮调节至最清晰\n5. 选择合适的目镜和物镜倍数\n6. 观察并记录结果\n7. 使用完毕后关闭电源，清理载物台', 1, 1, 1.75, 26, '2026-04-11 19:53:54');
INSERT INTO `ai_chat_log` VALUES (47, 1, '显微镜如何开机', '光学显微镜操作步骤：\n1. 打开显微镜电源开关\n2. 将待观察样本放置在载物台上\n3. 使用粗调旋钮调节焦距，使样本初步清晰\n4. 使用细调旋钮调节至最清晰\n5. 选择合适的目镜和物镜倍数\n6. 观察并记录结果\n7. 使用完毕后关闭电源，清理载物台', 1, 1, 1.6500000000000001, 25, '2026-04-11 19:53:54');
INSERT INTO `ai_chat_log` VALUES (48, 1, '光谱仪校准步骤', '电子天平校准流程：\n1. 确保天平放置在平稳、无振动的台面\n2. 预热30分钟以上\n3. 按下CAL键进入校准模式\n4. 放置标准砝码或使用内置砝码\n5. 等待校准完成，显示零点\n6. 校准后可进行称量操作\n注意事项：称量时避免震动和气流影响', 21, 15, 1.4300000000000002, 25, '2026-04-11 19:53:54');
INSERT INTO `ai_chat_log` VALUES (49, 1, '光谱仪校准步骤', '电子天平校准流程：\n1. 确保天平放置在平稳、无振动的台面\n2. 预热30分钟以上\n3. 按下CAL键进入校准模式\n4. 放置标准砝码或使用内置砝码\n5. 等待校准完成，显示零点\n6. 校准后可进行称量操作\n注意事项：称量时避免震动和气流影响', 21, 15, 1.4300000000000002, 21, '2026-04-11 19:53:54');
INSERT INTO `ai_chat_log` VALUES (50, 1, '光谱仪', '分光光度计操作步骤：\n1. 打开仪器电源，预热30分钟\n2. 设置测量波长\n3. 用空白溶液调零\n4. 放入样品溶液\n5. 读取吸光度或透光率\n6. 测量完毕后清洗比色皿', 4, 18, 1.35, 16, '2026-04-11 19:53:54');
INSERT INTO `ai_chat_log` VALUES (51, 1, '设备故障怎么办', '设备故障报修步骤：\n1. 登录系统\n2. 进入维修管理页面\n3. 点击报修按钮\n4. 选择故障设备\n5. 详细描述故障现象\n6. 可上传故障图片\n7. 提交报修申请\n8. 等待维修人员处理', 16, NULL, 1.6833333333333333, 48, '2026-04-11 19:53:54');
INSERT INTO `ai_chat_log` VALUES (52, 1, '离心机怎么操作？', '高速离心机操作步骤：\n1. 检查离心机是否平稳放置\n2. 打开机盖，将样品对称放置在转子中\n3. 确保样品管已盖紧且重量相等\n4. 关闭机盖，确保锁紧\n5. 设置转速和时间\n6. 按启动键开始离心\n7. 离心完成后等待完全停止再打开机盖', 2, 8, 2.25, 22, '2026-04-11 19:53:54');
INSERT INTO `ai_chat_log` VALUES (53, 1, '设备着火怎么办？', '设备故障处理流程：\n1. 立即停止使用设备\n2. 记录故障现象和发生时间\n3. 在系统中提交故障报修\n4. 保护现场，不擅自拆卸\n5. 等待维修人员处理\n6. 如影响实验可申请设备替换\n紧急情况请联系管理员', 61, NULL, 1.5214285714285716, 21, '2026-04-11 19:53:54');
INSERT INTO `ai_chat_log` VALUES (54, 1, '高压设备有什么危险？', '⚠️ 安全警告：高压容器安全使用规范：\n1. 定期检验压力容器\n2. 禁止碰撞和敲击\n3. 远离热源和易燃物\n4. 使用专用减压阀\n5. 检查管路连接是否漏气\n6. 带压时禁止拆卸\n7. 气瓶要固定放置\n注意：高压灭菌锅、高压气瓶等', 39, NULL, 1.7400000000000002, 22, '2026-04-11 19:53:54');
INSERT INTO `ai_chat_log` VALUES (55, 1, '高压设备有什么危险？', '⚠️ 安全警告：高压容器安全使用规范：\n1. 定期检验压力容器\n2. 禁止碰撞和敲击\n3. 远离热源和易燃物\n4. 使用专用减压阀\n5. 检查管路连接是否漏气\n6. 带压时禁止拆卸\n7. 气瓶要固定放置\n注意：高压灭菌锅、高压气瓶等', 39, NULL, 1.7400000000000002, 22, '2026-04-11 19:53:54');
INSERT INTO `ai_chat_log` VALUES (56, 1, '有毒化学品如何处理？', '⚠️ 安全警告：化学品溢洒处理步骤：\n1. 立即疏散人员\n2. 穿戴防护装备\n3. 围堵溢洒区域\n4. 用适当吸收材料覆盖\n5. 小心收集废液\n6. 用清水冲洗地面\n7. 废液倒入废液桶\n注意：不要直接用手接触', 41, NULL, 2.124, 23, '2026-04-11 19:53:54');
INSERT INTO `ai_chat_log` VALUES (57, 1, '高压设备有什么危险？', '⚠️ 安全警告：高压容器安全使用规范：\n1. 定期检验压力容器\n2. 禁止碰撞和敲击\n3. 远离热源和易燃物\n4. 使用专用减压阀\n5. 检查管路连接是否漏气\n6. 带压时禁止拆卸\n7. 气瓶要固定放置\n注意：高压灭菌锅、高压气瓶等', 39, NULL, 1.7400000000000002, 21, '2026-04-11 19:53:54');
INSERT INTO `ai_chat_log` VALUES (58, 1, '高温设备烫伤了怎么办？', '设备故障处理流程：\n1. 立即停止使用设备\n2. 记录故障现象和发生时间\n3. 在系统中提交故障报修\n4. 保护现场，不擅自拆卸\n5. 等待维修人员处理\n6. 如影响实验可申请设备替换\n紧急情况请联系管理员', 61, NULL, 1.5214285714285716, 100, '2026-04-11 19:53:54');
INSERT INTO `ai_chat_log` VALUES (59, 1, '高温设备烫伤了', '设备预约流程：\n1. 登录系统，进入设备预约模块\n2. 选择需要的设备类型\n3. 查看设备可用时间\n4. 填写预约信息：使用时间、实验项目、参与人数等\n5. 提交预约申请\n6. 等待管理员审核\n7. 审核通过后按时使用设备', 57, NULL, 1.5, 22, '2026-04-11 19:53:54');
INSERT INTO `ai_chat_log` VALUES (60, 1, '高温设备表面温度极高，触碰可能造成烫伤。请佩戴隔热手套。', '干燥箱使用规范：\n1. 打开电源开关，设定目标温度\n2. 温度设置范围根据样品确定（一般不超过300℃）\n3. 等待温度升至设定值\n4. 放入样品，关闭箱门\n5. 定时检查温度变化\n6. 干燥完成后取出样品，关闭电源\n注意事项：易燃物品禁止放入，保持箱内清洁', 20, 12, 1.3333333333333335, 37, '2026-04-11 19:53:54');
INSERT INTO `ai_chat_log` VALUES (61, 1, '使用高温设备注意什么', '⚠️ 警告：高温设备表面温度极高，触碰可能造成烫伤。请佩戴隔热手套。', 71, NULL, 2.1799999999999997, 24, '2026-04-11 19:53:54');
INSERT INTO `ai_chat_log` VALUES (62, 1, '什么是光谱仪？', '分光光度计操作步骤：\n1. 打开仪器电源，预热30分钟\n2. 设置测量波长\n3. 用空白溶液调零\n4. 放入样品溶液\n5. 读取吸光度或透光率\n6. 测量完毕后清洗比色皿', 4, 18, 1.35, 21, '2026-04-11 19:53:54');
INSERT INTO `ai_chat_log` VALUES (63, 1, '高压触电', '⚠️ 安全警告：高压容器安全使用规范：\n1. 定期检验压力容器\n2. 禁止碰撞和敲击\n3. 远离热源和易燃物\n4. 使用专用减压阀\n5. 检查管路连接是否漏气\n6. 带压时禁止拆卸\n7. 气瓶要固定放置\n注意：高压灭菌锅、高压气瓶等', 39, NULL, 1.7400000000000002, 20, '2026-04-11 19:53:54');
INSERT INTO `ai_chat_log` VALUES (64, 1, '有毒化学品', '⚠️ 安全警告：化学品溢洒处理步骤：\n1. 立即疏散人员\n2. 穿戴防护装备\n3. 围堵溢洒区域\n4. 用适当吸收材料覆盖\n5. 小心收集废液\n6. 用清水冲洗地面\n7. 废液倒入废液桶\n注意：不要直接用手接触', 41, NULL, 1.7400000000000002, 20, '2026-04-11 19:53:54');
INSERT INTO `ai_chat_log` VALUES (65, 1, '设备着火', '⚠️ 安全警告：实验室火灾应急处理：\n1. 立即切断电源和气源\n2. 小火用灭火器扑灭\n3. 火势大立即疏散\n4. 拨打119报警\n5. 从安全通道撤离\n6. 实验室着火禁用消防水\n7. 定期检查消防器材\n常用灭火器：CO2、干粉灭火器', 40, NULL, 1.5, 26, '2026-04-11 19:53:54');
INSERT INTO `ai_chat_log` VALUES (66, 1, '爆炸', '抱歉，我无法理解您的问题。请尝试以下方式：\n1. 使用更简洁的关键词描述（如：设备名称+操作类型）\n2. 查看设备操作手册\n3. 联系实验室管理员\n4. 拨打设备维护热线', NULL, NULL, 0, 25, '2026-04-11 19:53:54');
INSERT INTO `ai_chat_log` VALUES (67, 1, '烫伤', '⚠️ 警告：高温设备表面温度极高，触碰可能造成烫伤。请佩戴隔热手套。', 71, NULL, 0.3833333333333333, 18, '2026-04-11 19:53:54');
INSERT INTO `ai_chat_log` VALUES (68, 1, '注意安全', '⚠️ 警告：重要安全提醒：\n1. 样品必须对称放置\n2. 离心管必须盖紧，防止样品泄漏\n3. 切勿在离心机运行时打开机盖\n4. 如有异常震动或噪音，立即停止并报修', 8, NULL, 1.884, 19, '2026-04-11 19:53:54');
INSERT INTO `ai_chat_log` VALUES (69, 1, '离心机如何操作？', '离心机标准操作流程：\n1. 检查离心管是否平衡，对称放置\n2. 设置转速和时间参数\n3. 关闭机盖，确保安全锁扣到位\n4. 启动离心机，等待达到设定转速\n5. 离心结束后，等待转子完全停止再开盖\n6. 小心取出样品，避免离心管破碎\n注意事项：严禁在运行时打开机盖，转子需定期保养', 18, 5, 2.75, 22, '2026-04-11 19:53:54');
INSERT INTO `ai_chat_log` VALUES (70, 4, '如何取消预约？', '取消预约步骤：\n1. 登录系统\n2. 进入我的预约页面\n3. 找到需要取消的预约记录\n4. 点击取消按钮\n5. 选择取消原因\n6. 确认取消\n\n注意：请至少提前2小时取消，以便其他用户预约。', 14, NULL, 2.85, 272, '2026-04-11 19:53:54');
INSERT INTO `ai_chat_log` VALUES (71, 2, '色谱仪如', '⚠️ 警告：1.每次使用后清洁仪器...2,3,4,', 72, NULL, 1.87, 256, '2026-04-11 19:53:54');
INSERT INTO `ai_chat_log` VALUES (72, 2, '光谱仪如何校准？', '电子天平校准流程：\n1. 确保天平放置在平稳、无振动的台面\n2. 预热30分钟以上\n3. 按下CAL键进入校准模式\n4. 放置标准砝码或使用内置砝码\n5. 等待校准完成，显示零点\n6. 校准后可进行称量操作\n注意事项：称量时避免震动和气流影响', 21, 15, 1.53, 35, '2026-04-11 19:53:54');
INSERT INTO `ai_chat_log` VALUES (73, 2, '光谱仪如何校准', '电子天平校准流程：\n1. 确保天平放置在平稳、无振动的台面\n2. 预热30分钟以上\n3. 按下CAL键进入校准模式\n4. 放置标准砝码或使用内置砝码\n5. 等待校准完成，显示零点\n6. 校准后可进行称量操作\n注意事项：称量时避免震动和气流影响', 21, 15, 1.53, 31, '2026-04-11 19:53:54');
INSERT INTO `ai_chat_log` VALUES (74, 2, '光谱仪', '分光光度计操作步骤：\n1. 打开仪器电源，预热30分钟\n2. 设置测量波长\n3. 用空白溶液调零\n4. 放入样品溶液\n5. 读取吸光度或透光率\n6. 测量完毕后清洗比色皿', 4, 18, 1.35, 17, '2026-04-11 19:53:54');
INSERT INTO `ai_chat_log` VALUES (75, 2, '显微镜如何操作？', '光学显微镜操作步骤：\n1. 打开显微镜电源开关\n2. 将待观察样本放置在载物台上\n3. 使用粗调旋钮调节焦距，使样本初步清晰\n4. 使用细调旋钮调节至最清晰\n5. 选择合适的目镜和物镜倍数\n6. 观察并记录结果\n7. 使用完毕后关闭电源，清理载物台', 1, 1, 2.4000000000000004, 21, '2026-04-11 19:53:54');
INSERT INTO `ai_chat_log` VALUES (76, 2, '这个步骤需要注意什么？', '⚠️ 警告：重要安全提醒：\n1. 样品必须对称放置\n2. 离心管必须盖紧，防止样品泄漏\n3. 切勿在离心机运行时打开机盖\n4. 如有异常震动或噪音，立即停止并报修', 8, NULL, 1.428, 20, '2026-04-11 19:53:54');
INSERT INTO `ai_chat_log` VALUES (77, 2, '设备无法开机怎么办？', '设备故障处理流程：\n1. 立即停止使用设备\n2. 记录故障现象和发生时间\n3. 在系统中提交故障报修\n4. 保护现场，不擅自拆卸\n5. 等待维修人员处理\n6. 如影响实验可申请设备替换\n紧急情况请联系管理员', 61, NULL, 1.5214285714285716, 20, '2026-04-11 19:53:54');
INSERT INTO `ai_chat_log` VALUES (78, 2, '我想用高压气体检查漏气', '⚠️ 安全警告：高压容器安全使用规范：\n1. 定期检验压力容器\n2. 禁止碰撞和敲击\n3. 远离热源和易燃物\n4. 使用专用减压阀\n5. 检查管路连接是否漏气\n6. 带压时禁止拆卸\n7. 气瓶要固定放置\n注意：高压灭菌锅、高压气瓶等', 39, NULL, 1.7160000000000002, 25, '2026-04-11 19:53:54');
INSERT INTO `ai_chat_log` VALUES (79, 2, '教我操作HPLC', '光学显微镜操作步骤：\n1. 打开显微镜电源开关\n2. 将待观察样本放置在载物台上\n3. 使用粗调旋钮调节焦距，使样本初步清晰\n4. 使用细调旋钮调节至最清晰\n5. 选择合适的目镜和物镜倍数\n6. 观察并记录结果\n7. 使用完毕后关闭电源，清理载物台', 1, 1, 1.5, 18, '2026-04-11 19:53:54');
INSERT INTO `ai_chat_log` VALUES (80, 2, '我想用有机溶剂直接接触皮肤', '⚠️ 警告：化学品皮肤接触处理：\n1. 立即脱去被污染衣物\n2. 用大量流动清水冲洗\n3. 冲洗时间15分钟以上\n4. 视情况使用适当中和剂\n5. 严重者立即就医\n6. 记录接触化学品信息\n注意：不要用力擦洗皮肤', 43, NULL, 1.5833333333333333, 21, '2026-04-11 19:53:54');
INSERT INTO `ai_chat_log` VALUES (81, 2, '不戴护目镜操作离心机', '高速离心机操作步骤：\n1. 检查离心机是否平稳放置\n2. 打开机盖，将样品对称放置在转子中\n3. 确保样品管已盖紧且重量相等\n4. 关闭机盖，确保锁紧\n5. 设置转速和时间\n6. 按启动键开始离心\n7. 离心完成后等待完全停止再打开机盖', 2, 8, 1.75, 20, '2026-04-11 19:53:54');
INSERT INTO `ai_chat_log` VALUES (82, 2, 'cs', '抱歉，我无法理解您的问题。请尝试以下方式：\n1. 使用更简洁的关键词描述（如：设备名称+操作类型）\n2. 查看设备操作手册\n3. 联系实验室管理员\n4. 拨打设备维护热线', NULL, NULL, 0, 273, '2026-04-11 19:53:54');
INSERT INTO `ai_chat_log` VALUES (83, 2, '测试', ' <见下方>，测试，测试用例 2.3：编辑知识条目', 69, NULL, 2.25, 22, '2026-04-11 19:53:54');
INSERT INTO `ai_chat_log` VALUES (84, 2, '显微镜如何操作？', '光学显微镜操作步骤：\n1. 打开显微镜电源开关\n2. 将待观察样本放置在载物台上\n3. 使用粗调旋钮调节焦距，使样本初步清晰\n4. 使用细调旋钮调节至最清晰\n5. 选择合适的目镜和物镜倍数\n6. 观察并记录结果\n7. 使用完毕后关闭电源，清理载物台', 1, 1, 2.4000000000000004, 51, '2026-04-11 19:53:54');
INSERT INTO `ai_chat_log` VALUES (85, 2, '测试', ' <见下方>，测试，测试用例 2.3：编辑知识条目', 69, NULL, 2.25, 22, '2026-04-11 19:53:54');
INSERT INTO `ai_chat_log` VALUES (86, 2, '文本', '文本', 74, 106, 2.35, 21, '2026-04-11 19:53:54');
INSERT INTO `ai_chat_log` VALUES (87, 2, '引导', '1.文本2.引导类型', 74, 106, 1.25, 19, '2026-04-11 19:53:54');
INSERT INTO `ai_chat_log` VALUES (88, 2, '测试', ' <见下方>，测试，测试用例 2.3：编辑知识条目', 69, NULL, 2.25, 22, '2026-04-11 19:53:54');
INSERT INTO `ai_chat_log` VALUES (89, 2, '测试', ' <见下方>，测试，测试用例 2.3：编辑知识条目', 69, NULL, 2.25, 19, '2026-04-11 19:53:54');
INSERT INTO `ai_chat_log` VALUES (90, 2, 'cs', '测试cs', 75, 106, 1.45, 236, '2026-04-11 19:53:54');
INSERT INTO `ai_chat_log` VALUES (91, 2, 'cs', '1.测试2.cs', 75, 106, 1.45, 20, '2026-04-11 19:53:54');
INSERT INTO `ai_chat_log` VALUES (92, 2, 'cs', 'CS,cs,测试', 76, 106, 2.783333333333333, 33, '2026-04-11 19:53:54');
INSERT INTO `ai_chat_log` VALUES (93, 2, '设备故障如何报修？', '设备故障报修步骤：\n1. 登录系统\n2. 进入维修管理页面\n3. 点击报修按钮\n4. 选择故障设备\n5. 详细描述故障现象\n6. 可上传故障图片\n7. 提交报修申请\n8. 等待维修人员处理', 16, NULL, 2.85, 545, '2026-04-11 19:53:54');
INSERT INTO `ai_chat_log` VALUES (94, 2, '显微镜如何操作？', '光学显微镜操作步骤：\n1. 打开显微镜电源开关\n2. 将待观察样本放置在载物台上\n3. 使用粗调旋钮调节焦距，使样本初步清晰\n4. 使用细调旋钮调节至最清晰\n5. 选择合适的目镜和物镜倍数\n6. 观察并记录结果\n7. 使用完毕后关闭电源，清理载物台', 1, 1, 2.4000000000000004, 61, '2026-04-11 19:53:54');
INSERT INTO `ai_chat_log` VALUES (95, 2, '如何预约设备？', '设备预约步骤：\n1. 登录系统\n2. 进入设备列表页面\n3. 选择需要预约的设备\n4. 点击预约按钮\n5. 填写预约信息（日期、时间、实验项目等）\n6. 提交预约申请\n7. 等待审核', 7, NULL, 2.81, 35, '2026-04-11 19:53:54');
INSERT INTO `ai_chat_log` VALUES (96, 2, '如何取消预约？', '取消预约步骤：\n1. 登录系统\n2. 进入我的预约页面\n3. 找到需要取消的预约记录\n4. 点击取消按钮\n5. 选择取消原因\n6. 确认取消\n\n注意：请至少提前2小时取消，以便其他用户预约。', 14, NULL, 2.85, 29, '2026-04-11 19:53:54');
INSERT INTO `ai_chat_log` VALUES (97, 2, '显微镜的基本操作步骤是什么？测试', ' <见下方>，测试，测试用例 2.3：编辑知识条目', 69, NULL, 3.216666666666667, 36, '2026-04-11 19:53:54');
INSERT INTO `ai_chat_log` VALUES (98, 2, '显微镜看不清怎么办？', '显微镜常见问题及解决方案：\n1. 物镜未对准 - 解决方法：旋转物镜至正确位置\n2. 标本放置不正确 - 重新放置标本\n3. 镜头脏污 - 用拭镜纸轻轻清洁镜头\n4. 照明不当 - 调整光源亮度\n如无法解决，请联系维护人员报修。', 11, 1, 3.35, 32, '2026-04-11 19:53:54');
INSERT INTO `ai_chat_log` VALUES (99, 2, '火', '⚠️ 警告：实验室火灾应急处理：\n1. 立即切断电源和气源\n2. 小火用灭火器扑灭\n3. 火势大立即疏散\n4. 拨打119报警\n5. 从安全通道撤离\n6. 实验室着火禁用消防水\n7. 定期检查消防器材\n常用灭火器：CO2、干粉灭火器', 40, NULL, 0.85, 28, '2026-04-11 19:53:54');
INSERT INTO `ai_chat_log` VALUES (100, 2, '光谱仪', '分光光度计操作步骤：\n1. 打开仪器电源，预热30分钟\n2. 设置测量波长\n3. 用空白溶液调零\n4. 放入样品溶液\n5. 读取吸光度或透光率\n6. 测量完毕后清洗比色皿', 4, 18, 1.35, 28, '2026-04-11 19:53:54');
INSERT INTO `ai_chat_log` VALUES (101, 1, '显微镜如何操作？', '光学显微镜操作步骤：\n1. 打开显微镜电源开关\n2. 将待观察样本放置在载物台上\n3. 使用粗调旋钮调节焦距，使样本初步清晰\n4. 使用细调旋钮调节至最清晰\n5. 选择合适的目镜和物镜倍数\n6. 观察并记录结果\n7. 使用完毕后关闭电源，清理载物台', 1, 1, 2.4000000000000004, 31, '2026-04-11 19:53:54');
INSERT INTO `ai_chat_log` VALUES (102, 1, '蛋白质纯化的标准流程是什么？', '蛋白质纯化基本流程：\n1. 样品准备：细胞破碎、离心取上清\n2. 盐析初步分离\n3. 离子交换层析\n4. 凝胶过滤层析\n5. 亲和层析（如需要）\n6. 透析除盐并浓缩\n7. SDS-PAGE电泳检测纯度\n每步操作后需测定蛋白浓度和活性', 27, NULL, 3.31, 26, '2026-04-11 19:53:54');
INSERT INTO `ai_chat_log` VALUES (103, 1, '如何预约设备？', '设备预约步骤：\n1. 登录系统\n2. 进入设备列表页面\n3. 选择需要预约的设备\n4. 点击预约按钮\n5. 填写预约信息（日期、时间、实验项目等）\n6. 提交预约申请\n7. 等待审核', 7, NULL, 3.31, 27, '2026-04-11 19:53:54');
INSERT INTO `ai_chat_log` VALUES (104, 1, 'PCR实验的标准流程是什么？', 'PCR实验标准流程：\n1. 试剂配制：模板DNA、引物、酶、dNTP\n2. 反应体系配制：总体积25-50μL\n3. 设置PCR程序\n4. 运行PCR反应\n5. 琼脂糖凝胶电泳检测结果\n6. 结果分析\n注意事项：设置阴性对照和阳性对照', 29, NULL, 1.9, 30, '2026-04-11 19:53:54');
INSERT INTO `ai_chat_log` VALUES (105, 1, '光谱分析的流程是什么？', '光谱分析基本流程：\n1. 样品前处理\n2. 选择测定波长\n3. 仪器校准和基线校正\n4. 制作标准曲线\n5. 测定样品\n6. 数据处理和计算\n注意：样品需清澈无颗粒', 35, NULL, 2.7500000000000004, 32, '2026-04-11 19:53:54');
INSERT INTO `ai_chat_log` VALUES (106, 1, '凝胶电泳的实验流程？', '凝胶电泳实验流程：\n1. 配制凝胶（琼脂糖或聚丙烯酰胺）\n2. 灌胶并插好梳子\n3. 凝胶凝固后拔梳子\n4. 点样：加入DNA marker和样品\n5. 电泳：设置电压和时间\n6. 染色：EB或GelRed染色\n7. 凝胶成像观察结果\n注意：琼脂糖凝胶不要超过5%', 34, NULL, 3.31, 26, '2026-04-11 19:53:54');
INSERT INTO `ai_chat_log` VALUES (107, 1, 'DNA提取的标准步骤？', 'DNA提取标准流程：\n1. 细胞或组织破碎\n2. 加入裂解液裂解细胞\n3. 蛋白质去除（酚/氯仿法或蛋白酶K）\n4. 乙醇或异丙醇沉淀DNA\n5. 70%乙醇洗涤\n6. 晾干后溶解于TE缓冲液\n7. 检测DNA浓度和纯度\n操作时避免剧烈震荡', 33, NULL, 3.23, 23, '2026-04-11 19:53:54');
INSERT INTO `ai_chat_log` VALUES (108, 1, '遇到智能冲突检测冲突怎么办？', '水质检测标准流程：\n1. 采样：使用专用采样瓶采集水样\n2. 样品保存：根据检测项目添加保存剂\n3. 预处理：过滤、稀释等\n4. 指标测定：pH、浊度、COD、氨氮等\n5. 数据记录与分析\n6. 出具检测报告\n采样需代表性和均匀性', 30, NULL, 1.9166666666666667, 58, '2026-04-11 19:53:54');
INSERT INTO `ai_chat_log` VALUES (109, 1, '设备故障如何报修？', '设备故障报修步骤：\n1. 登录系统\n2. 进入维修管理页面\n3. 点击报修按钮\n4. 选择故障设备\n5. 详细描述故障现象\n6. 可上传故障图片\n7. 提交报修申请\n8. 等待维修人员处理', 16, NULL, 2.85, 28, '2026-04-11 19:53:54');
INSERT INTO `ai_chat_log` VALUES (110, 1, '如何预约设备？', '设备预约步骤：\n1. 登录系统\n2. 进入设备列表页面\n3. 选择需要预约的设备\n4. 点击预约按钮\n5. 填写预约信息（日期、时间、实验项目等）\n6. 提交预约申请\n7. 等待审核', 7, NULL, 3.31, 29, '2026-04-11 19:53:54');
INSERT INTO `ai_chat_log` VALUES (111, 1, '离心机如何操作？', '离心机标准操作流程：\n1. 检查离心管是否平衡，对称放置\n2. 设置转速和时间参数\n3. 关闭机盖，确保安全锁扣到位\n4. 启动离心机，等待达到设定转速\n5. 离心结束后，等待转子完全停止再开盖\n6. 小心取出样品，避免离心管破碎\n注意事项：严禁在运行时打开机盖，转子需定期保养', 18, 5, 2.75, 32, '2026-04-11 19:53:54');
INSERT INTO `ai_chat_log` VALUES (112, 1, '显微镜如何操作？', '光学显微镜操作步骤：\n1. 打开显微镜电源开关\n2. 将待观察样本放置在载物台上\n3. 使用粗调旋钮调节焦距，使样本初步清晰\n4. 使用细调旋钮调节至最清晰\n5. 选择合适的目镜和物镜倍数\n6. 观察并记录结果\n7. 使用完毕后关闭电源，清理载物台', 1, 1, 2.4000000000000004, 31, '2026-04-11 19:53:54');
INSERT INTO `ai_chat_log` VALUES (113, 1, '显微镜的基本操作步骤是什么？测试', ' <见下方>，测试，测试用例 2.3：编辑知识条目', 69, NULL, 3.216666666666667, 27, '2026-04-11 19:53:54');
INSERT INTO `ai_chat_log` VALUES (114, 1, 'HPLC色谱仪如何进行日常维护?', '⚠️ 警告：1.每次使用后清洁仪器...2,3,4,', 72, NULL, 2.8300000000000005, 33, '2026-04-11 19:53:54');
INSERT INTO `ai_chat_log` VALUES (115, 1, 'HPLC色谱仪如何进行日常维护?', '⚠️ 警告：1.每次使用后清洁仪器...2,3,4,', 72, NULL, 2.8300000000000005, 29, '2026-04-11 19:53:54');
INSERT INTO `ai_chat_log` VALUES (116, 1, '显微镜的基本操作步骤是什么？测试', ' <见下方>，测试，测试用例 2.3：编辑知识条目', 69, NULL, 3.216666666666667, 28, '2026-04-11 19:53:54');
INSERT INTO `ai_chat_log` VALUES (117, 1, 'HPLC色谱仪如何进行日常维护?', '⚠️ 警告：1.每次使用后清洁仪器...2,3,4,', 72, NULL, 2.8300000000000005, 28, '2026-04-11 19:53:54');
INSERT INTO `ai_chat_log` VALUES (118, 1, '测试', '1.测试\n2.cs', 75, 106, 3.35, 25, '2026-04-11 19:53:54');
INSERT INTO `ai_chat_log` VALUES (119, 1, 'CS', 'CS,cs,测试', 76, 106, 3.283333333333333, 20, '2026-04-11 19:53:54');
INSERT INTO `ai_chat_log` VALUES (120, 1, '光学显微镜如何操作？', '光学显微镜操作步骤：\n1. 打开显微镜电源开关\n2. 将待观察样本放置在载物台上\n3. 使用粗调旋钮调节焦距，使样本初步清晰\n4. 使用细调旋钮调节至最清晰\n5. 选择合适的目镜和物镜倍数\n6. 观察并记录结果\n7. 使用完毕后关闭电源，清理载物台', 1, 1, 3.45, 32, '2026-04-11 19:53:54');
INSERT INTO `ai_chat_log` VALUES (121, 15, '测试', '1.测试\n2.cs', 75, 106, 2.85, 288, '2026-04-11 19:53:54');
INSERT INTO `ai_chat_log` VALUES (122, 15, 'cs', 'CS,cs,测试', 76, 106, 2.783333333333333, 24, '2026-04-11 19:53:54');
INSERT INTO `ai_chat_log` VALUES (123, 1, '我想用有机溶剂直接接触皮肤', '⚠️ 警告：化学品皮肤接触处理：\n1. 立即脱去被污染衣物\n2. 用大量流动清水冲洗\n3. 冲洗时间15分钟以上\n4. 视情况使用适当中和剂\n5. 严重者立即就医\n6. 记录接触化学品信息\n注意：不要用力擦洗皮肤', 43, NULL, 1.5833333333333333, 37, '2026-04-11 19:53:54');
INSERT INTO `ai_chat_log` VALUES (124, 1, '有毒化学品如何处理？', '⚠️ 安全警告：化学品溢洒处理步骤：\n1. 立即疏散人员\n2. 穿戴防护装备\n3. 围堵溢洒区域\n4. 用适当吸收材料覆盖\n5. 小心收集废液\n6. 用清水冲洗地面\n7. 废液倒入废液桶\n注意：不要直接用手接触', 41, NULL, 2.124, 25, '2026-04-11 19:53:54');
INSERT INTO `ai_chat_log` VALUES (125, 1, '高压灭菌锅压力上不去怎么办？', '⚠️ 安全警告：高压灭菌锅压力异常排查：\n1. 检查密封圈是否完好\n2. 检查安全阀是否堵塞\n3. 检查管路是否漏气\n4. 检查压力表是否损坏\n5. 检查加水是否足够\n6. 检查电源和加热管\n注意：严禁带故障使用', 54, 22, 4.068, 30, '2026-04-11 19:53:54');
INSERT INTO `ai_chat_log` VALUES (126, 1, '教我操作HPLC', '光学显微镜操作步骤：\n1. 打开显微镜电源开关\n2. 将待观察样本放置在载物台上\n3. 使用粗调旋钮调节焦距，使样本初步清晰\n4. 使用细调旋钮调节至最清晰\n5. 选择合适的目镜和物镜倍数\n6. 观察并记录结果\n7. 使用完毕后关闭电源，清理载物台', 1, 1, 1.5, 23, '2026-04-11 19:53:54');
INSERT INTO `ai_chat_log` VALUES (127, 1, '紫外分光光度计无法自检怎么解决？', '紫外分光光度计自检失败排查：\n1. 重新开关机\n2. 检查光源灯泡是否烧坏\n3. 检查样品室是否有遮挡\n4. 检查电源连接\n5. 检查仪器温度是否过高\n6. 恢复出厂设置\n仍不能解决请联系维修', 52, 18, 3.2642857142857142, 32, '2026-04-11 19:53:54');
INSERT INTO `ai_chat_log` VALUES (128, 1, '预约被拒绝怎么办？', '如果您的预约申请被拒绝，请：\n1. 查看审核意见了解拒绝原因\n2. 根据意见修改预约信息后重新提交\n3. 如有疑问可联系实验室管理员\n4. 尝试预约其他可用时段', 15, NULL, 2.9166666666666665, 27, '2026-04-11 19:53:54');
INSERT INTO `ai_chat_log` VALUES (129, 1, '设备故障如何报修？', '设备故障报修步骤：\n1. 登录系统\n2. 进入维修管理页面\n3. 点击报修按钮\n4. 选择故障设备\n5. 详细描述故障现象\n6. 可上传故障图片\n7. 提交报修申请\n8. 等待维修人员处理', 16, NULL, 2.85, 28, '2026-04-11 19:53:54');
INSERT INTO `ai_chat_log` VALUES (130, 1, 'HPLC色谱仪如何进行日常维护?', '⚠️ 警告：1.每次使用后清洁仪器...2,3,4,', 72, NULL, 2.33, 46, '2026-04-11 19:53:54');
INSERT INTO `ai_chat_log` VALUES (131, 1, '光谱仪如何校准？', '电子天平校准流程：\n1. 确保天平放置在平稳、无振动的台面\n2. 预热30分钟以上\n3. 按下CAL键进入校准模式\n4. 放置标准砝码或使用内置砝码\n5. 等待校准完成，显示零点\n6. 校准后可进行称量操作\n注意事项：称量时避免震动和气流影响', 21, 15, 1.53, 27, '2026-04-11 19:53:54');
INSERT INTO `ai_chat_log` VALUES (132, 1, '这个步骤需要注意什么？', '⚠️ 警告：重要安全提醒：\n1. 样品必须对称放置\n2. 离心管必须盖紧，防止样品泄漏\n3. 切勿在离心机运行时打开机盖\n4. 如有异常震动或噪音，立即停止并报修', 8, NULL, 1.428, 26, '2026-04-11 19:53:54');
INSERT INTO `ai_chat_log` VALUES (133, 1, '设备无法开机怎么办？', '设备故障处理流程：\n1. 立即停止使用设备\n2. 记录故障现象和发生时间\n3. 在系统中提交故障报修\n4. 保护现场，不擅自拆卸\n5. 等待维修人员处理\n6. 如影响实验可申请设备替换\n紧急情况请联系管理员', 61, NULL, 1.5214285714285716, 30, '2026-04-11 19:53:54');
INSERT INTO `ai_chat_log` VALUES (134, 1, '我想用高压气体检查漏气', '⚠️ 安全警告：高压容器安全使用规范：\n1. 定期检验压力容器\n2. 禁止碰撞和敲击\n3. 远离热源和易燃物\n4. 使用专用减压阀\n5. 检查管路连接是否漏气\n6. 带压时禁止拆卸\n7. 气瓶要固定放置\n注意：高压灭菌锅、高压气瓶等', 39, NULL, 1.7160000000000002, 28, '2026-04-11 19:53:54');
INSERT INTO `ai_chat_log` VALUES (135, 19, '擦擦', '⚠️ 警告：1.菜市场上厕所2.菜市场3.大声道', 77, 2, 0.8, 260, '2026-04-11 19:53:54');
INSERT INTO `ai_chat_log` VALUES (136, 19, '厕所', '⚠️ 警告：1.菜市场上厕所2.菜市场3.大声道', 77, 2, 0.4833333333333333, 26, '2026-04-11 19:53:54');
INSERT INTO `ai_chat_log` VALUES (137, 19, '道', '抱歉，我无法理解您的问题。请尝试以下方式：\n1. 使用更简洁的关键词描述（如：设备名称+操作类型）\n2. 查看设备操作手册\n3. 联系实验室管理员\n4. 拨打设备维护热线', NULL, NULL, 0, 23, '2026-04-11 19:53:54');
INSERT INTO `ai_chat_log` VALUES (138, 19, '大声', '⚠️ 警告：1.菜市场上厕所2.菜市场3.大声道', 77, 2, 0.4833333333333333, 27, '2026-04-11 19:53:54');
INSERT INTO `ai_chat_log` VALUES (139, 2, '光、', '分光光度计操作步骤：\n1. 打开仪器电源，预热30分钟\n2. 设置测量波长\n3. 用空白溶液调零\n4. 放入样品溶液\n5. 读取吸光度或透光率\n6. 测量完毕后清洗比色皿', 4, 18, 0.6, 20, '2026-04-11 19:53:54');
INSERT INTO `ai_chat_log` VALUES (140, 2, '显', '光学显微镜操作步骤：\n1. 打开显微镜电源开关\n2. 将待观察样本放置在载物台上\n3. 使用粗调旋钮调节焦距，使样本初步清晰\n4. 使用细调旋钮调节至最清晰\n5. 选择合适的目镜和物镜倍数\n6. 观察并记录结果\n7. 使用完毕后关闭电源，清理载物台', 1, 1, 0.85, 80, '2026-04-11 19:53:54');
INSERT INTO `ai_chat_log` VALUES (141, 2, '如何取消预约？', '取消预约步骤：\n1. 登录系统\n2. 进入我的预约页面\n3. 找到需要取消的预约记录\n4. 点击取消按钮\n5. 选择取消原因\n6. 确认取消\n\n注意：请至少提前2小时取消，以便其他用户预约。', 14, NULL, 2.85, 20, '2026-04-11 19:53:54');
INSERT INTO `ai_chat_log` VALUES (142, 2, '离心机报警怎么办？', '离心机常见报警及处理：\n1. 不平衡报警 - 检查样品是否对称放置\n2. 超速报警 - 降低转速设置\n3. 门未关紧报警 - 重新关闭机盖\n4. 温度异常报警 - 检查制冷系统\n如问题持续，请立即停止使用并联系报修。', 12, 8, 3.35, 22, '2026-04-11 19:53:54');
INSERT INTO `ai_chat_log` VALUES (143, 2, '使用高温设备注意什么', '⚠️ 警告：高温设备表面温度极高，触碰可能造成烫伤。请佩戴隔热手套。', 71, NULL, 2.7800000000000002, 25, '2026-04-11 19:53:54');
INSERT INTO `ai_chat_log` VALUES (144, 2, '使用高温设备注意什么', '⚠️ 警告：高温设备表面温度极高，触碰可能造成烫伤。请佩戴隔热手套。', 71, NULL, 2.7800000000000002, 26, '2026-04-11 19:53:54');
INSERT INTO `ai_chat_log` VALUES (145, 2, '化学品溢洒如何处理？', '⚠️ 警告：化学品溢洒处理步骤：\n1. 立即疏散人员\n2. 穿戴防护装备\n3. 围堵溢洒区域\n4. 用适当吸收材料覆盖\n5. 小心收集废液\n6. 用清水冲洗地面\n7. 废液倒入废液桶\n注意：不要直接用手接触', 41, NULL, 3.4699999999999998, 29, '2026-04-11 19:53:54');
INSERT INTO `ai_chat_log` VALUES (146, 2, '离心机如何操作？', '离心机标准操作流程：\n1. 检查离心管是否平衡，对称放置\n2. 设置转速和时间参数\n3. 关闭机盖，确保安全锁扣到位\n4. 启动离心机，等待达到设定转速\n5. 离心结束后，等待转子完全停止再开盖\n6. 小心取出样品，避免离心管破碎\n注意事项：严禁在运行时打开机盖，转子需定期保养', 18, 5, 2.75, 321, '2026-04-11 19:53:54');
INSERT INTO `ai_chat_log` VALUES (147, 2, '遇到智能冲突检测冲突怎么办？', '预约冲突解决方法：\n1. 系统会自动检测时间冲突\n2. 如有冲突可选择其他时间\n3. 可查看推荐的可替代设备\n4. 如需帮助联系管理员\n5. 避免同一时段重复预约\n建议提前规划实验时间', 59, NULL, 1.5833333333333333, 24, '2026-04-11 19:53:54');
INSERT INTO `ai_chat_log` VALUES (148, 2, 'cs', 'CS,cs,测试', 76, 106, 2.783333333333333, 18, '2026-04-11 19:53:54');
INSERT INTO `ai_chat_log` VALUES (149, 1, '离心机如何操作？', '离心机标准操作流程：\n1. 检查离心管是否平衡，对称放置\n2. 设置转速和时间参数\n3. 关闭机盖，确保安全锁扣到位\n4. 启动离心机，等待达到设定转速\n5. 离心结束后，等待转子完全停止再开盖\n6. 小心取出样品，避免离心管破碎\n注意事项：严禁在运行时打开机盖，转子需定期保养', 18, 5, 3.25, 273, '2026-04-11 19:53:54');
INSERT INTO `ai_chat_log` VALUES (150, 9, '如何操作显微镜？', '光学显微镜操作步骤：\n1. 打开显微镜电源开关\n2. 将待观察样本放置在载物台上\n3. 使用粗调旋钮调节焦距，使样本初步清晰\n4. 使用细调旋钮调节至最清晰\n5. 选择合适的目镜和物镜倍数\n6. 观察并记录结果\n7. 使用完毕后关闭电源，清理载物台', 1, 1, 1.9, 286, '2026-04-11 19:53:54');
INSERT INTO `ai_chat_log` VALUES (151, 4, '如何操作显微镜？', '光学显微镜操作步骤：\n1. 打开显微镜电源开关\n2. 将待观察样本放置在载物台上\n3. 使用粗调旋钮调节焦距，使样本初步清晰\n4. 使用细调旋钮调节至最清晰\n5. 选择合适的目镜和物镜倍数\n6. 观察并记录结果\n7. 使用完毕后关闭电源，清理载物台', 1, 1, 1.9, 228, '2026-04-11 19:53:54');
INSERT INTO `ai_chat_log` VALUES (152, 19, '擦擦擦', '⚠️ 警告：1.菜市场上厕所2.菜市场3.大声道', 77, 2, 1.9, 276, '2026-04-11 19:53:54');
INSERT INTO `ai_chat_log` VALUES (153, 19, '如何预约设备？', '设备预约步骤：\n1. 登录系统\n2. 进入设备列表页面\n3. 选择需要预约的设备\n4. 点击预约按钮\n5. 填写预约信息（日期、时间、实验项目等）\n6. 提交预约申请\n7. 等待审核', 7, NULL, 3.31, 40, '2026-04-11 19:53:54');
INSERT INTO `ai_chat_log` VALUES (154, 19, '蛋白质纯化的标准流程是什么？', '蛋白质纯化基本流程：\n1. 样品准备：细胞破碎、离心取上清\n2. 盐析初步分离\n3. 离子交换层析\n4. 凝胶过滤层析\n5. 亲和层析（如需要）\n6. 透析除盐并浓缩\n7. SDS-PAGE电泳检测纯度\n每步操作后需测定蛋白浓度和活性', 27, NULL, 3.31, 29, '2026-04-11 19:53:54');
INSERT INTO `ai_chat_log` VALUES (155, 1, 'cc', '抱歉，我无法理解您的问题。请尝试以下方式：\n1. 使用更简洁的关键词描述（如：设备名称+操作类型）\n2. 查看设备操作手册\n3. 联系实验室管理员\n4. 拨打设备维护热线', NULL, NULL, 0, 447, '2026-04-11 20:16:26');
INSERT INTO `ai_chat_log` VALUES (156, 1, '123', '抱歉，我无法理解您的问题。请尝试以下方式：\n1. 使用更简洁的关键词描述（如：设备名称+操作类型）\n2. 查看设备操作手册\n3. 联系实验室管理员\n4. 拨打设备维护热线', NULL, NULL, 0, 23, '2026-04-11 20:16:29');
INSERT INTO `ai_chat_log` VALUES (157, 1, '2', 'CO2培养箱操作步骤：\n1. 打开电源开关\n2. 设置温度（通常37°C）和CO2浓度（通常5%）\n3. 等待温度和CO2浓度稳定\n4. 将培养皿或培养瓶放入箱内\n5. 关闭箱门\n6. 定期观察细胞生长状态\n7. 使用完毕后记录培养情况', 5, 21, 0.5, 25, '2026-04-11 20:16:31');
INSERT INTO `ai_chat_log` VALUES (158, 9, '光学显微镜如何操作？', '光学显微镜操作步骤：\n1. 打开显微镜电源开关\n2. 将待观察样本放置在载物台上\n3. 使用粗调旋钮调节焦距，使样本初步清晰\n4. 使用细调旋钮调节至最清晰\n5. 选择合适的目镜和物镜倍数\n6. 观察并记录结果\n7. 使用完毕后关闭电源，清理载物台', 1, 1, 3.45, 21, '2026-04-16 03:13:13');
INSERT INTO `ai_chat_log` VALUES (159, 9, '光学显微镜如何使用？', '光学显微镜操作步骤：\n1. 打开显微镜电源，调至最低倍镜\n2. 将待观察标本放置于载物台上\n3. 使用粗调旋钮下降载物台至标本接近物镜\n4. 从目镜观察，同时缓慢上升载物台直至图像清晰\n5. 切换至高倍镜时只需微调细调旋钮\n6. 观察结束后先将载物台降至最低，关闭电源\n注意事项：不可用手直接擦拭镜头，使用专用镜头纸', 17, 1, 3.35, 11, '2026-04-16 03:13:14');
INSERT INTO `ai_chat_log` VALUES (160, 9, '电子天平使用前如何校准？', '电子天平校准流程：\n1. 确保天平放置在平稳、无振动的台面\n2. 预热30分钟以上\n3. 按下CAL键进入校准模式\n4. 放置标准砝码或使用内置砝码\n5. 等待校准完成，显示零点\n6. 校准后可进行称量操作\n注意事项：称量时避免震动和气流影响', 21, 15, 3.283333333333333, 9, '2026-04-16 03:13:15');
INSERT INTO `ai_chat_log` VALUES (161, 9, 'CO2培养箱如何使用？', 'CO2培养箱操作步骤：\n1. 打开电源开关\n2. 设置温度（通常37°C）和CO2浓度（通常5%）\n3. 等待温度和CO2浓度稳定\n4. 将培养皿或培养瓶放入箱内\n5. 关闭箱门\n6. 定期观察细胞生长状态\n7. 使用完毕后记录培养情况', 5, 21, 2.8833333333333337, 8, '2026-04-16 03:13:16');
INSERT INTO `ai_chat_log` VALUES (162, 9, '电子天平使用前如何校准？', '电子天平校准流程：\n1. 确保天平放置在平稳、无振动的台面\n2. 预热30分钟以上\n3. 按下CAL键进入校准模式\n4. 放置标准砝码或使用内置砝码\n5. 等待校准完成，显示零点\n6. 校准后可进行称量操作\n注意事项：称量时避免震动和气流影响', 21, 15, 3.283333333333333, 10, '2026-04-16 03:13:17');
INSERT INTO `ai_chat_log` VALUES (163, 9, 'PCR仪如何设置扩增程序？', 'PCR仪程序设置步骤：\n1. 打开仪器软件，新建程序\n2. 设置初始变性温度和时间（如94℃ 5min）\n3. 设置循环参数（变性94℃ 30s，退火55℃ 30s，延伸72℃ 1min）\n4. 设置循环次数（一般25-35次）\n5. 最后延伸72℃ 10min\n6. 保存程序并运行\n注意事项：试剂配制时注意避免污染', 23, 21, 3.216666666666667, 8, '2026-04-16 03:13:18');
INSERT INTO `ai_chat_log` VALUES (164, 9, '高压灭菌锅如何安全操作？', '⚠️ 安全警告：高压灭菌锅安全操作规程：\n1. 检查水位是否正常\n2. 放入待灭菌物品，不要过满\n3. 盖紧锅盖，拧紧安全螺栓\n4. 设置灭菌温度和时间（121℃ 20min）\n5. 等待压力降至零后再开盖\n6. 让物品自然冷却后取出\n注意事项：严禁带压开盖，定期检查安全阀', 24, 22, 4.02, 9, '2026-04-16 03:13:20');
INSERT INTO `ai_chat_log` VALUES (165, 9, '不戴护目镜操作离心机', '高速离心机操作步骤：\n1. 检查离心机是否平稳放置\n2. 打开机盖，将样品对称放置在转子中\n3. 确保样品管已盖紧且重量相等\n4. 关闭机盖，确保锁紧\n5. 设置转速和时间\n6. 按启动键开始离心\n7. 离心完成后等待完全停止再打开机盖', 2, 8, 2.25, 11, '2026-04-16 03:15:27');
INSERT INTO `ai_chat_log` VALUES (166, 1, '光学显微镜OM-2000如何操作？', '光学显微镜操作步骤：\n1. 打开显微镜电源开关\n2. 将待观察样本放置在载物台上\n3. 使用粗调旋钮调节焦距，使样本初步清晰\n4. 使用细调旋钮调节至最清晰\n5. 选择合适的目镜和物镜倍数\n6. 观察并记录结果\n7. 使用完毕后关闭电源，清理载物台', 1, 1, 3.35, 6, '2026-04-16 03:16:33');
INSERT INTO `ai_chat_log` VALUES (167, 1, '光学显微镜OM-2000如何操作？', '光学显微镜操作步骤：\n1. 打开显微镜电源开关\n2. 将待观察样本放置在载物台上\n3. 使用粗调旋钮调节焦距，使样本初步清晰\n4. 使用细调旋钮调节至最清晰\n5. 选择合适的目镜和物镜倍数\n6. 观察并记录结果\n7. 使用完毕后关闭电源，清理载物台', 1, 1, 3.35, 5, '2026-04-16 03:18:12');
INSERT INTO `ai_chat_log` VALUES (168, 1, '光学显微镜OM-2000如何操作？', '光学显微镜操作步骤：\n1. 打开显微镜电源开关\n2. 将待观察样本放置在载物台上\n3. 使用粗调旋钮调节焦距，使样本初步清晰\n4. 使用细调旋钮调节至最清晰\n5. 选择合适的目镜和物镜倍数\n6. 观察并记录结果\n7. 使用完毕后关闭电源，清理载物台', 1, 1, 3.35, 7, '2026-04-16 03:18:19');
INSERT INTO `ai_chat_log` VALUES (169, 1, '倒置显微镜如何操作？', '倒置显微镜操作步骤：\n1. 打开显微镜电源开关\n2. 将细胞培养皿放置在载物台上\n3. 使用粗调旋钮调节焦距，使样本初步清晰\n4. 使用细调旋钮调节至最清晰\n5. 选择合适的物镜倍数\n6. 观察并记录细胞生长状态\n7. 使用完毕后关闭电源，清理载物台', 2, 113, 3.3899999999999997, 7, '2026-04-16 03:18:20');
INSERT INTO `ai_chat_log` VALUES (170, 1, '二氧化碳培养箱如何使用？', '二氧化碳培养箱操作步骤：\n1. 打开电源开关\n2. 设置温度（通常37°C）和CO2浓度（通常5%）\n3. 等待温度和CO2浓度稳定\n4. 将培养皿或培养瓶放入箱内\n5. 关闭箱门\n6. 定期观察细胞生长状态\n7. 使用完毕后记录培养情况', 3, 114, 2.8833333333333337, 5, '2026-04-16 03:18:21');
INSERT INTO `ai_chat_log` VALUES (171, 1, '数字示波器如何操作？', '数字示波器操作步骤：\n1. 打开示波器电源，预热5分钟\n2. 连接测试探头到信号源\n3. 设置垂直灵敏度和水平扫描时间\n4. 调整触发模式和电平\n5. 观察波形，调整波形位置和大小\n6. 使用测量功能测量电压、频率等参数\n7. 保存波形数据（如需）\n8. 关闭示波器电源', 6, 117, 3.31, 6, '2026-04-16 03:18:22');
INSERT INTO `ai_chat_log` VALUES (172, 1, '显微镜如何操作？', '显微镜操作步骤：\n1. 打开显微镜电源开关\n2. 将待观察标本放置在载物台上\n3. 使用粗调旋钮调节焦距，使标本初步清晰\n4. 使用细调旋钮调节至最清晰\n5. 选择合适的目镜和物镜倍数\n6. 观察并记录结果\n7. 使用完毕后关闭电源，清理载物台', 8, 119, 3.35, 4, '2026-04-16 03:18:23');
INSERT INTO `ai_chat_log` VALUES (173, 9, '不戴护目镜操作离心机', '⚠️ 警告：高速离心机操作步骤：\n1. 检查离心机是否平稳放置\n2. 打开机盖，将样品对称放置在转子中\n3. 确保样品管已盖紧且重量相等\n4. 关闭机盖，确保锁紧\n5. 设置转速和时间\n6. 按启动键开始离心\n7. 离心完成后等待完全停止再打开机盖\n8. 小心取出样品，避免离心管破碎', 4, 115, 2.25, 8, '2026-04-16 03:18:54');
INSERT INTO `ai_chat_log` VALUES (174, 9, '我想用有机溶剂直接接触皮肤', '光学显微镜操作步骤：\n1. 打开显微镜电源开关\n2. 将待观察样本放置在载物台上\n3. 使用粗调旋钮调节焦距，使样本初步清晰\n4. 使用细调旋钮调节至最清晰\n5. 选择合适的目镜和物镜倍数\n6. 观察并记录结果\n7. 使用完毕后关闭电源，清理载物台', 1, 1, 0.5, 32, '2026-04-16 03:19:07');
INSERT INTO `ai_chat_log` VALUES (175, 9, '设备无法开机怎么办？', '光学显微镜操作步骤：\n1. 打开显微镜电源开关\n2. 将待观察样本放置在载物台上\n3. 使用粗调旋钮调节焦距，使样本初步清晰\n4. 使用细调旋钮调节至最清晰\n5. 选择合适的目镜和物镜倍数\n6. 观察并记录结果\n7. 使用完毕后关闭电源，清理载物台', 1, 1, 0.5, 7, '2026-04-16 03:19:17');
INSERT INTO `ai_chat_log` VALUES (176, 9, '这个步骤需要注意什么？', '⚠️ 警告：高速离心机操作步骤：\n1. 检查离心机是否平稳放置\n2. 打开机盖，将样品对称放置在转子中\n3. 确保样品管已盖紧且重量相等\n4. 关闭机盖，确保锁紧\n5. 设置转速和时间\n6. 按启动键开始离心\n7. 离心完成后等待完全停止再打开机盖\n8. 小心取出样品，避免离心管破碎', 4, 115, 0.6, 6, '2026-04-16 03:19:26');
INSERT INTO `ai_chat_log` VALUES (177, 9, '显微镜如何校准？', '显微镜操作步骤：\n1. 打开显微镜电源开关\n2. 将待观察标本放置在载物台上\n3. 使用粗调旋钮调节焦距，使标本初步清晰\n4. 使用细调旋钮调节至最清晰\n5. 选择合适的目镜和物镜倍数\n6. 观察并记录结果\n7. 使用完毕后关闭电源，清理载物台', 8, 119, 2.25, 5, '2026-04-16 03:20:21');
INSERT INTO `ai_chat_log` VALUES (178, 9, '不戴护目镜操作离心机', '⚠️ 警告：高速离心机操作步骤：\n1. 检查离心机是否平稳放置\n2. 打开机盖，将样品对称放置在转子中\n3. 确保样品管已盖紧且重量相等\n4. 关闭机盖，确保锁紧\n5. 设置转速和时间\n6. 按启动键开始离心\n7. 离心完成后等待完全停止再打开机盖\n8. 小心取出样品，避免离心管破碎', 4, 115, 2.25, 7, '2026-04-16 03:25:36');
INSERT INTO `ai_chat_log` VALUES (179, 9, '我想用有机溶剂直接接触皮肤', '⚠️ 警告：⚠️ 绝对不可以！有机溶剂直接接触皮肤的危害：\n\n1. 大多数有机溶剂可通过皮肤吸收导致中毒\n2. 可能引起皮肤过敏红肿化学灼伤\n3. 部分溶剂具有致癌风险\n4. 长期接触可能导致神经系统损伤\n\n正确做法：\n- 必须佩戴耐化学腐蚀手套\n- 在通风橱内操作\n- 皮肤接触后立即用大量清水冲洗15分钟\n- 如有不适立即就医', 16, NULL, 1.8785714285714286, 10, '2026-04-16 03:30:15');
INSERT INTO `ai_chat_log` VALUES (180, 9, '不戴护目镜操作离心机', '⚠️ 警告：🚨 危险！不戴护目镜操作离心机的严重后果：\n\n1. 离心过程中试管破裂可能导致玻璃碎片飞溅\n2. 化学品泄漏可能溅入眼睛造成失明\n3. 样品气溶胶可能携带病原微生物\n4. 高速旋转产生的气溶胶可被吸入肺部\n\n强制要求：\n- 操作离心机必须佩戴护目镜\n- 建议同时佩戴防护面罩\n- 生物危害样品需在生物安全柜内操作\n- 发生眼部异物立即用洗眼器冲洗并就医', 17, 8, 2.3633333333333333, 9, '2026-04-16 03:30:26');
INSERT INTO `ai_chat_log` VALUES (181, 9, '设备无法开机怎么办？', '设备无法开机故障排查步骤：\n1. 检查电源插头是否插紧插座是否有电\n2. 检查电源开关是否处于开启位置\n3. 检查保险丝是否熔断必要时更换同规格保险丝\n4. 检查设备电源线是否损坏或断裂\n5. 尝试重启设备关闭后等待30秒再开启\n6. 查看设备显示屏是否有错误代码提示\n7. 参考说明书对照错误代码查找原因\n8. 如以上方法无效请联系设备维护人员报修', 15, NULL, 2.3642857142857143, 8, '2026-04-16 03:31:24');
INSERT INTO `ai_chat_log` VALUES (182, 9, '这个步骤需要注意什么？', '实验室通用安全注意事项：\n1. 操作前必须仔细阅读设备操作手册\n2. 检查设备是否正常工作有无异常\n3. 确保个人防护装备佩戴齐全\n4. 了解紧急停止按钮和急救设备位置\n5. 操作时保持专注不要离开岗位\n6. 发现异常立即停止并报告\n7. 操作后清理工作区域妥善处理废弃物\n8. 认真填写使用记录', 14, NULL, 2.6999999999999997, 6, '2026-04-16 03:31:42');
INSERT INTO `ai_chat_log` VALUES (183, 9, '显微镜如何校准？', '显微镜校准操作步骤：\n1. 打开显微镜电源开关，预热5分钟\n2. 清洁物镜和目镜镜头表面\n3. 将载物台降至最低位置\n4. 选择10倍低倍物镜\n5. 放置标准玻片标本\n6. 调节粗调旋钮使图像清晰\n7. 切换到目标倍率物镜重新对焦\n8. 校准完成后记录参数', 12, 1, 2.81, 8, '2026-04-16 03:31:53');
INSERT INTO `ai_chat_log` VALUES (184, 9, '这个步骤需要注意什么？', '实验室通用安全注意事项：\n1. 操作前必须仔细阅读设备操作手册\n2. 检查设备是否正常工作有无异常\n3. 确保个人防护装备佩戴齐全\n4. 了解紧急停止按钮和急救设备位置\n5. 操作时保持专注不要离开岗位\n6. 发现异常立即停止并报告\n7. 操作后清理工作区域妥善处理废弃物\n8. 认真填写使用记录', 14, NULL, 2.6999999999999997, 9, '2026-04-16 03:32:00');
INSERT INTO `ai_chat_log` VALUES (185, 1, '高压设备有什么危险？', '⚠️ 安全警告：🚨 危险！不戴护目镜操作离心机的严重后果：\n\n1. 离心过程中试管破裂可能导致玻璃碎片飞溅\n2. 化学品泄漏可能溅入眼睛造成失明\n3. 样品气溶胶可能携带病原微生物\n4. 高速旋转产生的气溶胶可被吸入肺部\n\n强制要求：\n- 操作离心机必须佩戴护目镜\n- 建议同时佩戴防护面罩\n- 生物危害样品需在生物安全柜内操作\n- 发生眼部异物立即用洗眼器冲洗并就医', 17, 8, 1.5799999999999998, 409, '2026-04-19 20:05:50');
INSERT INTO `ai_chat_log` VALUES (186, 1, '有毒化学品如何处理？', '⚠️ 安全警告：检测到您的问题可能涉及危险操作！\n\n建议您：\n1. 立即停止当前操作\n2. 远离危险区域\n3. 立即联系实验室管理人员\n4. 如有紧急情况请拨打校园报警电话\n\n如需了解安全操作规范，请联系管理员添加相关知识。', NULL, NULL, 0, 13, '2026-04-19 20:05:53');
INSERT INTO `ai_chat_log` VALUES (187, 1, '可以用手直接接触有机溶剂吗？', '⚠️ 警告：⚠️ 绝对不可以！有机溶剂直接接触皮肤的危害：\n\n1. 大多数有机溶剂可通过皮肤吸收导致中毒\n2. 可能引起皮肤过敏红肿化学灼伤\n3. 部分溶剂具有致癌风险\n4. 长期接触可能导致神经系统损伤\n\n正确做法：\n- 必须佩戴耐化学腐蚀手套\n- 在通风橱内操作\n- 皮肤接触后立即用大量清水冲洗15分钟\n- 如有不适立即就医', 16, NULL, 3.321428571428571, 9, '2026-04-19 20:05:56');
INSERT INTO `ai_chat_log` VALUES (188, 1, '如何预约设备？', '抱歉，我无法理解您的问题。请尝试以下方式：\n1. 使用更简洁的关键词描述（如：设备名称+操作类型）\n2. 查看设备操作手册\n3. 联系实验室管理员\n4. 拨打设备维护热线', NULL, NULL, 0, 141, '2026-04-20 00:33:49');
INSERT INTO `ai_chat_log` VALUES (189, 1, '离心机如何操作？', '⚠️ 警告：高速离心机操作步骤：\n1. 检查离心机是否平稳放置\n2. 打开机盖，将样品对称放置在转子中\n3. 确保样品管已盖紧且重量相等\n4. 关闭机盖，确保锁紧\n5. 设置转速和时间\n6. 按启动键开始离心\n7. 离心完成后等待完全停止再打开机盖\n8. 小心取出样品，避免离心管破碎', 4, 115, 2.4000000000000004, 12, '2026-04-20 00:33:52');
INSERT INTO `ai_chat_log` VALUES (190, 1, '设备故障如何报修？', '设备无法开机故障排查步骤：\n1. 检查电源插头是否插紧插座是否有电\n2. 检查电源开关是否处于开启位置\n3. 检查保险丝是否熔断必要时更换同规格保险丝\n4. 检查设备电源线是否损坏或断裂\n5. 尝试重启设备关闭后等待30秒再开启\n6. 查看设备显示屏是否有错误代码提示\n7. 参考说明书对照错误代码查找原因\n8. 如以上方法无效请联系设备维护人员报修', 15, NULL, 1.5142857142857142, 18, '2026-04-20 00:33:58');
INSERT INTO `ai_chat_log` VALUES (191, 1, '遇到智能冲突检测冲突怎么办？', '抱歉，我无法理解您的问题。请尝试以下方式：\n1. 使用更简洁的关键词描述（如：设备名称+操作类型）\n2. 查看设备操作手册\n3. 联系实验室管理员\n4. 拨打设备维护热线', NULL, NULL, 0, 16, '2026-04-20 00:34:00');
INSERT INTO `ai_chat_log` VALUES (192, 13, '设备故障如何报修？', '设备无法开机故障排查步骤：\n1. 检查电源插头是否插紧插座是否有电\n2. 检查电源开关是否处于开启位置\n3. 检查保险丝是否熔断必要时更换同规格保险丝\n4. 检查设备电源线是否损坏或断裂\n5. 尝试重启设备关闭后等待30秒再开启\n6. 查看设备显示屏是否有错误代码提示\n7. 参考说明书对照错误代码查找原因\n8. 如以上方法无效请联系设备维护人员报修', 15, NULL, 1.5142857142857142, 229, '2026-04-20 00:35:23');
INSERT INTO `ai_chat_log` VALUES (193, 13, '信号发生器如何操作？', '信号发生器操作步骤：\n1. 打开信号发生器电源\n2. 选择信号类型（正弦波、方波等）\n3. 设置信号频率\n4. 设置信号 amplitude\n5. 连接输出到测试电路\n6. 开启信号输出\n7. 调整参数直到获得所需信号\n8. 测试完成后关闭输出，关闭电源', 9, 120, 2.8833333333333337, 15, '2026-04-20 00:35:35');
INSERT INTO `ai_chat_log` VALUES (194, 1, '数字示波器如何操作？', '数字示波器操作步骤：\n1. 打开示波器电源，预热5分钟\n2. 连接测试探头到信号源\n3. 设置垂直灵敏度和水平扫描时间\n4. 调整触发模式和电平\n5. 观察波形，调整波形位置和大小\n6. 使用测量功能测量电压、频率等参数\n7. 保存波形数据（如需）\n8. 关闭示波器电源', 6, 117, 3.31, 220, '2026-04-22 18:56:05');
INSERT INTO `ai_chat_log` VALUES (195, 1, '数字示波器温度有点高', '数字示波器操作步骤：\n1. 打开示波器电源，预热5分钟\n2. 连接测试探头到信号源\n3. 设置垂直灵敏度和水平扫描时间\n4. 调整触发模式和电平\n5. 观察波形，调整波形位置和大小\n6. 使用测量功能测量电压、频率等参数\n7. 保存波形数据（如需）\n8. 关闭示波器电源', 6, 117, 2.15, 12, '2026-04-22 18:56:20');
INSERT INTO `ai_chat_log` VALUES (196, 1, '数字示波器出现高温', '数字示波器操作步骤：\n1. 打开示波器电源，预热5分钟\n2. 连接测试探头到信号源\n3. 设置垂直灵敏度和水平扫描时间\n4. 调整触发模式和电平\n5. 观察波形，调整波形位置和大小\n6. 使用测量功能测量电压、频率等参数\n7. 保存波形数据（如需）\n8. 关闭示波器电源', 6, 117, 2.21, 6, '2026-04-22 18:56:31');
INSERT INTO `ai_chat_log` VALUES (197, 1, '倒置显微镜如何操作？', '倒置显微镜操作步骤：\n1. 打开显微镜电源开关\n2. 将细胞培养皿放置在载物台上\n3. 使用粗调旋钮调节焦距，使样本初步清晰\n4. 使用细调旋钮调节至最清晰\n5. 选择合适的物镜倍数\n6. 观察并记录细胞生长状态\n7. 使用完毕后关闭电源，清理载物台', 2, 113, 3.3899999999999997, 8, '2026-04-22 18:56:39');
INSERT INTO `ai_chat_log` VALUES (198, 1, '二氧化碳培养箱如何使用？', '二氧化碳培养箱操作步骤：\n1. 打开电源开关\n2. 设置温度（通常37°C）和CO2浓度（通常5%）\n3. 等待温度和CO2浓度稳定\n4. 将培养皿或培养瓶放入箱内\n5. 关闭箱门\n6. 定期观察细胞生长状态\n7. 使用完毕后记录培养情况', 3, 114, 2.8833333333333337, 5, '2026-04-22 18:56:40');
INSERT INTO `ai_chat_log` VALUES (199, 1, '高速离心机如何操作？', '⚠️ 警告：高速离心机操作步骤：\n1. 检查离心机是否平稳放置\n2. 打开机盖，将样品对称放置在转子中\n3. 确保样品管已盖紧且重量相等\n4. 关闭机盖，确保锁紧\n5. 设置转速和时间\n6. 按启动键开始离心\n7. 离心完成后等待完全停止再打开机盖\n8. 小心取出样品，避免离心管破碎', 4, 115, 3.45, 4, '2026-04-22 18:56:42');
INSERT INTO `ai_chat_log` VALUES (200, 1, '有毒化学品如何处理？', '⚠️ 安全警告：检测到您的问题可能涉及危险操作！\n\n建议您：\n1. 立即停止当前操作\n2. 远离危险区域\n3. 立即联系实验室管理人员\n4. 如有紧急情况请拨打校园报警电话\n\n如需了解安全操作规范，请联系管理员添加相关知识。', NULL, NULL, 0, 16, '2026-04-22 19:07:22');
INSERT INTO `ai_chat_log` VALUES (201, 1, '凝胶电泳的实验流程？有毒化学品如何处理？', '实验室通用安全注意事项：\n1. 操作前必须仔细阅读设备操作手册\n2. 检查设备是否正常工作有无异常\n3. 确保个人防护装备佩戴齐全\n4. 了解紧急停止按钮和急救设备位置\n5. 操作时保持专注不要离开岗位\n6. 发现异常立即停止并报告\n7. 操作后清理工作区域妥善处理废弃物\n8. 认真填写使用记录', 14, NULL, 0.35, 10, '2026-04-22 19:07:38');
INSERT INTO `ai_chat_log` VALUES (202, 1, '可以用手直接接触有机溶剂吗？', '⚠️ 警告：⚠️ 绝对不可以！有机溶剂直接接触皮肤的危害：\n\n1. 大多数有机溶剂可通过皮肤吸收导致中毒\n2. 可能引起皮肤过敏红肿化学灼伤\n3. 部分溶剂具有致癌风险\n4. 长期接触可能导致神经系统损伤\n\n正确做法：\n- 必须佩戴耐化学腐蚀手套\n- 在通风橱内操作\n- 皮肤接触后立即用大量清水冲洗15分钟\n- 如有不适立即就医', 16, NULL, 3.321428571428571, 4, '2026-04-22 19:07:54');
INSERT INTO `ai_chat_log` VALUES (203, 1, '设备无法开机怎么办？', '设备无法开机故障排查步骤：\n1. 检查电源插头是否插紧插座是否有电\n2. 检查电源开关是否处于开启位置\n3. 检查保险丝是否熔断必要时更换同规格保险丝\n4. 检查设备电源线是否损坏或断裂\n5. 尝试重启设备关闭后等待30秒再开启\n6. 查看设备显示屏是否有错误代码提示\n7. 参考说明书对照错误代码查找原因\n8. 如以上方法无效请联系设备维护人员报修', 15, NULL, 2.8642857142857148, 6, '2026-04-22 19:07:59');
INSERT INTO `ai_chat_log` VALUES (204, 1, '显微镜如何校准？', '显微镜校准操作步骤：\n1. 打开显微镜电源开关，预热5分钟\n2. 清洁物镜和目镜镜头表面\n3. 将载物台降至最低位置\n4. 选择10倍低倍物镜\n5. 放置标准玻片标本\n6. 调节粗调旋钮使图像清晰\n7. 切换到目标倍率物镜重新对焦\n8. 校准完成后记录参数', 12, 1, 3.31, 4, '2026-04-22 19:08:06');
INSERT INTO `ai_chat_log` VALUES (205, 1, '数字示波器如何操作？', '数字示波器操作步骤：\n1. 打开示波器电源，预热5分钟\n2. 连接测试探头到信号源\n3. 设置垂直灵敏度和水平扫描时间\n4. 调整触发模式和电平\n5. 观察波形，调整波形位置和大小\n6. 使用测量功能测量电压、频率等参数\n7. 保存波形数据（如需）\n8. 关闭示波器电源', 6, 117, 3.31, 5, '2026-04-22 19:08:08');
INSERT INTO `ai_chat_log` VALUES (206, 1, '高效液相色谱仪如何操作？', '高效液相色谱仪操作步骤：\n1. 打开仪器电源，预热30分钟\n2. 启动泵，冲洗色谱柱\n3. 设置流动相比例和流速\n4. 注入标准溶液，建立标准曲线\n5. 注入样品溶液\n6. 记录色谱图和数据\n7. 分析完成后冲洗色谱柱\n8. 关闭仪器电源', 5, 116, 3.2642857142857142, 5, '2026-04-22 19:08:09');
INSERT INTO `ai_chat_log` VALUES (207, 1, '倒置显微镜如何操作？', '倒置显微镜操作步骤：\n1. 打开显微镜电源开关\n2. 将细胞培养皿放置在载物台上\n3. 使用粗调旋钮调节焦距，使样本初步清晰\n4. 使用细调旋钮调节至最清晰\n5. 选择合适的物镜倍数\n6. 观察并记录细胞生长状态\n7. 使用完毕后关闭电源，清理载物台', 2, 113, 3.3899999999999997, 7, '2026-04-22 19:08:10');
INSERT INTO `ai_chat_log` VALUES (208, 1, 'DNA提取的标准步骤高压', '⚠️ 安全警告：检测到您的问题可能涉及危险操作！\n\n建议您：\n1. 立即停止当前操作\n2. 远离危险区域\n3. 立即联系实验室管理人员\n4. 如有紧急情况请拨打校园报警电话\n\n如需了解安全操作规范，请联系管理员添加相关知识。', NULL, NULL, 0, 4, '2026-04-22 19:08:34');
INSERT INTO `ai_chat_log` VALUES (209, 1, 'DNA提取的标准步骤出现高温', '抱歉，我无法理解您的问题。请尝试以下方式：\n1. 使用更简洁的关键词描述（如：设备名称+操作类型）\n2. 查看设备操作手册\n3. 联系实验室管理员\n4. 拨打设备维护热线', NULL, NULL, 0, 4, '2026-04-22 19:08:47');
INSERT INTO `ai_chat_log` VALUES (210, 1, 'DNA提取的标准步骤操作时出现高压', '⚠️ 安全警告：高速离心机操作步骤：\n1. 检查离心机是否平稳放置\n2. 打开机盖，将样品对称放置在转子中\n3. 确保样品管已盖紧且重量相等\n4. 关闭机盖，确保锁紧\n5. 设置转速和时间\n6. 按启动键开始离心\n7. 离心完成后等待完全停止再打开机盖\n8. 小心取出样品，避免离心管破碎', 4, 115, 1.6714285714285713, 6, '2026-04-22 19:09:10');
INSERT INTO `ai_chat_log` VALUES (211, 1, '这个步骤需要注意什么？', '实验室通用安全注意事项：\n1. 操作前必须仔细阅读设备操作手册\n2. 检查设备是否正常工作有无异常\n3. 确保个人防护装备佩戴齐全\n4. 了解紧急停止按钮和急救设备位置\n5. 操作时保持专注不要离开岗位\n6. 发现异常立即停止并报告\n7. 操作后清理工作区域妥善处理废弃物\n8. 认真填写使用记录', 14, NULL, 3.1999999999999997, 4, '2026-04-22 19:09:19');
INSERT INTO `ai_chat_log` VALUES (212, 1, '可以用手直接接触有机溶剂吗？', '⚠️ 警告：⚠️ 绝对不可以！有机溶剂直接接触皮肤的危害：\n\n1. 大多数有机溶剂可通过皮肤吸收导致中毒\n2. 可能引起皮肤过敏红肿化学灼伤\n3. 部分溶剂具有致癌风险\n4. 长期接触可能导致神经系统损伤\n\n正确做法：\n- 必须佩戴耐化学腐蚀手套\n- 在通风橱内操作\n- 皮肤接触后立即用大量清水冲洗15分钟\n- 如有不适立即就医', 16, NULL, 3.321428571428571, 3, '2026-04-22 19:09:20');
INSERT INTO `ai_chat_log` VALUES (213, 1, '设备无法开机怎么办？', '设备无法开机故障排查步骤：\n1. 检查电源插头是否插紧插座是否有电\n2. 检查电源开关是否处于开启位置\n3. 检查保险丝是否熔断必要时更换同规格保险丝\n4. 检查设备电源线是否损坏或断裂\n5. 尝试重启设备关闭后等待30秒再开启\n6. 查看设备显示屏是否有错误代码提示\n7. 参考说明书对照错误代码查找原因\n8. 如以上方法无效请联系设备维护人员报修', 15, NULL, 2.8642857142857148, 6, '2026-04-22 19:09:26');
INSERT INTO `ai_chat_log` VALUES (214, 1, '原子吸收分光光度计如何操作？', '原子吸收分光光度计操作步骤：\n1. 打开仪器电源，预热30分钟\n2. 点燃空心阴极灯\n3. 调整波长和狭缝宽度\n4. 调整燃烧器高度和位置\n5. 用空白溶液调零\n6. 测量标准溶液，建立标准曲线\n7. 测量样品溶液\n8. 分析完成后关闭仪器', 11, 122, 3.016666666666667, 6, '2026-04-22 19:09:36');
INSERT INTO `ai_chat_log` VALUES (215, 1, '有毒化学品如何处理？', '⚠️ 安全警告：高速离心机操作步骤：\n1. 检查离心机是否平稳放置\n2. 打开机盖，将样品对称放置在转子中\n3. 确保样品管已盖紧且重量相等\n4. 关闭机盖，确保锁紧\n5. 设置转速和时间\n6. 按启动键开始离心\n7. 离心完成后等待完全停止再打开机盖\n8. 小心取出样品，避免离心管破碎', 4, 115, 0.78, 4, '2026-04-22 19:09:43');
INSERT INTO `ai_chat_log` VALUES (216, 1, '化学品如何处理', '显微镜操作步骤：\n1. 打开显微镜电源开关\n2. 将待观察标本放置在载物台上\n3. 使用粗调旋钮调节焦距，使标本初步清晰\n4. 使用细调旋钮调节至最清晰\n5. 选择合适的目镜和物镜倍数\n6. 观察并记录结果\n7. 使用完毕后关闭电源，清理载物台', 8, 119, 0.7, 3, '2026-04-22 19:09:54');
INSERT INTO `ai_chat_log` VALUES (217, 1, '测试', '⚠️ 警告：测试测试', 18, 125, 1.3499999999999999, 186, '2026-04-23 02:32:09');
INSERT INTO `ai_chat_log` VALUES (218, 1, '111', '⚠️ 警告：测试测试', 18, 125, 0.35, 13, '2026-04-23 02:32:13');
INSERT INTO `ai_chat_log` VALUES (219, 1, '输出111', '抱歉，我无法理解您的问题。请尝试以下方式：\n1. 使用更简洁的关键词描述（如：设备名称+操作类型）\n2. 查看设备操作手册\n3. 联系实验室管理员\n4. 拨打设备维护热线', NULL, NULL, 0, 6, '2026-04-23 02:32:46');
INSERT INTO `ai_chat_log` VALUES (220, 1, '111', '抱歉，我无法理解您的问题。请尝试以下方式：\n1. 使用更简洁的关键词描述（如：设备名称+操作类型）\n2. 查看设备操作手册\n3. 联系实验室管理员\n4. 拨打设备维护热线', NULL, NULL, 0, 5, '2026-04-23 02:32:48');
INSERT INTO `ai_chat_log` VALUES (221, 1, '测试', '信号发生器操作步骤：\n1. 打开信号发生器电源\n2. 选择信号类型（正弦波、方波等）\n3. 设置信号频率\n4. 设置信号 amplitude\n5. 连接输出到测试电路\n6. 开启信号输出\n7. 调整参数直到获得所需信号\n8. 测试完成后关闭输出，关闭电源', 9, 120, 0.41666666666666663, 5, '2026-04-23 02:32:51');
INSERT INTO `ai_chat_log` VALUES (222, 15, '显微镜如何校准？', '显微镜校准操作步骤：\n1. 打开显微镜电源开关，预热5分钟\n2. 清洁物镜和目镜镜头表面\n3. 将载物台降至最低位置\n4. 选择10倍低倍物镜\n5. 放置标准玻片标本\n6. 调节粗调旋钮使图像清晰\n7. 切换到目标倍率物镜重新对焦\n8. 校准完成后记录参数', 12, 1, 3.31, 200, '2026-04-23 08:40:09');
INSERT INTO `ai_chat_log` VALUES (223, 15, '原子吸收分光光度计如何操作？', '原子吸收分光光度计操作步骤：\n1. 打开仪器电源，预热30分钟\n2. 点燃空心阴极灯\n3. 调整波长和狭缝宽度\n4. 调整燃烧器高度和位置\n5. 用空白溶液调零\n6. 测量标准溶液，建立标准曲线\n7. 测量样品溶液\n8. 分析完成后关闭仪器', 11, 122, 3.016666666666667, 11, '2026-04-23 08:40:10');
INSERT INTO `ai_chat_log` VALUES (224, 15, '数字示波器如何操作？', '数字示波器操作步骤：\n1. 打开示波器电源，预热5分钟\n2. 连接测试探头到信号源\n3. 设置垂直灵敏度和水平扫描时间\n4. 调整触发模式和电平\n5. 观察波形，调整波形位置和大小\n6. 使用测量功能测量电压、频率等参数\n7. 保存波形数据（如需）\n8. 关闭示波器电源', 6, 117, 3.31, 8, '2026-04-23 08:40:12');
INSERT INTO `ai_chat_log` VALUES (225, 18, '显微镜如何校准？', '显微镜校准操作步骤：\n1. 打开显微镜电源开关，预热5分钟\n2. 清洁物镜和目镜镜头表面\n3. 将载物台降至最低位置\n4. 选择10倍低倍物镜\n5. 放置标准玻片标本\n6. 调节粗调旋钮使图像清晰\n7. 切换到目标倍率物镜重新对焦\n8. 校准完成后记录参数', 12, 1, 2.81, 230, '2026-04-23 21:40:29');
INSERT INTO `ai_chat_log` VALUES (226, 18, '这个步骤需要注意什么？', '实验室通用安全注意事项：\n1. 操作前必须仔细阅读设备操作手册\n2. 检查设备是否正常工作有无异常\n3. 确保个人防护装备佩戴齐全\n4. 了解紧急停止按钮和急救设备位置\n5. 操作时保持专注不要离开岗位\n6. 发现异常立即停止并报告\n7. 操作后清理工作区域妥善处理废弃物\n8. 认真填写使用记录', 14, NULL, 2.6999999999999997, 19, '2026-04-23 21:40:39');
INSERT INTO `ai_chat_log` VALUES (227, 18, '设备无法开机怎么办？', '设备无法开机故障排查步骤：\n1. 检查电源插头是否插紧插座是否有电\n2. 检查电源开关是否处于开启位置\n3. 检查保险丝是否熔断必要时更换同规格保险丝\n4. 检查设备电源线是否损坏或断裂\n5. 尝试重启设备关闭后等待30秒再开启\n6. 查看设备显示屏是否有错误代码提示\n7. 参考说明书对照错误代码查找原因\n8. 如以上方法无效请联系设备维护人员报修', 15, NULL, 2.3642857142857143, 8, '2026-04-23 21:40:57');
INSERT INTO `ai_chat_log` VALUES (228, 18, '我想用有机溶剂直接接触皮肤', '⚠️ 警告：⚠️ 绝对不可以！有机溶剂直接接触皮肤的危害：\n\n1. 大多数有机溶剂可通过皮肤吸收导致中毒\n2. 可能引起皮肤过敏红肿化学灼伤\n3. 部分溶剂具有致癌风险\n4. 长期接触可能导致神经系统损伤\n\n正确做法：\n- 必须佩戴耐化学腐蚀手套\n- 在通风橱内操作\n- 皮肤接触后立即用大量清水冲洗15分钟\n- 如有不适立即就医', 16, NULL, 1.8785714285714286, 10, '2026-04-23 21:41:10');
INSERT INTO `ai_chat_log` VALUES (229, 18, '不戴护目镜操作离心机', '⚠️ 警告：🚨 危险！不戴护目镜操作离心机的严重后果：\n\n1. 离心过程中试管破裂可能导致玻璃碎片飞溅\n2. 化学品泄漏可能溅入眼睛造成失明\n3. 样品气溶胶可能携带病原微生物\n4. 高速旋转产生的气溶胶可被吸入肺部\n\n强制要求：\n- 操作离心机必须佩戴护目镜\n- 建议同时佩戴防护面罩\n- 生物危害样品需在生物安全柜内操作\n- 发生眼部异物立即用洗眼器冲洗并就医', 17, 8, 2.8633333333333333, 58, '2026-04-23 21:41:24');
INSERT INTO `ai_chat_log` VALUES (230, 1, '系统支持哪些角色？各有什么权限？', '系统角色和权限说明：\n1. 系统管理员（SYSTEM_ADMIN）：\n   - 全部功能权限\n   - 用户管理、角色管理、系统配置\n   - 所有设备、预约、维修数据查看\n2. 实验室管理员（LAB_ADMIN）：\n   - 本实验室设备管理（增删改查）\n   - 预约审核、维修工单分配\n   - 本实验室数据统计和导出\n   - 知识库管理\n3. 教师（TEACHER）：\n   - 预约设备、查看本部门设备\n   - 审核学生预约（如设为审核人）\n   - 提交设备报修\n   - 使用AI助手\n4. 学生（STUDENT）：\n   - 预约设备（仅查看自己的预约）\n   - 提交设备报修\n   - 使用AI助手\n   - 查看设备基本信息\n5. 维护人员（MAINTAINER）：\n   - 接收和处修工单\n   - 更新维修进度和结果\n   - 设备校准管理\n   - 查看设备状态和维护记录', 55, NULL, 2.73, 264, '2026-04-24 01:53:16');
INSERT INTO `ai_chat_log` VALUES (231, 1, '系统支持哪些角色？各有什么权限？', '系统角色和权限说明：\n1. 系统管理员（SYSTEM_ADMIN）：\n   - 全部功能权限\n   - 用户管理、角色管理、系统配置\n   - 所有设备、预约、维修数据查看\n2. 实验室管理员（LAB_ADMIN）：\n   - 本实验室设备管理（增删改查）\n   - 预约审核、维修工单分配\n   - 本实验室数据统计和导出\n   - 知识库管理\n3. 教师（TEACHER）：\n   - 预约设备、查看本部门设备\n   - 审核学生预约（如设为审核人）\n   - 提交设备报修\n   - 使用AI助手\n4. 学生（STUDENT）：\n   - 预约设备（仅查看自己的预约）\n   - 提交设备报修\n   - 使用AI助手\n   - 查看设备基本信息\n5. 维护人员（MAINTAINER）：\n   - 接收和处修工单\n   - 更新维修进度和结果\n   - 设备校准管理\n   - 查看设备状态和维护记录', 55, NULL, 2.73, 20, '2026-04-24 01:53:32');
INSERT INTO `ai_chat_log` VALUES (232, 1, '如何导出统计数据？', '数据导出操作说明：\n1. 统计导出入口：\n   - 数据统计模块 → 导出按钮\n   - 支持导出：预约统计、设备使用统计、维修统计、用户活跃度\n2. 导出格式：Excel（.xlsx）\n3. 导出步骤：\n   - 选择统计类型（预约/设备/维修/用户）\n   - 选择时间范围（近7天/近30天/近90天/自定义）\n   - 选择导出维度（按设备/按用户/按实验室）\n   - 点击\"导出\"按钮\n   - 等待生成完成，自动下载\n4. 权限说明：\n   - 系统管理员：可导出所有数据\n   - 实验室管理员：可导出本实验室数据\n   - 教师/学生：无导出权限\n5. 数据库备份导出：\n   - 系统管理 → 数据库备份\n   - 支持手动备份和自动定时备份\n   - 备份文件格式：.sql\n   - 可设置备份保留天数（默认30天）', 56, NULL, 2.821428571428571, 18, '2026-04-24 01:53:34');
INSERT INTO `ai_chat_log` VALUES (233, 1, '这个步骤需要注意什么？', '实验室通用安全注意事项：\n1. 操作前必须仔细阅读设备操作手册\n2. 检查设备是否正常工作有无异常\n3. 确保个人防护装备佩戴齐全\n4. 了解紧急停止按钮和急救设备位置\n5. 操作时保持专注不要离开岗位\n6. 发现异常立即停止并报告\n7. 操作后清理工作区域妥善处理废弃物\n8. 认真填写使用记录', 14, NULL, 3.1999999999999997, 78, '2026-04-24 01:53:37');
INSERT INTO `ai_chat_log` VALUES (234, 1, '可以用手直接接触有机溶剂吗？', '⚠️ 警告：⚠️ 绝对不可以！有机溶剂直接接触皮肤的危害：\n\n1. 大多数有机溶剂可通过皮肤吸收导致中毒\n2. 可能引起皮肤过敏红肿化学灼伤\n3. 部分溶剂具有致癌风险\n4. 长期接触可能导致神经系统损伤\n\n正确做法：\n- 必须佩戴耐化学腐蚀手套\n- 在通风橱内操作\n- 皮肤接触后立即用大量清水冲洗15分钟\n- 如有不适立即就医', 16, NULL, 3.321428571428571, 17, '2026-04-24 01:53:37');
INSERT INTO `ai_chat_log` VALUES (235, 1, '高温', '⚠️ 警告：⚠️ 绝对不可以！有机溶剂直接接触皮肤的危害：\n\n1. 大多数有机溶剂可通过皮肤吸收导致中毒\n2. 可能引起皮肤过敏红肿化学灼伤\n3. 部分溶剂具有致癌风险\n4. 长期接触可能导致神经系统损伤\n\n正确做法：\n- 必须佩戴耐化学腐蚀手套\n- 在通风橱内操作\n- 皮肤接触后立即用大量清水冲洗15分钟\n- 如有不适立即就医', 16, NULL, 0.6, 13, '2026-04-24 01:53:45');
INSERT INTO `ai_chat_log` VALUES (236, 1, '紫外分光光度法测定溶液浓度的实验流程？', '紫外分光光度法测定溶液浓度流程：\n1. 仪器预热：打开紫外可见分光光度计，预热30分钟使光源稳定\n2. 选择波长：根据待测物质的最大吸收波长设定检测波长（如核酸260nm，蛋白质280nm）\n3. 比色皿准备：使用配对的石英比色皿（紫外区）或玻璃比色皿（可见光区），用待测溶液润洗2-3次\n4. 空白调零：在参比池和样品池中放入空白溶剂，执行基线校正/调零操作\n5. 标准曲线制作：配制5-7个浓度梯度的标准溶液，分别测定吸光度，绘制A-C标准曲线\n6. 样品测定：将待测样品放入样品池，读取吸光度值，每个样品测定3次取平均值\n7. 结果计算：根据标准曲线方程计算样品浓度，注意稀释倍数的换算\n8. 数据处理：计算R²值验证线性关系（R²≥0.999），报告平均值和标准差', 22, NULL, 2.8730769230769235, 20, '2026-04-24 01:53:53');
INSERT INTO `ai_chat_log` VALUES (237, 1, '高速离心机如何操作？', '⚠️ 警告：高速离心机操作步骤：\n1. 检查离心机是否平稳放置\n2. 打开机盖，将样品对称放置在转子中\n3. 确保样品管已盖紧且重量相等\n4. 关闭机盖，确保锁紧\n5. 设置转速和时间\n6. 按启动键开始离心\n7. 离心完成后等待完全停止再打开机盖\n8. 小心取出样品，避免离心管破碎', 4, 115, 3.45, 16, '2026-04-24 01:53:56');
INSERT INTO `ai_chat_log` VALUES (238, 1, '高速离心机出现高温', '⚠️ 警告：高速离心机操作步骤：\n1. 检查离心机是否平稳放置\n2. 打开机盖，将样品对称放置在转子中\n3. 确保样品管已盖紧且重量相等\n4. 关闭机盖，确保锁紧\n5. 设置转速和时间\n6. 按启动键开始离心\n7. 离心完成后等待完全停止再打开机盖\n8. 小心取出样品，避免离心管破碎', 4, 115, 2.6999999999999997, 21, '2026-04-24 01:54:08');
INSERT INTO `ai_chat_log` VALUES (239, 1, '设备故障如何报修？', '设备报修操作流程：\n1. 发现故障：使用设备时发现异常或故障，立即停止使用\n2. 提交报修：\n   - 在系统中进入设备详情页，点击\"报修\"按钮\n   - 或在维修管理模块中点击\"新建工单\"\n   - 填写故障描述（尽量详细：现象、发生时间、操作步骤等）\n   - 上传故障照片（如有）\n   - 选择优先级：紧急/高/中/低\n3. 工单处理：\n   - 待处理：等待维修人员接单\n   - 处理中：维修人员已接单正在处理\n   - 已完成：维修完成，确认设备恢复正常\n4. 确认验收：设备修复后，预约使用验证是否正常\n5. 评价反馈：对维修服务进行评价\n\n注意：紧急故障（如漏电、冒烟、异响）请立即断电并电话通知实验室管理员！', 51, NULL, 1.6500000000000001, 16, '2026-04-24 01:54:22');
INSERT INTO `ai_chat_log` VALUES (240, 1, '如何预约设备？', '设备预约操作步骤：\n1. 登录系统：使用学号/工号和密码登录实验室预约管理系统\n2. 选择设备：在设备列表中浏览或搜索需要的设备，点击设备查看详情和可用时间段\n3. 提交预约：\n   - 选择预约日期和时间段（开始时间-结束时间）\n   - 填写实验项目名称和预约事由\n   - 填写参与人数\n   - 确认提交\n4. 等待审核：提交后状态为\"待审核\"，实验室管理员会在1个工作日内审核\n5. 审核结果：\n   - 通过：收到通知，按预约时间使用设备\n   - 拒绝：查看拒绝原因，修改后可重新提交\n6. 使用设备：按预约时间到达实验室，签到使用\n7. 完成确认：使用完毕后在系统中确认完成\n\n注意事项：\n- 需提前24小时预约\n- 单次预约不超过8小时\n- 如需取消，至少提前2小时操作\n- 连续3次爽约将限制预约权限7天', 49, NULL, 1.7888888888888888, 14, '2026-04-24 01:54:23');
INSERT INTO `ai_chat_log` VALUES (241, 1, '显微镜如何操作？', '显微镜操作步骤：\n1. 打开显微镜电源开关\n2. 将待观察标本放置在载物台上\n3. 使用粗调旋钮调节焦距，使标本初步清晰\n4. 使用细调旋钮调节至最清晰\n5. 选择合适的目镜和物镜倍数\n6. 观察并记录结果\n7. 使用完毕后关闭电源，清理载物台', 8, 119, 2.85, 13, '2026-04-24 01:54:25');
INSERT INTO `ai_chat_log` VALUES (242, 1, '遇到智能冲突检测冲突怎么办？', '预约时间冲突解决方案：\n1. 查看冲突原因：系统提示时间冲突表示该设备在您选择的时间段内已有其他预约\n2. 解决方法：\n   - 更换时间段：查看设备可用时间段，选择其他空闲时段预约\n   - 缩短预约时间：缩短使用时长，避开已预约时段\n   - 更换日期：选择其他日期预约\n   - 更换同类设备：查看是否有同类型设备可用\n3. 查看预约日历：在设备详情页查看预约日历，直观了解设备占用情况\n4. 预约规则：\n   - 同一设备同一时间段只能有一个预约\n   - 时间冲突判断规则：新预约时段与已有预约时段有重叠即冲突\n   - 冲突公式：新开始时间 < 已有结束时间 AND 新结束时间 > 已有开始时间\n5. 建议：提前规划实验时间，错峰预约热门设备', 50, NULL, 1.2833333333333332, 13, '2026-04-24 01:54:27');
INSERT INTO `ai_chat_log` VALUES (243, 1, '有毒化学品如何处理？', '⚠️ 安全警告：⚠️ 有毒化学品安全使用规范：\n1. 使用前准备：\n   - 阅读SDS了解毒性、暴露限值和急救措施\n   - 在通风橱内操作，确保面风速0.4-0.6m/s\n   - 佩戴适当PPE：防化手套（丁腈/氯丁橡胶）、护目镜、防护面罩\n2. 剧毒化学品（如氰化物、汞化合物）：\n   - 双人双锁管理，使用需审批登记\n   - 操作时必须有第二人在场监护\n   - 备有专用解毒剂（如氰化物备亚硝酸异戊酯）\n3. 操作规范：\n   - 严禁口吸移液，使用移液器或注射器\n   - 称量时使用密闭容器或手套箱\n   - 操作完毕立即洗手，脱下手套后再次洗手\n4. 应急处理：\n   - 皮肤接触：立即脱去污染衣物，大量清水冲洗15分钟以上\n   - 吸入：转移至空气新鲜处，如呼吸困难立即就医\n   - 误食：不要催吐（腐蚀性化学品），立即就医并携带SDS\n5. 废弃处理：含毒废液单独收集，交由有资质的危废处理单位处置', 42, NULL, 1.404, 16, '2026-04-24 01:54:30');
INSERT INTO `ai_chat_log` VALUES (244, 1, '化学', '⚠️ 警告：⚠️ 化学品泄漏应急处理流程：\n1. 评估危险：判断泄漏化学品种类、数量和危险程度，小量泄漏可自行处理，大量或有毒泄漏立即撤离并报警\n2. 个人防护：处理泄漏前必须佩戴适当PPE（防化手套、护目镜、防护面罩、防化服）\n3. 控制泄漏源：关闭阀门、扶正倒伏容器、用吸附棉围堵防止扩散\n4. 酸类泄漏：用沙土或碳酸氢钠覆盖中和，收集后作为危险废物处理\n5. 碱类泄漏：用沙土覆盖，用稀醋酸中和后收集处理\n6. 有机溶剂泄漏：用吸附棉或蛭石吸附，避免明火（多数有机溶剂易燃），收集至密封容器\n7. 通风处理：打开通风系统和窗户，人员撤离至安全区域等待空气置换\n8. 报告记录：填写事故报告，记录泄漏化学品、时间、处理措施和人员暴露情况\n\n⚠️ 不确定如何处理时，立即撤离并拨打校园报警电话！', 38, NULL, 0.85, 13, '2026-04-24 01:55:02');
INSERT INTO `ai_chat_log` VALUES (245, 1, '高野', '细胞培养实验标准流程：\n1. 实验前准备：检查CO2培养箱温度（37℃）和CO2浓度（5%），确认培养基pH和颜色正常\n2. 细胞复苏：从液氮罐取出冻存管，37℃水浴快速融化（1-2分钟内），转移至15mL离心管，加入9mL预热培养基，1000rpm离心5分钟\n3. 细胞传代：吸弃旧培养基，PBS洗涤1-2次，加入0.25%胰蛋白酶消化1-3分钟，显微镜下观察细胞形态变圆后加入含血清培养基终止消化\n4. 细胞计数：取10μL细胞悬液与10μL台盼蓝混合，血球计数板计数，计算活细胞浓度\n5. 接种培养：按所需密度接种至培养瓶/板，加入适量培养基，放入CO2培养箱\n6. 日常观察：每天显微镜观察细胞形态和密度，记录生长状态\n7. 换液：根据细胞生长速度，每2-3天更换一次培养基', 19, NULL, 0.5, 14, '2026-04-24 01:55:11');
INSERT INTO `ai_chat_log` VALUES (246, 1, '高压', '⚠️ 安全警告：⚠️ 高压灭菌锅安全操作规范：\n1. 操作前检查：\n   - 检查安全阀是否灵活，压力表是否在零位\n   - 检查密封圈是否完好，锅门关闭是否严密\n   - 确认锅内加水至规定水位线\n2. 装载规范：\n   - 物品不要堆放过密，留出蒸汽流通空间\n   - 液体容器装量不超过2/3，瓶口不要密封（用棉塞或松盖）\n   - 禁止灭菌易燃易爆物品和腐蚀性化学品\n3. 操作流程：\n   - 关门确认密封→设定温度121℃和时间20min→启动加热→排冷气→升压→灭菌→自然冷却降压→压力归零后开盖\n4. ⚠️ 严禁事项：\n   - 严禁在压力未归零时强行开盖（可能导致爆炸！）\n   - 严禁超温超压运行\n   - 严禁无人值守运行\n   - 严禁私自改装安全阀\n5. 维护保养：每周检查密封圈，每月检查安全阀，每年校验压力表', 39, NULL, 1.188, 14, '2026-04-24 01:55:16');
INSERT INTO `ai_chat_log` VALUES (247, 2, '光学显微镜OM-2000如何操作？', '光学显微镜操作步骤：\n1. 打开显微镜电源开关\n2. 将待观察样本放置在载物台上\n3. 使用粗调旋钮调节焦距，使样本初步清晰\n4. 使用细调旋钮调节至最清晰\n5. 选择合适的目镜和物镜倍数\n6. 观察并记录结果\n7. 使用完毕后关闭电源，清理载物台', 1, 1, 3.35, 300, '2026-04-24 20:38:02');
INSERT INTO `ai_chat_log` VALUES (248, 2, '数字示波器如何操作？', '数字示波器操作步骤：\n1. 打开示波器电源，预热5分钟\n2. 连接测试探头到信号源\n3. 设置垂直灵敏度和水平扫描时间\n4. 调整触发模式和电平\n5. 观察波形，调整波形位置和大小\n6. 使用测量功能测量电压、频率等参数\n7. 保存波形数据（如需）\n8. 关闭示波器电源', 6, 117, 3.31, 34, '2026-04-24 20:38:17');
INSERT INTO `ai_chat_log` VALUES (249, 2, '数字示波器高压', '数字示波器操作步骤：\n1. 打开示波器电源，预热5分钟\n2. 连接测试探头到信号源\n3. 设置垂直灵敏度和水平扫描时间\n4. 调整触发模式和电平\n5. 观察波形，调整波形位置和大小\n6. 使用测量功能测量电压、频率等参数\n7. 保存波形数据（如需）\n8. 关闭示波器电源', 6, 117, 2.21, 15, '2026-04-24 20:38:47');
INSERT INTO `ai_chat_log` VALUES (250, 2, '高温', '⚠️ 警告：高速离心机操作步骤：\n1. 检查离心机是否平稳放置\n2. 打开机盖，将样品对称放置在转子中\n3. 确保样品管已盖紧且重量相等\n4. 关闭机盖，确保锁紧\n5. 设置转速和时间\n6. 按启动键开始离心\n7. 离心完成后等待完全停止再打开机盖\n8. 小心取出样品，避免离心管破碎', 4, 115, 0.6, 12, '2026-04-24 20:38:50');
INSERT INTO `ai_chat_log` VALUES (251, 2, '数字示波器高出现高温', '数字示波器操作步骤：\n1. 打开示波器电源，预热5分钟\n2. 连接测试探头到信号源\n3. 设置垂直灵敏度和水平扫描时间\n4. 调整触发模式和电平\n5. 观察波形，调整波形位置和大小\n6. 使用测量功能测量电压、频率等参数\n7. 保存波形数据（如需）\n8. 关闭示波器电源', 6, 117, 2.15, 10, '2026-04-24 20:39:22');
INSERT INTO `ai_chat_log` VALUES (252, 2, '有毒化学品如何处理？', '⚠️ 安全警告：⚠️ 有毒化学品安全使用规范：\n1. 使用前准备：\n   - 阅读SDS了解毒性、暴露限值和急救措施\n   - 在通风橱内操作，确保面风速0.4-0.6m/s\n   - 佩戴适当PPE：防化手套（丁腈/氯丁橡胶）、护目镜、防护面罩\n2. 剧毒化学品（如氰化物、汞化合物）：\n   - 双人双锁管理，使用需审批登记\n   - 操作时必须有第二人在场监护\n   - 备有专用解毒剂（如氰化物备亚硝酸异戊酯）\n3. 操作规范：\n   - 严禁口吸移液，使用移液器或注射器\n   - 称量时使用密闭容器或手套箱\n   - 操作完毕立即洗手，脱下手套后再次洗手\n4. 应急处理：\n   - 皮肤接触：立即脱去污染衣物，大量清水冲洗15分钟以上\n   - 吸入：转移至空气新鲜处，如呼吸困难立即就医\n   - 误食：不要催吐（腐蚀性化学品），立即就医并携带SDS\n5. 废弃处理：含毒废液单独收集，交由有资质的危废处理单位处置', 42, NULL, 1.404, 14, '2026-04-24 20:39:26');
INSERT INTO `ai_chat_log` VALUES (253, 117, '二氧化碳培养箱如何使用？', '二氧化碳培养箱操作步骤：\n1. 打开电源开关\n2. 设置温度（通常37°C）和CO2浓度（通常5%）\n3. 等待温度和CO2浓度稳定\n4. 将培养皿或培养瓶放入箱内\n5. 关闭箱门\n6. 定期观察细胞生长状态\n7. 使用完毕后记录培养情况', 3, 114, 2.8833333333333337, 258, '2026-04-25 00:39:40');
INSERT INTO `ai_chat_log` VALUES (254, 117, '光学显微镜OM-2000如何操作？', '光学显微镜操作步骤：\n1. 打开显微镜电源开关\n2. 将待观察样本放置在载物台上\n3. 使用粗调旋钮调节焦距，使样本初步清晰\n4. 使用细调旋钮调节至最清晰\n5. 选择合适的目镜和物镜倍数\n6. 观察并记录结果\n7. 使用完毕后关闭电源，清理载物台', 1, 1, 3.35, 20, '2026-04-25 00:39:47');
INSERT INTO `ai_chat_log` VALUES (255, 117, 'OM-2000如', '光学显微镜操作步骤：\n1. 打开显微镜电源开关\n2. 将待观察样本放置在载物台上\n3. 使用粗调旋钮调节焦距，使样本初步清晰\n4. 使用细调旋钮调节至最清晰\n5. 选择合适的目镜和物镜倍数\n6. 观察并记录结果\n7. 使用完毕后关闭电源，清理载物台', 1, 1, 1.2, 77, '2026-04-25 00:39:53');
INSERT INTO `ai_chat_log` VALUES (256, 117, '光学显微镜OM-2000操作出现高温', '光学显微镜操作步骤：\n1. 打开显微镜电源开关\n2. 将待观察样本放置在载物台上\n3. 使用粗调旋钮调节焦距，使样本初步清晰\n4. 使用细调旋钮调节至最清晰\n5. 选择合适的目镜和物镜倍数\n6. 观察并记录结果\n7. 使用完毕后关闭电源，清理载物台', 1, 1, 2.3499999999999996, 19, '2026-04-25 00:40:18');
INSERT INTO `ai_chat_log` VALUES (257, 117, '高温', '⚠️ 警告：高速离心机操作步骤：\n1. 检查离心机是否平稳放置\n2. 打开机盖，将样品对称放置在转子中\n3. 确保样品管已盖紧且重量相等\n4. 关闭机盖，确保锁紧\n5. 设置转速和时间\n6. 按启动键开始离心\n7. 离心完成后等待完全停止再打开机盖\n8. 小心取出样品，避免离心管破碎', 4, 115, 0.6, 15, '2026-04-25 00:40:21');
INSERT INTO `ai_chat_log` VALUES (258, 117, '高压', '⚠️ 安全警告：⚠️ 高压灭菌锅安全操作规范：\n1. 操作前检查：\n   - 检查安全阀是否灵活，压力表是否在零位\n   - 检查密封圈是否完好，锅门关闭是否严密\n   - 确认锅内加水至规定水位线\n2. 装载规范：\n   - 物品不要堆放过密，留出蒸汽流通空间\n   - 液体容器装量不超过2/3，瓶口不要密封（用棉塞或松盖）\n   - 禁止灭菌易燃易爆物品和腐蚀性化学品\n3. 操作流程：\n   - 关门确认密封→设定温度121℃和时间20min→启动加热→排冷气→升压→灭菌→自然冷却降压→压力归零后开盖\n4. ⚠️ 严禁事项：\n   - 严禁在压力未归零时强行开盖（可能导致爆炸！）\n   - 严禁超温超压运行\n   - 严禁无人值守运行\n   - 严禁私自改装安全阀\n5. 维护保养：每周检查密封圈，每月检查安全阀，每年校验压力表', 39, NULL, 1.188, 13, '2026-04-25 00:40:43');
INSERT INTO `ai_chat_log` VALUES (259, 117, '设备在使用时出现高压', '⚠️ 安全警告：高速离心机操作步骤：\n1. 检查离心机是否平稳放置\n2. 打开机盖，将样品对称放置在转子中\n3. 确保样品管已盖紧且重量相等\n4. 关闭机盖，确保锁紧\n5. 设置转速和时间\n6. 按启动键开始离心\n7. 离心完成后等待完全停止再打开机盖\n8. 小心取出样品，避免离心管破碎', 4, 115, 1.5, 18, '2026-04-25 00:41:00');
INSERT INTO `ai_chat_log` VALUES (260, 117, '设备在使用时出现高温', '⚠️ 警告：高速离心机操作步骤：\n1. 检查离心机是否平稳放置\n2. 打开机盖，将样品对称放置在转子中\n3. 确保样品管已盖紧且重量相等\n4. 关闭机盖，确保锁紧\n5. 设置转速和时间\n6. 按启动键开始离心\n7. 离心完成后等待完全停止再打开机盖\n8. 小心取出样品，避免离心管破碎', 4, 115, 1.5, 16, '2026-04-25 00:41:12');
INSERT INTO `ai_chat_log` VALUES (261, 117, '显微镜出现高温', '显微镜操作步骤：\n1. 打开显微镜电源开关\n2. 将待观察标本放置在载物台上\n3. 使用粗调旋钮调节焦距，使标本初步清晰\n4. 使用细调旋钮调节至最清晰\n5. 选择合适的目镜和物镜倍数\n6. 观察并记录结果\n7. 使用完毕后关闭电源，清理载物台', 8, 119, 2.05, 16, '2026-04-25 00:41:46');
INSERT INTO `ai_chat_log` VALUES (262, 117, '可以用手直接接触有机溶剂吗？', '⚠️ 警告：⚠️ 绝对不可以！有机溶剂直接接触皮肤的危害：\n\n1. 大多数有机溶剂可通过皮肤吸收导致中毒\n2. 可能引起皮肤过敏红肿化学灼伤\n3. 部分溶剂具有致癌风险\n4. 长期接触可能导致神经系统损伤\n\n正确做法：\n- 必须佩戴耐化学腐蚀手套\n- 在通风橱内操作\n- 皮肤接触后立即用大量清水冲洗15分钟\n- 如有不适立即就医', 16, NULL, 3.321428571428571, 18, '2026-04-25 00:41:57');
INSERT INTO `ai_chat_log` VALUES (263, 117, '这个步骤需要注意什么？', '实验室通用安全注意事项：\n1. 操作前必须仔细阅读设备操作手册\n2. 检查设备是否正常工作有无异常\n3. 确保个人防护装备佩戴齐全\n4. 了解紧急停止按钮和急救设备位置\n5. 操作时保持专注不要离开岗位\n6. 发现异常立即停止并报告\n7. 操作后清理工作区域妥善处理废弃物\n8. 认真填写使用记录', 14, NULL, 3.1999999999999997, 19, '2026-04-25 00:41:59');
INSERT INTO `ai_chat_log` VALUES (264, 1, '显微镜200可以做什么实验', '光学显微镜操作步骤：\n1. 打开显微镜电源开关\n2. 将待观察样本放置在载物台上\n3. 使用粗调旋钮调节焦距，使样本初步清晰\n4. 使用细调旋钮调节至最清晰\n5. 选择合适的目镜和物镜倍数\n6. 观察并记录结果\n7. 使用完毕后关闭电源，清理载物台', 1, 1, 1.4166666666666667, 25, '2026-04-25 03:24:35');
INSERT INTO `ai_chat_log` VALUES (265, 1, '2000', '光学显微镜操作步骤：\n1. 打开显微镜电源开关\n2. 将待观察样本放置在载物台上\n3. 使用粗调旋钮调节焦距，使样本初步清晰\n4. 使用细调旋钮调节至最清晰\n5. 选择合适的目镜和物镜倍数\n6. 观察并记录结果\n7. 使用完毕后关闭电源，清理载物台', 1, 1, 1.1, 13, '2026-04-25 03:24:47');
INSERT INTO `ai_chat_log` VALUES (266, 1, '光学显微镜OM-2000如何操作？', '光学显微镜操作步骤：\n1. 打开显微镜电源开关\n2. 将待观察样本放置在载物台上\n3. 使用粗调旋钮调节焦距，使样本初步清晰\n4. 使用细调旋钮调节至最清晰\n5. 选择合适的目镜和物镜倍数\n6. 观察并记录结果\n7. 使用完毕后关闭电源，清理载物台', 1, 1, 3.35, 16, '2026-04-25 03:24:50');
INSERT INTO `ai_chat_log` VALUES (267, 1, '倒置显微镜如何操作？', '倒置显微镜操作步骤：\n1. 打开显微镜电源开关\n2. 将细胞培养皿放置在载物台上\n3. 使用粗调旋钮调节焦距，使样本初步清晰\n4. 使用细调旋钮调节至最清晰\n5. 选择合适的物镜倍数\n6. 观察并记录细胞生长状态\n7. 使用完毕后关闭电源，清理载物台', 2, 113, 3.3899999999999997, 17, '2026-04-25 03:24:54');
INSERT INTO `ai_chat_log` VALUES (268, 1, '光学显微镜OM-2000如何操作？', '光学显微镜操作步骤：\n1. 打开显微镜电源开关\n2. 将待观察样本放置在载物台上\n3. 使用粗调旋钮调节焦距，使样本初步清晰\n4. 使用细调旋钮调节至最清晰\n5. 选择合适的目镜和物镜倍数\n6. 观察并记录结果\n7. 使用完毕后关闭电源，清理载物台', 1, 1, 3.35, 18, '2026-04-25 03:24:57');
INSERT INTO `ai_chat_log` VALUES (269, 1, '高速离心机如何操作？', '⚠️ 警告：高速离心机操作步骤：\n1. 检查离心机是否平稳放置\n2. 打开机盖，将样品对称放置在转子中\n3. 确保样品管已盖紧且重量相等\n4. 关闭机盖，确保锁紧\n5. 设置转速和时间\n6. 按启动键开始离心\n7. 离心完成后等待完全停止再打开机盖\n8. 小心取出样品，避免离心管破碎', 4, 115, 3.45, 15, '2026-04-25 03:26:14');
INSERT INTO `ai_chat_log` VALUES (270, 1, '高速离心机出现高压', '⚠️ 安全警告：高速离心机操作步骤：\n1. 检查离心机是否平稳放置\n2. 打开机盖，将样品对称放置在转子中\n3. 确保样品管已盖紧且重量相等\n4. 关闭机盖，确保锁紧\n5. 设置转速和时间\n6. 按启动键开始离心\n7. 离心完成后等待完全停止再打开机盖\n8. 小心取出样品，避免离心管破碎', 4, 115, 2.6999999999999997, 17, '2026-04-25 03:26:35');
INSERT INTO `ai_chat_log` VALUES (271, 117, '光学显微镜OM-2000如何操作？', '光学显微镜操作步骤：\n1. 打开显微镜电源开关\n2. 将待观察样本放置在载物台上\n3. 使用粗调旋钮调节焦距，使样本初步清晰\n4. 使用细调旋钮调节至最清晰\n5. 选择合适的目镜和物镜倍数\n6. 观察并记录结果\n7. 使用完毕后关闭电源，清理载物台', 1, 1, 3.35, 291, '2026-04-25 09:01:28');
INSERT INTO `ai_chat_log` VALUES (272, 117, '光学显微镜使用出现高温', '光学显微镜操作步骤：\n1. 打开显微镜电源开关\n2. 将待观察样本放置在载物台上\n3. 使用粗调旋钮调节焦距，使样本初步清晰\n4. 使用细调旋钮调节至最清晰\n5. 选择合适的目镜和物镜倍数\n6. 观察并记录结果\n7. 使用完毕后关闭电源，清理载物台', 1, 1, 2.11, 20, '2026-04-25 09:02:03');
INSERT INTO `ai_chat_log` VALUES (273, 117, '光学显微镜使用出现高压', '光学显微镜操作步骤：\n1. 打开显微镜电源开关\n2. 将待观察样本放置在载物台上\n3. 使用粗调旋钮调节焦距，使样本初步清晰\n4. 使用细调旋钮调节至最清晰\n5. 选择合适的目镜和物镜倍数\n6. 观察并记录结果\n7. 使用完毕后关闭电源，清理载物台', 1, 1, 2.11, 18, '2026-04-25 09:02:14');
INSERT INTO `ai_chat_log` VALUES (274, 117, '高压设备有什么危险？', '⚠️ 安全警告：⚠️ 安全警告：设备漏电属于紧急危险情况！\n\n漏电处理步骤：\n1. 立即断电：不要触碰设备金属外壳！先断开电源插头或拉下空气开关\n2. 人员安全：如有人触电，切勿直接拉拽！用干燥木棒或绝缘物将人与电源分离，拨打120急救\n3. 标识警示：在设备上张贴\"漏电危险 禁止使用\"标识，通知实验室管理人员\n4. 排查原因：\n   - 检查电源线绝缘层是否破损老化\n   - 检查设备内部是否有液体泼洒导致短路\n   - 检查接地线是否断开或接触不良\n   - 检查插头插座是否进水或氧化\n5. 绝缘测试：用兆欧表（绝缘电阻测试仪）测量设备绝缘电阻，应≥2MΩ\n6. 维修确认：由专业维修人员修复后，再次测量绝缘电阻合格方可重新使用\n\n⚠️ 严禁带电操作！严禁用水灭火！严禁私自拆修！', 35, NULL, 1.74, 56, '2026-04-25 09:02:17');

-- ----------------------------
-- Table structure for booking_order
-- ----------------------------
DROP TABLE IF EXISTS `booking_order`;
CREATE TABLE `booking_order`  (
  `id` bigint NOT NULL AUTO_INCREMENT COMMENT '预约ID',
  `order_no` varchar(50) CHARACTER SET utf8mb4 COLLATE utf8mb4_0900_ai_ci NOT NULL COMMENT '预约单号',
  `device_id` bigint NOT NULL COMMENT '设备ID',
  `user_id` bigint NOT NULL COMMENT '申请人ID',
  `booking_date` datetime NOT NULL COMMENT '预约日期',
  `start_time` varchar(20) CHARACTER SET utf8mb4 COLLATE utf8mb4_0900_ai_ci NOT NULL COMMENT '开始时间',
  `end_time` varchar(20) CHARACTER SET utf8mb4 COLLATE utf8mb4_0900_ai_ci NOT NULL COMMENT '结束时间',
  `duration` decimal(5, 2) NULL DEFAULT NULL COMMENT '使用时长（小时）',
  `participant_count` int NULL DEFAULT 1 COMMENT '参与人数',
  `experiment_project` varchar(100) CHARACTER SET utf8mb4 COLLATE utf8mb4_0900_ai_ci NULL DEFAULT NULL COMMENT '实验项目名称',
  `reason` text CHARACTER SET utf8mb4 COLLATE utf8mb4_0900_ai_ci NULL COMMENT '预约事由',
  `status` int NULL DEFAULT 0 COMMENT '状态：0-待审核，1-已通过，2-已拒绝，3-已完成，4-已取消',
  `auditor_id` bigint NULL DEFAULT NULL COMMENT '审核人ID',
  `audit_opinion` text CHARACTER SET utf8mb4 COLLATE utf8mb4_0900_ai_ci NULL COMMENT '审核意见',
  `audit_time` datetime NULL DEFAULT NULL COMMENT '审核时间',
  `actual_start_time` datetime NULL DEFAULT NULL COMMENT '实际开始时间',
  `actual_end_time` datetime NULL DEFAULT NULL COMMENT '实际结束时间',
  `evaluation` text CHARACTER SET utf8mb4 COLLATE utf8mb4_0900_ai_ci NULL COMMENT '使用评价',
  `rating` int NULL DEFAULT NULL COMMENT '评分（1-5）',
  `replace_device_id` bigint NULL DEFAULT NULL COMMENT '替换设备ID',
  `replace_reason` varchar(200) CHARACTER SET utf8mb4 COLLATE utf8mb4_0900_ai_ci NULL DEFAULT NULL COMMENT '替换原因',
  `create_time` datetime NULL DEFAULT CURRENT_TIMESTAMP COMMENT '创建时间',
  `update_time` datetime NULL DEFAULT CURRENT_TIMESTAMP ON UPDATE CURRENT_TIMESTAMP COMMENT '更新时间',
  `deleted` int NULL DEFAULT 0 COMMENT '逻辑删除：0-未删除，1-已删除',
  PRIMARY KEY (`id`) USING BTREE,
  UNIQUE INDEX `uk_order_no`(`order_no` ASC) USING BTREE,
  INDEX `idx_device_id`(`device_id` ASC) USING BTREE,
  INDEX `idx_user_id`(`user_id` ASC) USING BTREE,
  INDEX `idx_booking_date`(`booking_date` ASC) USING BTREE,
  INDEX `idx_status`(`status` ASC) USING BTREE,
  INDEX `idx_device_date_status`(`device_id` ASC, `booking_date` ASC, `status` ASC) USING BTREE
) ENGINE = InnoDB AUTO_INCREMENT = 556 CHARACTER SET = utf8mb4 COLLATE = utf8mb4_0900_ai_ci COMMENT = '预约订单表' ROW_FORMAT = DYNAMIC;

-- ----------------------------
-- Records of booking_order
-- ----------------------------
INSERT INTO `booking_order` VALUES (1, 'ORD20260301001', 1, 7, '2026-03-01 00:00:00', '08:00', '10:00', 2.00, 2, '微生物观察实验', '课程实验需要使用显微镜观察细胞结构', 3, 4, '同意预约，注意规范操作', '2026-02-28 10:00:00', '2026-03-01 08:00:00', '2026-03-01 10:05:00', '实验顺利完成，设备状态良好', 5, NULL, NULL, '2026-04-11 19:53:54', '2026-04-11 19:53:54', 0);
INSERT INTO `booking_order` VALUES (2, 'ORD20260301002', 8, 8, '2026-03-01 00:00:00', '14:00', '16:00', 2.00, 3, '细胞培养实验', '科研项目需要离心分离细胞', 3, 5, '审核通过', '2026-02-28 14:00:00', '2026-03-01 14:00:00', '2026-03-01 16:10:00', '操作规范，设备运行正常', 5, NULL, NULL, '2026-04-11 19:53:54', '2026-04-11 19:53:54', 0);
INSERT INTO `booking_order` VALUES (3, 'ORD20260302001', 9, 9, '2026-03-02 00:00:00', '09:00', '12:00', 3.00, 2, '蛋白质分离实验', '毕业论文实验，需要蛋白质纯化', 3, 4, '请注意安全操作', '2026-03-01 09:00:00', '2026-03-02 09:00:00', '2026-03-02 12:00:00', '实验效果良好，数据有效', 5, NULL, NULL, '2026-04-11 19:53:54', '2026-04-11 19:53:54', 0);
INSERT INTO `booking_order` VALUES (4, 'ORD20260302002', 12, 10, '2026-03-02 00:00:00', '13:00', '15:00', 2.00, 1, '材料干燥实验', '课程实验需要干燥样品', 3, 4, '同意', '2026-03-01 15:00:00', '2026-03-02 13:00:00', '2026-03-02 15:00:00', '样品干燥效果满意', 4, NULL, NULL, '2026-04-11 19:53:54', '2026-04-11 19:53:54', 0);
INSERT INTO `booking_order` VALUES (5, 'ORD20260303001', 15, 11, '2026-03-03 00:00:00', '10:00', '12:00', 2.00, 2, '样品称量实验', '实验课精密称量练习', 3, 4, '教师已确认，同意使用', '2026-03-02 10:00:00', '2026-03-03 10:00:00', '2026-03-03 12:00:00', '称量精度符合要求', 5, NULL, NULL, '2026-04-11 19:53:54', '2026-04-11 19:53:54', 0);
INSERT INTO `booking_order` VALUES (6, 'ORD20260303002', 18, 7, '2026-03-03 00:00:00', '14:00', '17:00', 3.00, 2, '物质含量测定', '课程实验测定样品吸光度', 3, 5, '审核通过，注意保护光源', '2026-03-02 14:00:00', '2026-03-03 14:00:00', '2026-03-03 17:00:00', '顺利完成测定任务', 5, NULL, NULL, '2026-04-11 19:53:54', '2026-04-11 19:53:54', 0);
INSERT INTO `booking_order` VALUES (7, 'ORD20260304001', 21, 8, '2026-03-04 00:00:00', '08:00', '10:00', 2.00, 3, '细胞培养实验', '继续细胞培养观察', 3, 6, '同意', '2026-03-03 08:00:00', '2026-03-04 08:00:00', '2026-03-04 10:00:00', '细胞状态良好', 5, NULL, NULL, '2026-04-11 19:53:54', '2026-04-11 19:53:54', 0);
INSERT INTO `booking_order` VALUES (8, 'ORD20260304002', 22, 12, '2026-03-04 00:00:00', '14:00', '16:00', 2.00, 1, '微生物培养实验', '课程实验需要培养微生物', 3, 5, '审核通过', '2026-03-03 14:00:00', '2026-03-04 14:00:00', '2026-03-04 16:00:00', '培养效果良好', 4, NULL, NULL, '2026-04-11 19:53:54', '2026-04-11 19:53:54', 0);
INSERT INTO `booking_order` VALUES (9, 'ORD20260320001', 1, 7, '2026-03-20 00:00:00', '08:00', '10:00', 2.00, 2, '微生物观察实验', '课程实验需要', 4, 24, 'cscs ', '2026-03-26 22:06:05', NULL, NULL, NULL, NULL, NULL, NULL, '2026-04-11 19:53:54', '2026-04-11 19:53:54', 0);
INSERT INTO `booking_order` VALUES (10, 'ORD20260320002', 8, 8, '2026-03-20 00:00:00', '14:00', '16:00', 2.00, 3, '细胞培养实验', '科研项目需要', 2, 21, '设备临时故障，无法使用', '2026-03-31 00:33:40', NULL, NULL, NULL, NULL, NULL, NULL, '2026-04-11 19:53:54', '2026-04-11 19:53:54', 0);
INSERT INTO `booking_order` VALUES (11, 'ORD20260320003', 9, 9, '2026-03-21 00:00:00', '09:00', '12:00', 3.00, 2, '蛋白质分离实验', '毕业论文实验', 4, 21, '', '2026-03-31 00:33:12', '2026-03-31 00:42:50', NULL, NULL, NULL, NULL, NULL, '2026-04-11 19:53:54', '2026-04-11 19:53:54', 0);
INSERT INTO `booking_order` VALUES (12, 'ORD20260320004', 15, 11, '2026-03-21 00:00:00', '10:00', '12:00', 2.00, 2, '样品称量实验', '实验课需要', 2, 2, NULL, '2026-04-01 03:45:16', NULL, NULL, NULL, NULL, NULL, NULL, '2026-04-11 19:53:54', '2026-04-11 19:53:54', 0);
INSERT INTO `booking_order` VALUES (13, 'ORD20260306001', 6, 14, '2026-03-06 00:00:00', '10:00', '14:00', 4.00, 2, '电子显微镜观察', '需要使用电子显微镜观察样品', 2, 2, '电子显微镜需专业培训后才能使用，请先参加培训', '2026-03-04 10:00:00', NULL, NULL, NULL, NULL, NULL, NULL, '2026-04-11 19:53:54', '2026-04-11 19:53:54', 0);
INSERT INTO `booking_order` VALUES (14, 'ORD20260306002', 24, 7, '2026-03-06 00:00:00', '08:00', '10:00', 2.00, 1, 'PCR扩增实验', '课程实验', 2, 5, '该时段已有其他预约，请选择其他时间', '2026-03-04 08:00:00', NULL, NULL, NULL, NULL, NULL, NULL, '2026-04-11 19:53:54', '2026-04-11 19:53:54', 0);
INSERT INTO `booking_order` VALUES (15, 'ORD20260325001', 1, 7, '2026-03-25 00:00:00', '08:00', '10:00', 2.00, 2, '微生物观察实验', '课程实验', 4, 4, '审核通过', '2026-03-24 10:00:00', NULL, NULL, '系统自动取消：预约时段结束后超时未签到', NULL, NULL, NULL, '2026-04-11 19:53:54', '2026-04-11 19:53:54', 0);
INSERT INTO `booking_order` VALUES (16, 'ORD20260325002', 21, 13, '2026-03-25 00:00:00', '14:00', '16:00', 2.00, 3, '细胞培养实验', '细胞培养课程', 4, 6, '同意', '2026-03-24 14:00:00', NULL, NULL, '系统自动取消：预约时段结束后超时未签到', NULL, NULL, NULL, '2026-04-11 19:53:54', '2026-04-11 19:53:54', 0);
INSERT INTO `booking_order` VALUES (100, 'ORD20260201001', 1, 7, '2026-02-01 00:00:00', '08:00', '10:00', 2.00, 2, '微生物观察实验', '课程基础实验', 3, 4, '同意', '2026-01-31 10:00:00', '2026-02-01 08:00:00', '2026-02-01 10:00:00', '实验顺利完成', 5, NULL, NULL, '2026-04-11 19:53:54', '2026-04-11 19:53:54', 0);
INSERT INTO `booking_order` VALUES (101, 'ORD20260201002', 5, 8, '2026-02-01 00:00:00', '14:00', '16:00', 2.00, 1, '水质分析实验', '课题研究需要', 3, 4, '符合条件', '2026-01-31 14:00:00', '2026-02-01 14:00:00', '2026-02-01 16:00:00', '数据采集成功', 5, NULL, NULL, '2026-04-11 19:53:54', '2026-04-11 19:53:54', 0);
INSERT INTO `booking_order` VALUES (102, 'ORD20260202001', 9, 9, '2026-02-02 00:00:00', '09:00', '12:00', 3.00, 2, '蛋白质分离实验', '毕业论文实验', 3, 5, '审核通过', '2026-02-01 09:00:00', '2026-02-02 09:00:00', '2026-02-02 12:00:00', '分离效果良好', 5, NULL, NULL, '2026-04-11 19:53:54', '2026-04-11 19:53:54', 0);
INSERT INTO `booking_order` VALUES (103, 'ORD20260202002', 12, 10, '2026-02-02 00:00:00', '13:00', '15:00', 2.00, 1, '材料干燥实验', '课程实验', 3, 4, '同意使用', '2026-02-01 15:00:00', '2026-02-02 13:00:00', '2026-02-02 15:00:00', '干燥完成', 4, NULL, NULL, '2026-04-11 19:53:54', '2026-04-11 19:53:54', 0);
INSERT INTO `booking_order` VALUES (104, 'ORD20260203001', 15, 11, '2026-02-03 00:00:00', '10:00', '12:00', 2.00, 2, '样品称量实验', '精密称量练习', 3, 4, '教师已确认', '2026-02-02 10:00:00', '2026-02-03 10:00:00', '2026-02-03 12:00:00', '称量精度达标', 5, NULL, NULL, '2026-04-11 19:53:54', '2026-04-11 19:53:54', 0);
INSERT INTO `booking_order` VALUES (105, 'ORD20260203002', 18, 7, '2026-02-03 00:00:00', '14:00', '17:00', 3.00, 2, '物质含量测定', '课程实验', 3, 5, '审核通过', '2026-02-02 14:00:00', '2026-02-03 14:00:00', '2026-02-03 17:00:00', '测定顺利完成', 5, NULL, NULL, '2026-04-11 19:53:54', '2026-04-11 19:53:54', 0);
INSERT INTO `booking_order` VALUES (106, 'ORD20260204001', 21, 8, '2026-02-04 00:00:00', '08:00', '10:00', 2.00, 3, '细胞培养实验', '细胞培养课程', 3, 6, '同意', '2026-02-03 08:00:00', '2026-02-04 08:00:00', '2026-02-04 10:00:00', '培养效果良好', 5, NULL, NULL, '2026-04-11 19:53:54', '2026-04-11 19:53:54', 0);
INSERT INTO `booking_order` VALUES (107, 'ORD20260204002', 22, 12, '2026-02-04 00:00:00', '14:00', '16:00', 2.00, 1, '微生物培养实验', '课程实验', 3, 5, '审核通过', '2026-02-03 14:00:00', '2026-02-04 14:00:00', '2026-02-04 16:00:00', '培养成功', 4, NULL, NULL, '2026-04-11 19:53:54', '2026-04-11 19:53:54', 0);
INSERT INTO `booking_order` VALUES (108, 'ORD20260205001', 3, 9, '2026-02-05 00:00:00', '09:00', '11:00', 2.00, 2, '光谱分析实验', '课题研究', 3, 5, '符合要求', '2026-02-04 09:00:00', '2026-02-05 09:00:00', '2026-02-05 11:00:00', '分析完成', 5, NULL, NULL, '2026-04-11 19:53:54', '2026-04-11 19:53:54', 0);
INSERT INTO `booking_order` VALUES (109, 'ORD20260205002', 7, 13, '2026-02-05 00:00:00', '14:00', '16:00', 2.00, 2, '电化学实验', '课程实验', 3, 6, '同意', '2026-02-04 14:00:00', '2026-02-05 14:00:00', '2026-02-05 16:00:00', '实验顺利', 5, NULL, NULL, '2026-04-11 19:53:54', '2026-04-11 19:53:54', 0);
INSERT INTO `booking_order` VALUES (110, 'ORD20260210001', 2, 7, '2026-02-10 00:00:00', '08:00', '10:00', 2.00, 2, '显微镜观察实验', '基础实验课程', 3, 4, '同意', '2026-02-09 10:00:00', '2026-02-10 08:00:00', '2026-02-10 10:00:00', '观察效果良好', 5, NULL, NULL, '2026-04-11 19:53:54', '2026-04-11 19:53:54', 0);
INSERT INTO `booking_order` VALUES (111, 'ORD20260210002', 6, 8, '2026-02-10 00:00:00', '14:00', '16:00', 2.00, 1, '离心分离实验', '科研实验', 3, 4, '审核通过', '2026-02-09 14:00:00', '2026-02-10 14:00:00', '2026-02-10 16:00:00', '分离成功', 5, NULL, NULL, '2026-04-11 19:53:54', '2026-04-11 19:53:54', 0);
INSERT INTO `booking_order` VALUES (112, 'ORD20260210003', 10, 14, '2026-02-10 00:00:00', '09:00', '12:00', 3.00, 2, '色谱分析实验', '毕业论文', 3, 5, '符合条件', '2026-02-09 09:00:00', '2026-02-10 09:00:00', '2026-02-10 12:00:00', '分析完成', 5, NULL, NULL, '2026-04-11 19:53:54', '2026-04-11 19:53:54', 0);
INSERT INTO `booking_order` VALUES (113, 'ORD20260211001', 14, 10, '2026-02-11 00:00:00', '08:00', '10:00', 2.00, 1, '干燥灭菌实验', '课程实验', 3, 4, '同意', '2026-02-10 08:00:00', '2026-02-11 08:00:00', '2026-02-11 10:00:00', '灭菌完成', 4, NULL, NULL, '2026-04-11 19:53:54', '2026-04-11 19:53:54', 0);
INSERT INTO `booking_order` VALUES (114, 'ORD20260211002', 16, 11, '2026-02-11 00:00:00', '14:00', '16:00', 2.00, 2, '天平称量实验', '精密称量', 3, 4, '审核通过', '2026-02-10 14:00:00', '2026-02-11 14:00:00', '2026-02-11 16:00:00', '称量准确', 5, NULL, NULL, '2026-04-11 19:53:54', '2026-04-11 19:53:54', 0);
INSERT INTO `booking_order` VALUES (115, 'ORD20260212001', 19, 7, '2026-02-12 00:00:00', '09:00', '11:00', 2.00, 2, '光度测定实验', '课程实验', 3, 5, '同意', '2026-02-11 09:00:00', '2026-02-12 09:00:00', '2026-02-12 11:00:00', '测定顺利', 5, NULL, NULL, '2026-04-11 19:53:54', '2026-04-11 19:53:54', 0);
INSERT INTO `booking_order` VALUES (116, 'ORD20260212002', 23, 8, '2026-02-12 00:00:00', '14:00', '16:00', 2.00, 1, '酶活性测定', '科研项目', 3, 5, '审核通过', '2026-02-11 14:00:00', '2026-02-12 14:00:00', '2026-02-12 16:00:00', '活性检测成功', 5, NULL, NULL, '2026-04-11 19:53:54', '2026-04-11 19:53:54', 0);
INSERT INTO `booking_order` VALUES (117, 'ORD20260213001', 4, 9, '2026-02-13 00:00:00', '08:00', '10:00', 2.00, 2, '光学实验', '课题研究', 3, 5, '符合要求', '2026-02-12 08:00:00', '2026-02-13 08:00:00', '2026-02-13 10:00:00', '实验完成', 5, NULL, NULL, '2026-04-11 19:53:54', '2026-04-11 19:53:54', 0);
INSERT INTO `booking_order` VALUES (118, 'ORD20260213002', 8, 12, '2026-02-13 00:00:00', '14:00', '16:00', 2.00, 2, '细胞培养观察', '毕业论文', 3, 6, '同意', '2026-02-12 14:00:00', '2026-02-13 14:00:00', '2026-02-13 16:00:00', '观察成功', 5, NULL, NULL, '2026-04-11 19:53:54', '2026-04-11 19:53:54', 0);
INSERT INTO `booking_order` VALUES (119, 'ORD20260214001', 11, 13, '2026-02-14 00:00:00', '09:00', '12:00', 3.00, 2, 'PCR扩增实验', '课程实验', 3, 5, '审核通过', '2026-02-13 09:00:00', '2026-02-14 09:00:00', '2026-02-14 12:00:00', '扩增成功', 5, NULL, NULL, '2026-04-11 19:53:54', '2026-04-11 19:53:54', 0);
INSERT INTO `booking_order` VALUES (120, 'ORD20260214002', 17, 14, '2026-02-14 00:00:00', '14:00', '16:00', 2.00, 1, '纯化分离实验', '科研需要', 3, 5, '符合条件', '2026-02-13 14:00:00', '2026-02-14 14:00:00', '2026-02-14 16:00:00', '分离完成', 5, NULL, NULL, '2026-04-11 19:53:54', '2026-04-11 19:53:54', 0);
INSERT INTO `booking_order` VALUES (121, 'ORD20260217001', 1, 7, '2026-02-17 00:00:00', '08:00', '10:00', 2.00, 2, '微生物观察', '课程实验', 3, 4, '同意', '2026-02-16 10:00:00', '2026-02-17 08:00:00', '2026-02-17 10:00:00', '观察完成', 5, NULL, NULL, '2026-04-11 19:53:54', '2026-04-11 19:53:54', 0);
INSERT INTO `booking_order` VALUES (122, 'ORD20260217002', 5, 8, '2026-02-17 00:00:00', '14:00', '16:00', 2.00, 1, '水质检测', '课题研究', 3, 4, '审核通过', '2026-02-16 14:00:00', '2026-02-17 14:00:00', '2026-02-17 16:00:00', '检测完成', 5, NULL, NULL, '2026-04-11 19:53:54', '2026-04-11 19:53:54', 0);
INSERT INTO `booking_order` VALUES (123, 'ORD20260218001', 9, 9, '2026-02-18 00:00:00', '09:00', '12:00', 3.00, 2, '蛋白质分析', '毕业论文', 3, 5, '符合条件', '2026-02-17 09:00:00', '2026-02-18 09:00:00', '2026-02-18 12:00:00', '分析成功', 5, NULL, NULL, '2026-04-11 19:53:54', '2026-04-11 19:53:54', 0);
INSERT INTO `booking_order` VALUES (124, 'ORD20260218002', 13, 10, '2026-02-18 00:00:00', '13:00', '15:00', 2.00, 1, '高压灭菌', '课程实验', 3, 4, '同意', '2026-02-17 15:00:00', '2026-02-18 13:00:00', '2026-02-18 15:00:00', '灭菌完成', 4, NULL, NULL, '2026-04-11 19:53:54', '2026-04-11 19:53:54', 0);
INSERT INTO `booking_order` VALUES (125, 'ORD20260219001', 16, 11, '2026-02-19 00:00:00', '10:00', '12:00', 2.00, 2, '精密称量', '实验课程', 3, 4, '教师已确认', '2026-02-18 10:00:00', '2026-02-19 10:00:00', '2026-02-19 12:00:00', '称量达标', 5, NULL, NULL, '2026-04-11 19:53:54', '2026-04-11 19:53:54', 0);
INSERT INTO `booking_order` VALUES (126, 'ORD20260219002', 20, 7, '2026-02-19 00:00:00', '14:00', '16:00', 2.00, 2, '分光测定', '课程实验', 3, 5, '审核通过', '2026-02-18 14:00:00', '2026-02-19 14:00:00', '2026-02-19 16:00:00', '测定顺利', 5, NULL, NULL, '2026-04-11 19:53:54', '2026-04-11 19:53:54', 0);
INSERT INTO `booking_order` VALUES (127, 'ORD20260220001', 24, 8, '2026-02-20 00:00:00', '08:00', '10:00', 2.00, 3, 'DNA提取', '科研项目', 3, 6, '同意', '2026-02-19 08:00:00', '2026-02-20 08:00:00', '2026-02-20 10:00:00', '提取成功', 5, NULL, NULL, '2026-04-11 19:53:54', '2026-04-11 19:53:54', 0);
INSERT INTO `booking_order` VALUES (128, 'ORD20260220002', 2, 12, '2026-02-20 00:00:00', '14:00', '16:00', 2.00, 1, '显微镜操作', '课程学习', 3, 5, '审核通过', '2026-02-19 14:00:00', '2026-02-20 14:00:00', '2026-02-20 16:00:00', '操作熟练', 5, NULL, NULL, '2026-04-11 19:53:54', '2026-04-11 19:53:54', 0);
INSERT INTO `booking_order` VALUES (129, 'ORD20260221001', 6, 9, '2026-02-21 00:00:00', '09:00', '11:00', 2.00, 2, '离心实验', '课题研究', 3, 5, '符合要求', '2026-02-20 09:00:00', '2026-02-21 09:00:00', '2026-02-21 11:00:00', '离心完成', 5, NULL, NULL, '2026-04-11 19:53:54', '2026-04-11 19:53:54', 0);
INSERT INTO `booking_order` VALUES (130, 'ORD20260221002', 10, 13, '2026-02-21 00:00:00', '14:00', '16:00', 2.00, 2, '色谱分析', '毕业论文', 3, 6, '同意', '2026-02-20 14:00:00', '2026-02-21 14:00:00', '2026-02-21 16:00:00', '分析成功', 5, NULL, NULL, '2026-04-11 19:53:54', '2026-04-11 19:53:54', 0);
INSERT INTO `booking_order` VALUES (131, 'ORD20260224001', 14, 10, '2026-02-24 00:00:00', '08:00', '10:00', 2.00, 1, '高温灭菌', '课程实验', 3, 4, '同意', '2026-02-23 08:00:00', '2026-02-24 08:00:00', '2026-02-24 10:00:00', '灭菌完成', 4, NULL, NULL, '2026-04-11 19:53:54', '2026-04-11 19:53:54', 0);
INSERT INTO `booking_order` VALUES (132, 'ORD20260224002', 18, 11, '2026-02-24 00:00:00', '14:00', '16:00', 2.00, 2, '吸光度测定', '实验课程', 3, 4, '审核通过', '2026-02-23 14:00:00', '2026-02-24 14:00:00', '2026-02-24 16:00:00', '测定完成', 5, NULL, NULL, '2026-04-11 19:53:54', '2026-04-11 19:53:54', 0);
INSERT INTO `booking_order` VALUES (133, 'ORD20260225001', 22, 7, '2026-02-25 00:00:00', '09:00', '11:00', 2.00, 2, '微生物培养', '课程实验', 3, 5, '同意', '2026-02-24 09:00:00', '2026-02-25 09:00:00', '2026-02-25 11:00:00', '培养成功', 5, NULL, NULL, '2026-04-11 19:53:54', '2026-04-11 19:53:54', 0);
INSERT INTO `booking_order` VALUES (134, 'ORD20260225002', 3, 8, '2026-02-25 00:00:00', '14:00', '16:00', 2.00, 1, '光谱测量', '科研需要', 3, 5, '审核通过', '2026-02-24 14:00:00', '2026-02-25 14:00:00', '2026-02-25 16:00:00', '测量完成', 5, NULL, NULL, '2026-04-11 19:53:54', '2026-04-11 19:53:54', 0);
INSERT INTO `booking_order` VALUES (135, 'ORD20260226001', 7, 9, '2026-02-26 00:00:00', '08:00', '10:00', 2.00, 2, '电化学分析', '课题研究', 3, 5, '符合条件', '2026-02-25 08:00:00', '2026-02-26 08:00:00', '2026-02-26 10:00:00', '分析成功', 5, NULL, NULL, '2026-04-11 19:53:54', '2026-04-11 19:53:54', 0);
INSERT INTO `booking_order` VALUES (136, 'ORD20260226002', 11, 12, '2026-02-26 00:00:00', '14:00', '16:00', 2.00, 2, '基因扩增', '毕业论文', 3, 6, '同意', '2026-02-25 14:00:00', '2026-02-26 14:00:00', '2026-02-26 16:00:00', '扩增成功', 5, NULL, NULL, '2026-04-11 19:53:54', '2026-04-11 19:53:54', 0);
INSERT INTO `booking_order` VALUES (137, 'ORD20260227001', 15, 13, '2026-02-27 00:00:00', '09:00', '12:00', 3.00, 2, '蛋白质纯化', '科研项目', 3, 5, '审核通过', '2026-02-26 09:00:00', '2026-02-27 09:00:00', '2026-02-27 12:00:00', '纯化完成', 5, NULL, NULL, '2026-04-11 19:53:54', '2026-04-11 19:53:54', 0);
INSERT INTO `booking_order` VALUES (138, 'ORD20260227002', 19, 14, '2026-02-27 00:00:00', '14:00', '16:00', 2.00, 1, '物质鉴定', '课程实验', 3, 5, '符合要求', '2026-02-26 14:00:00', '2026-02-27 14:00:00', '2026-02-27 16:00:00', '鉴定完成', 5, NULL, NULL, '2026-04-11 19:53:54', '2026-04-11 19:53:54', 0);
INSERT INTO `booking_order` VALUES (139, 'ORD20260228001', 1, 7, '2026-02-28 00:00:00', '08:00', '10:00', 2.00, 2, '显微观察', '基础实验', 3, 4, '同意', '2026-02-27 08:00:00', '2026-02-28 08:00:00', '2026-02-28 10:00:00', '观察完成', 5, NULL, NULL, '2026-04-11 19:53:54', '2026-04-11 19:53:54', 0);
INSERT INTO `booking_order` VALUES (140, 'ORD20260228002', 5, 8, '2026-02-28 00:00:00', '14:00', '16:00', 2.00, 1, '水质分析', '课题研究', 3, 4, '审核通过', '2026-02-27 14:00:00', '2026-02-28 14:00:00', '2026-02-28 16:00:00', '分析完成', 5, NULL, NULL, '2026-04-11 19:53:54', '2026-04-11 19:53:54', 0);
INSERT INTO `booking_order` VALUES (141, 'ORD20260302003', 9, 9, '2026-03-02 00:00:00', '09:00', '12:00', 3.00, 2, '蛋白质分离', '毕业论文', 3, 5, '审核通过', '2026-03-01 09:00:00', '2026-03-02 09:00:00', '2026-03-02 12:00:00', '分离成功', 5, NULL, NULL, '2026-04-11 19:53:54', '2026-04-11 19:53:54', 0);
INSERT INTO `booking_order` VALUES (142, 'ORD20260303003', 12, 10, '2026-03-03 00:00:00', '13:00', '15:00', 2.00, 1, '样品干燥', '课程实验', 3, 4, '同意', '2026-03-02 15:00:00', '2026-03-03 13:00:00', '2026-03-03 15:00:00', '干燥完成', 4, NULL, NULL, '2026-04-11 19:53:54', '2026-04-11 19:53:54', 0);
INSERT INTO `booking_order` VALUES (143, 'ORD20260305001', 16, 11, '2026-03-05 00:00:00', '10:00', '12:00', 2.00, 2, '精密称量', '实验课程', 3, 4, '教师已确认', '2026-03-04 10:00:00', '2026-03-05 10:00:00', '2026-03-05 12:00:00', '称量准确', 5, NULL, NULL, '2026-04-11 19:53:54', '2026-04-11 19:53:54', 0);
INSERT INTO `booking_order` VALUES (144, 'ORD20260305002', 20, 7, '2026-03-05 00:00:00', '14:00', '17:00', 3.00, 2, '吸光度测定', '课程实验', 3, 5, '审核通过', '2026-03-04 14:00:00', '2026-03-05 14:00:00', '2026-03-05 17:00:00', '测定完成', 5, NULL, NULL, '2026-04-11 19:53:54', '2026-04-11 19:53:54', 0);
INSERT INTO `booking_order` VALUES (145, 'ORD20260307001', 24, 8, '2026-03-07 00:00:00', '08:00', '10:00', 2.00, 3, '细胞培养', '课程学习', 3, 6, '同意', '2026-03-06 08:00:00', '2026-03-07 08:00:00', '2026-03-07 10:00:00', '培养成功', 5, NULL, NULL, '2026-04-11 19:53:54', '2026-04-11 19:53:54', 0);
INSERT INTO `booking_order` VALUES (146, 'ORD20260307002', 2, 12, '2026-03-07 00:00:00', '14:00', '16:00', 2.00, 1, '微生物观察', '课程实验', 3, 5, '审核通过', '2026-03-06 14:00:00', '2026-03-07 14:00:00', '2026-03-07 16:00:00', '观察完成', 4, NULL, NULL, '2026-04-11 19:53:54', '2026-04-11 19:53:54', 0);
INSERT INTO `booking_order` VALUES (147, 'ORD20260308001', 6, 9, '2026-03-08 00:00:00', '09:00', '11:00', 2.00, 2, '离心分离', '课题研究', 3, 5, '符合要求', '2026-03-07 09:00:00', '2026-03-08 09:00:00', '2026-03-08 11:00:00', '分离完成', 5, NULL, NULL, '2026-04-11 19:53:54', '2026-04-11 19:53:54', 0);
INSERT INTO `booking_order` VALUES (148, 'ORD20260308002', 10, 13, '2026-03-08 00:00:00', '14:00', '16:00', 2.00, 2, '色谱分析', '毕业论文', 3, 6, '同意', '2026-03-07 14:00:00', '2026-03-08 14:00:00', '2026-03-08 16:00:00', '分析成功', 5, NULL, NULL, '2026-04-11 19:53:54', '2026-04-11 19:53:54', 0);
INSERT INTO `booking_order` VALUES (149, 'ORD20260309001', 14, 10, '2026-03-09 00:00:00', '08:00', '10:00', 2.00, 1, '高压灭菌', '课程实验', 3, 4, '同意', '2026-03-08 08:00:00', '2026-03-09 08:00:00', '2026-03-09 10:00:00', '灭菌完成', 4, NULL, NULL, '2026-04-11 19:53:54', '2026-04-11 19:53:54', 0);
INSERT INTO `booking_order` VALUES (150, 'ORD20260309002', 18, 11, '2026-03-09 00:00:00', '14:00', '16:00', 2.00, 2, '分光测定', '实验课程', 3, 4, '审核通过', '2026-03-08 14:00:00', '2026-03-09 14:00:00', '2026-03-09 16:00:00', '测定顺利', 5, NULL, NULL, '2026-04-11 19:53:54', '2026-04-11 19:53:54', 0);
INSERT INTO `booking_order` VALUES (151, 'ORD20260310001', 22, 7, '2026-03-10 00:00:00', '09:00', '11:00', 2.00, 2, '微生物培养', '课程实验', 3, 5, '同意', '2026-03-09 09:00:00', '2026-03-10 09:00:00', '2026-03-10 11:00:00', '培养成功', 5, NULL, NULL, '2026-04-11 19:53:54', '2026-04-11 19:53:54', 0);
INSERT INTO `booking_order` VALUES (152, 'ORD20260310002', 3, 8, '2026-03-10 00:00:00', '14:00', '16:00', 2.00, 1, '光谱测量', '科研需要', 3, 5, '审核通过', '2026-03-09 14:00:00', '2026-03-10 14:00:00', '2026-03-10 16:00:00', '测量完成', 5, NULL, NULL, '2026-04-11 19:53:54', '2026-04-11 19:53:54', 0);
INSERT INTO `booking_order` VALUES (153, 'ORD20260311001', 7, 9, '2026-03-11 00:00:00', '08:00', '10:00', 2.00, 2, '电化学实验', '课题研究', 3, 5, '符合条件', '2026-03-10 08:00:00', '2026-03-11 08:00:00', '2026-03-11 10:00:00', '实验成功', 5, NULL, NULL, '2026-04-11 19:53:54', '2026-04-11 19:53:54', 0);
INSERT INTO `booking_order` VALUES (154, 'ORD20260311002', 11, 12, '2026-03-11 00:00:00', '14:00', '16:00', 2.00, 2, 'PCR实验', '毕业论文', 3, 6, '同意', '2026-03-10 14:00:00', '2026-03-11 14:00:00', '2026-03-11 16:00:00', '扩增成功', 5, NULL, NULL, '2026-04-11 19:53:54', '2026-04-11 19:53:54', 0);
INSERT INTO `booking_order` VALUES (155, 'ORD20260312001', 15, 13, '2026-03-12 00:00:00', '09:00', '12:00', 3.00, 2, '蛋白纯化', '科研项目', 3, 5, '审核通过', '2026-03-11 09:00:00', '2026-03-12 09:00:00', '2026-03-12 12:00:00', '纯化完成', 5, NULL, NULL, '2026-04-11 19:53:54', '2026-04-11 19:53:54', 0);
INSERT INTO `booking_order` VALUES (156, 'ORD20260312002', 19, 14, '2026-03-12 00:00:00', '14:00', '16:00', 2.00, 1, '物质鉴定', '课程实验', 3, 5, '符合要求', '2026-03-11 14:00:00', '2026-03-12 14:00:00', '2026-03-12 16:00:00', '鉴定完成', 5, NULL, NULL, '2026-04-11 19:53:54', '2026-04-11 19:53:54', 0);
INSERT INTO `booking_order` VALUES (157, 'ORD20260313001', 1, 7, '2026-03-13 00:00:00', '08:00', '10:00', 2.00, 2, '显微观察', '基础实验', 3, 4, '同意', '2026-03-12 08:00:00', '2026-03-13 08:00:00', '2026-03-13 10:00:00', '观察完成', 5, NULL, NULL, '2026-04-11 19:53:54', '2026-04-11 19:53:54', 0);
INSERT INTO `booking_order` VALUES (158, 'ORD20260313002', 5, 8, '2026-03-13 00:00:00', '14:00', '16:00', 2.00, 1, '水质检测', '课题研究', 3, 4, '审核通过', '2026-03-12 14:00:00', '2026-03-13 14:00:00', '2026-03-13 16:00:00', '检测完成', 5, NULL, NULL, '2026-04-11 19:53:54', '2026-04-11 19:53:54', 0);
INSERT INTO `booking_order` VALUES (159, 'ORD20260314001', 9, 9, '2026-03-14 00:00:00', '09:00', '12:00', 3.00, 2, '蛋白质分析', '毕业论文', 3, 5, '审核通过', '2026-03-13 09:00:00', '2026-03-14 09:00:00', '2026-03-14 12:00:00', '分析成功', 5, NULL, NULL, '2026-04-11 19:53:54', '2026-04-11 19:53:54', 0);
INSERT INTO `booking_order` VALUES (160, 'ORD20260314002', 13, 10, '2026-03-14 00:00:00', '13:00', '15:00', 2.00, 1, '高压灭菌', '课程实验', 3, 4, '同意', '2026-03-13 15:00:00', '2026-03-14 13:00:00', '2026-03-14 15:00:00', '灭菌完成', 4, NULL, NULL, '2026-04-11 19:53:54', '2026-04-11 19:53:54', 0);
INSERT INTO `booking_order` VALUES (181, 'BK2026020101', 1, 7, '2026-02-01 00:00:00', '08:00', '10:00', 2.00, 2, '微生物观察实验', '课程基础实验', 3, 4, '同意', '2026-01-31 10:00:00', '2026-02-01 08:00:00', '2026-02-01 10:00:00', '实验顺利完成', 5, NULL, NULL, '2026-04-11 19:53:54', '2026-04-11 19:53:54', 0);
INSERT INTO `booking_order` VALUES (182, 'BK2026020102', 5, 8, '2026-02-01 00:00:00', '14:00', '16:00', 2.00, 1, '水质分析实验', '课题研究需要', 3, 4, '符合条件', '2026-01-31 14:00:00', '2026-02-01 14:00:00', '2026-02-01 16:00:00', '数据采集成功', 5, NULL, NULL, '2026-04-11 19:53:54', '2026-04-11 19:53:54', 0);
INSERT INTO `booking_order` VALUES (183, 'BK2026020201', 9, 9, '2026-02-02 00:00:00', '09:00', '12:00', 3.00, 2, '蛋白质分离实验', '毕业论文实验', 3, 5, '审核通过', '2026-02-01 09:00:00', '2026-02-02 09:00:00', '2026-02-02 12:00:00', '分离效果良好', 5, NULL, NULL, '2026-04-11 19:53:54', '2026-04-11 19:53:54', 0);
INSERT INTO `booking_order` VALUES (184, 'BK2026020202', 12, 10, '2026-02-02 00:00:00', '13:00', '15:00', 2.00, 1, '材料干燥实验', '课程实验', 3, 4, '同意使用', '2026-02-01 15:00:00', '2026-02-02 13:00:00', '2026-02-02 15:00:00', '干燥完成', 4, NULL, NULL, '2026-04-11 19:53:54', '2026-04-11 19:53:54', 0);
INSERT INTO `booking_order` VALUES (185, 'BK2026020301', 15, 11, '2026-02-03 00:00:00', '10:00', '12:00', 2.00, 2, '样品称量实验', '精密称量练习', 3, 4, '教师已确认', '2026-02-02 10:00:00', '2026-02-03 10:00:00', '2026-02-03 12:00:00', '称量精度达标', 5, NULL, NULL, '2026-04-11 19:53:54', '2026-04-11 19:53:54', 0);
INSERT INTO `booking_order` VALUES (186, 'BK2026020302', 18, 7, '2026-02-03 00:00:00', '14:00', '17:00', 3.00, 2, '物质含量测定', '课程实验', 3, 5, '审核通过', '2026-02-02 14:00:00', '2026-02-03 14:00:00', '2026-02-03 17:00:00', '测定顺利完成', 5, NULL, NULL, '2026-04-11 19:53:54', '2026-04-11 19:53:54', 0);
INSERT INTO `booking_order` VALUES (187, 'BK2026020401', 21, 8, '2026-02-04 00:00:00', '08:00', '10:00', 2.00, 3, '细胞培养实验', '细胞培养课程', 3, 6, '同意', '2026-02-03 08:00:00', '2026-02-04 08:00:00', '2026-02-04 10:00:00', '培养效果良好', 5, NULL, NULL, '2026-04-11 19:53:54', '2026-04-11 19:53:54', 0);
INSERT INTO `booking_order` VALUES (188, 'BK2026020402', 22, 12, '2026-02-04 00:00:00', '14:00', '16:00', 2.00, 1, '微生物培养实验', '课程实验', 3, 5, '审核通过', '2026-02-03 14:00:00', '2026-02-04 14:00:00', '2026-02-04 16:00:00', '培养成功', 4, NULL, NULL, '2026-04-11 19:53:54', '2026-04-11 19:53:54', 0);
INSERT INTO `booking_order` VALUES (189, 'BK2026020501', 3, 9, '2026-02-05 00:00:00', '09:00', '11:00', 2.00, 2, '光谱分析实验', '课题研究', 3, 5, '符合要求', '2026-02-04 09:00:00', '2026-02-05 09:00:00', '2026-02-05 11:00:00', '分析完成', 5, NULL, NULL, '2026-04-11 19:53:54', '2026-04-11 19:53:54', 0);
INSERT INTO `booking_order` VALUES (190, 'BK2026020502', 7, 13, '2026-02-05 00:00:00', '14:00', '16:00', 2.00, 2, '电化学实验', '课程实验', 3, 6, '同意', '2026-02-04 14:00:00', '2026-02-05 14:00:00', '2026-02-05 16:00:00', '实验顺利', 5, NULL, NULL, '2026-04-11 19:53:54', '2026-04-11 19:53:54', 0);
INSERT INTO `booking_order` VALUES (191, 'BK2026021001', 2, 7, '2026-02-10 00:00:00', '08:00', '10:00', 2.00, 2, '显微镜观察实验', '基础实验课程', 3, 4, '同意', '2026-02-09 10:00:00', '2026-02-10 08:00:00', '2026-02-10 10:00:00', '观察效果良好', 5, NULL, NULL, '2026-04-11 19:53:54', '2026-04-11 19:53:54', 0);
INSERT INTO `booking_order` VALUES (192, 'BK2026021002', 6, 8, '2026-02-10 00:00:00', '14:00', '16:00', 2.00, 1, '离心分离实验', '科研实验', 3, 4, '审核通过', '2026-02-09 14:00:00', '2026-02-10 14:00:00', '2026-02-10 16:00:00', '分离成功', 5, NULL, NULL, '2026-04-11 19:53:54', '2026-04-11 19:53:54', 0);
INSERT INTO `booking_order` VALUES (193, 'BK2026021003', 10, 14, '2026-02-10 00:00:00', '09:00', '12:00', 3.00, 2, '色谱分析实验', '毕业论文', 3, 5, '符合条件', '2026-02-09 09:00:00', '2026-02-10 09:00:00', '2026-02-10 12:00:00', '分析完成', 5, NULL, NULL, '2026-04-11 19:53:54', '2026-04-11 19:53:54', 0);
INSERT INTO `booking_order` VALUES (194, 'BK2026021101', 14, 10, '2026-02-11 00:00:00', '08:00', '10:00', 2.00, 1, '干燥灭菌实验', '课程实验', 3, 4, '同意', '2026-02-10 08:00:00', '2026-02-11 08:00:00', '2026-02-11 10:00:00', '灭菌完成', 4, NULL, NULL, '2026-04-11 19:53:54', '2026-04-11 19:53:54', 0);
INSERT INTO `booking_order` VALUES (195, 'BK2026021102', 16, 11, '2026-02-11 00:00:00', '14:00', '16:00', 2.00, 2, '天平称量实验', '精密称量', 3, 4, '审核通过', '2026-02-10 14:00:00', '2026-02-11 14:00:00', '2026-02-11 16:00:00', '称量准确', 5, NULL, NULL, '2026-04-11 19:53:54', '2026-04-11 19:53:54', 0);
INSERT INTO `booking_order` VALUES (196, 'BK2026021201', 19, 7, '2026-02-12 00:00:00', '09:00', '11:00', 2.00, 2, '光度测定实验', '课程实验', 3, 5, '同意', '2026-02-11 09:00:00', '2026-02-12 09:00:00', '2026-02-12 11:00:00', '测定顺利', 5, NULL, NULL, '2026-04-11 19:53:54', '2026-04-11 19:53:54', 0);
INSERT INTO `booking_order` VALUES (197, 'BK2026021202', 23, 8, '2026-02-12 00:00:00', '14:00', '16:00', 2.00, 1, '酶活性测定', '科研项目', 3, 5, '审核通过', '2026-02-11 14:00:00', '2026-02-12 14:00:00', '2026-02-12 16:00:00', '活性检测成功', 5, NULL, NULL, '2026-04-11 19:53:54', '2026-04-11 19:53:54', 0);
INSERT INTO `booking_order` VALUES (198, 'BK2026021301', 4, 9, '2026-02-13 00:00:00', '08:00', '10:00', 2.00, 2, '光学实验', '课题研究', 3, 5, '符合要求', '2026-02-12 08:00:00', '2026-02-13 08:00:00', '2026-02-13 10:00:00', '实验完成', 5, NULL, NULL, '2026-04-11 19:53:54', '2026-04-11 19:53:54', 0);
INSERT INTO `booking_order` VALUES (199, 'BK2026021302', 8, 12, '2026-02-13 00:00:00', '14:00', '16:00', 2.00, 2, '细胞培养观察', '毕业论文', 3, 6, '同意', '2026-02-12 14:00:00', '2026-02-13 14:00:00', '2026-02-13 16:00:00', '观察成功', 5, NULL, NULL, '2026-04-11 19:53:54', '2026-04-11 19:53:54', 0);
INSERT INTO `booking_order` VALUES (200, 'BK2026021401', 11, 13, '2026-02-14 00:00:00', '09:00', '12:00', 3.00, 2, 'PCR扩增实验', '课程实验', 3, 5, '审核通过', '2026-02-13 09:00:00', '2026-02-14 09:00:00', '2026-02-14 12:00:00', '扩增成功', 5, NULL, NULL, '2026-04-11 19:53:54', '2026-04-11 19:53:54', 0);
INSERT INTO `booking_order` VALUES (201, 'BK2026021402', 17, 14, '2026-02-14 00:00:00', '14:00', '16:00', 2.00, 1, '纯化分离实验', '科研需要', 3, 5, '符合条件', '2026-02-13 14:00:00', '2026-02-14 14:00:00', '2026-02-14 16:00:00', '分离完成', 5, NULL, NULL, '2026-04-11 19:53:54', '2026-04-11 19:53:54', 0);
INSERT INTO `booking_order` VALUES (202, 'BK2026021701', 1, 7, '2026-02-17 00:00:00', '08:00', '10:00', 2.00, 2, '微生物观察', '课程实验', 3, 4, '同意', '2026-02-16 10:00:00', '2026-02-17 08:00:00', '2026-02-17 10:00:00', '观察完成', 5, NULL, NULL, '2026-04-11 19:53:54', '2026-04-11 19:53:54', 0);
INSERT INTO `booking_order` VALUES (203, 'BK2026021702', 5, 8, '2026-02-17 00:00:00', '14:00', '16:00', 2.00, 1, '水质检测', '课题研究', 3, 4, '审核通过', '2026-02-16 14:00:00', '2026-02-17 14:00:00', '2026-02-17 16:00:00', '检测完成', 5, NULL, NULL, '2026-04-11 19:53:54', '2026-04-11 19:53:54', 0);
INSERT INTO `booking_order` VALUES (204, 'BK2026021801', 9, 9, '2026-02-18 00:00:00', '09:00', '12:00', 3.00, 2, '蛋白质分析', '毕业论文', 3, 5, '符合条件', '2026-02-17 09:00:00', '2026-02-18 09:00:00', '2026-02-18 12:00:00', '分析成功', 5, NULL, NULL, '2026-04-11 19:53:54', '2026-04-11 19:53:54', 0);
INSERT INTO `booking_order` VALUES (205, 'BK2026021802', 13, 10, '2026-02-18 00:00:00', '13:00', '15:00', 2.00, 1, '高压灭菌', '课程实验', 3, 4, '同意', '2026-02-17 15:00:00', '2026-02-18 13:00:00', '2026-02-18 15:00:00', '灭菌完成', 4, NULL, NULL, '2026-04-11 19:53:54', '2026-04-11 19:53:54', 0);
INSERT INTO `booking_order` VALUES (206, 'BK2026021901', 16, 11, '2026-02-19 00:00:00', '10:00', '12:00', 2.00, 2, '精密称量', '实验课程', 3, 4, '教师已确认', '2026-02-18 10:00:00', '2026-02-19 10:00:00', '2026-02-19 12:00:00', '称量达标', 5, NULL, NULL, '2026-04-11 19:53:54', '2026-04-11 19:53:54', 0);
INSERT INTO `booking_order` VALUES (207, 'BK2026021902', 20, 7, '2026-02-19 00:00:00', '14:00', '16:00', 2.00, 2, '分光测定', '课程实验', 3, 5, '审核通过', '2026-02-18 14:00:00', '2026-02-19 14:00:00', '2026-02-19 16:00:00', '测定顺利', 5, NULL, NULL, '2026-04-11 19:53:54', '2026-04-11 19:53:54', 0);
INSERT INTO `booking_order` VALUES (208, 'BK2026022001', 24, 8, '2026-02-20 00:00:00', '08:00', '10:00', 2.00, 3, 'DNA提取', '科研项目', 3, 6, '同意', '2026-02-19 08:00:00', '2026-02-20 08:00:00', '2026-02-20 10:00:00', '提取成功', 5, NULL, NULL, '2026-04-11 19:53:54', '2026-04-11 19:53:54', 0);
INSERT INTO `booking_order` VALUES (209, 'BK2026022002', 2, 12, '2026-02-20 00:00:00', '14:00', '16:00', 2.00, 1, '显微镜操作', '课程学习', 3, 5, '审核通过', '2026-02-19 14:00:00', '2026-02-20 14:00:00', '2026-02-20 16:00:00', '操作熟练', 5, NULL, NULL, '2026-04-11 19:53:54', '2026-04-11 19:53:54', 0);
INSERT INTO `booking_order` VALUES (210, 'BK2026022101', 6, 9, '2026-02-21 00:00:00', '09:00', '11:00', 2.00, 2, '离心实验', '课题研究', 3, 5, '符合要求', '2026-02-20 09:00:00', '2026-02-21 09:00:00', '2026-02-21 11:00:00', '离心完成', 5, NULL, NULL, '2026-04-11 19:53:54', '2026-04-11 19:53:54', 0);
INSERT INTO `booking_order` VALUES (211, 'BK2026022102', 10, 13, '2026-02-21 00:00:00', '14:00', '16:00', 2.00, 2, '色谱分析', '毕业论文', 3, 6, '同意', '2026-02-20 14:00:00', '2026-02-21 14:00:00', '2026-02-21 16:00:00', '分析成功', 5, NULL, NULL, '2026-04-11 19:53:54', '2026-04-11 19:53:54', 0);
INSERT INTO `booking_order` VALUES (212, 'BK2026022401', 14, 10, '2026-02-24 00:00:00', '08:00', '10:00', 2.00, 1, '高温灭菌', '课程实验', 3, 4, '同意', '2026-02-23 08:00:00', '2026-02-24 08:00:00', '2026-02-24 10:00:00', '灭菌完成', 4, NULL, NULL, '2026-04-11 19:53:54', '2026-04-11 19:53:54', 0);
INSERT INTO `booking_order` VALUES (213, 'BK2026022402', 18, 11, '2026-02-24 00:00:00', '14:00', '16:00', 2.00, 2, '吸光度测定', '实验课程', 3, 4, '审核通过', '2026-02-23 14:00:00', '2026-02-24 14:00:00', '2026-02-24 16:00:00', '测定完成', 5, NULL, NULL, '2026-04-11 19:53:54', '2026-04-11 19:53:54', 0);
INSERT INTO `booking_order` VALUES (214, 'BK2026022501', 22, 7, '2026-02-25 00:00:00', '09:00', '11:00', 2.00, 2, '微生物培养', '课程实验', 3, 5, '同意', '2026-02-24 09:00:00', '2026-02-25 09:00:00', '2026-02-25 11:00:00', '培养成功', 5, NULL, NULL, '2026-04-11 19:53:54', '2026-04-11 19:53:54', 0);
INSERT INTO `booking_order` VALUES (215, 'BK2026022502', 3, 8, '2026-02-25 00:00:00', '14:00', '16:00', 2.00, 1, '光谱测量', '科研需要', 3, 5, '审核通过', '2026-02-24 14:00:00', '2026-02-25 14:00:00', '2026-02-25 16:00:00', '测量完成', 5, NULL, NULL, '2026-04-11 19:53:54', '2026-04-11 19:53:54', 0);
INSERT INTO `booking_order` VALUES (216, 'BK2026022601', 7, 9, '2026-02-26 00:00:00', '08:00', '10:00', 2.00, 2, '电化学分析', '课题研究', 3, 5, '符合条件', '2026-02-25 08:00:00', '2026-02-26 08:00:00', '2026-02-26 10:00:00', '分析成功', 5, NULL, NULL, '2026-04-11 19:53:54', '2026-04-11 19:53:54', 0);
INSERT INTO `booking_order` VALUES (217, 'BK2026022602', 11, 12, '2026-02-26 00:00:00', '14:00', '16:00', 2.00, 2, '基因扩增', '毕业论文', 3, 6, '同意', '2026-02-25 14:00:00', '2026-02-26 14:00:00', '2026-02-26 16:00:00', '扩增成功', 5, NULL, NULL, '2026-04-11 19:53:54', '2026-04-11 19:53:54', 0);
INSERT INTO `booking_order` VALUES (218, 'BK2026022701', 15, 13, '2026-02-27 00:00:00', '09:00', '12:00', 3.00, 2, '蛋白质纯化', '科研项目', 3, 5, '审核通过', '2026-02-26 09:00:00', '2026-02-27 09:00:00', '2026-02-27 12:00:00', '纯化完成', 5, NULL, NULL, '2026-04-11 19:53:54', '2026-04-11 19:53:54', 0);
INSERT INTO `booking_order` VALUES (219, 'BK2026022702', 19, 14, '2026-02-27 00:00:00', '14:00', '16:00', 2.00, 1, '物质鉴定', '课程实验', 3, 5, '符合要求', '2026-02-26 14:00:00', '2026-02-27 14:00:00', '2026-02-27 16:00:00', '鉴定完成', 5, NULL, NULL, '2026-04-11 19:53:54', '2026-04-11 19:53:54', 0);
INSERT INTO `booking_order` VALUES (220, 'BK2026022801', 1, 7, '2026-02-28 00:00:00', '08:00', '10:00', 2.00, 2, '显微观察', '基础实验', 3, 4, '同意', '2026-02-27 08:00:00', '2026-02-28 08:00:00', '2026-02-28 10:00:00', '观察完成', 5, NULL, NULL, '2026-04-11 19:53:54', '2026-04-11 19:53:54', 0);
INSERT INTO `booking_order` VALUES (221, 'BK2026022802', 5, 8, '2026-02-28 00:00:00', '14:00', '16:00', 2.00, 1, '水质分析', '课题研究', 3, 4, '审核通过', '2026-02-27 14:00:00', '2026-02-28 14:00:00', '2026-02-28 16:00:00', '分析完成', 5, NULL, NULL, '2026-04-11 19:53:54', '2026-04-11 19:53:54', 0);
INSERT INTO `booking_order` VALUES (222, 'BK2026030201', 9, 9, '2026-03-02 00:00:00', '09:00', '12:00', 3.00, 2, '蛋白质分离', '毕业论文', 3, 5, '审核通过', '2026-03-01 09:00:00', '2026-03-02 09:00:00', '2026-03-02 12:00:00', '分离成功', 5, NULL, NULL, '2026-04-11 19:53:54', '2026-04-11 19:53:54', 0);
INSERT INTO `booking_order` VALUES (223, 'BK2026030202', 12, 10, '2026-03-03 00:00:00', '13:00', '15:00', 2.00, 1, '样品干燥', '课程实验', 3, 4, '同意', '2026-03-02 15:00:00', '2026-03-03 13:00:00', '2026-03-03 15:00:00', '干燥完成', 4, NULL, NULL, '2026-04-11 19:53:54', '2026-04-11 19:53:54', 0);
INSERT INTO `booking_order` VALUES (224, 'BK2026030301', 16, 11, '2026-03-05 00:00:00', '10:00', '12:00', 2.00, 2, '精密称量', '实验课程', 3, 4, '教师已确认', '2026-03-04 10:00:00', '2026-03-05 10:00:00', '2026-03-05 12:00:00', '称量准确', 5, NULL, NULL, '2026-04-11 19:53:54', '2026-04-11 19:53:54', 0);
INSERT INTO `booking_order` VALUES (225, 'BK2026030302', 20, 7, '2026-03-05 00:00:00', '14:00', '17:00', 3.00, 2, '吸光度测定', '课程实验', 3, 5, '审核通过', '2026-03-04 14:00:00', '2026-03-05 14:00:00', '2026-03-05 17:00:00', '测定完成', 5, NULL, NULL, '2026-04-11 19:53:54', '2026-04-11 19:53:54', 0);
INSERT INTO `booking_order` VALUES (226, 'BK2026030401', 24, 8, '2026-03-07 00:00:00', '08:00', '10:00', 2.00, 3, '细胞培养', '课程学习', 3, 6, '同意', '2026-03-06 08:00:00', '2026-03-07 08:00:00', '2026-03-07 10:00:00', '培养成功', 5, NULL, NULL, '2026-04-11 19:53:54', '2026-04-11 19:53:54', 0);
INSERT INTO `booking_order` VALUES (227, 'BK2026030402', 2, 12, '2026-03-07 00:00:00', '14:00', '16:00', 2.00, 1, '微生物观察', '课程实验', 3, 5, '审核通过', '2026-03-06 14:00:00', '2026-03-07 14:00:00', '2026-03-07 16:00:00', '观察完成', 4, NULL, NULL, '2026-04-11 19:53:54', '2026-04-11 19:53:54', 0);
INSERT INTO `booking_order` VALUES (228, 'BK2026030501', 6, 9, '2026-03-08 00:00:00', '09:00', '11:00', 2.00, 2, '离心分离', '课题研究', 3, 5, '符合要求', '2026-03-07 09:00:00', '2026-03-08 09:00:00', '2026-03-08 11:00:00', '分离完成', 5, NULL, NULL, '2026-04-11 19:53:54', '2026-04-11 19:53:54', 0);
INSERT INTO `booking_order` VALUES (229, 'BK2026030502', 10, 13, '2026-03-08 00:00:00', '14:00', '16:00', 2.00, 2, '色谱分析', '毕业论文', 3, 6, '同意', '2026-03-07 14:00:00', '2026-03-08 14:00:00', '2026-03-08 16:00:00', '分析成功', 5, NULL, NULL, '2026-04-11 19:53:54', '2026-04-11 19:53:54', 0);
INSERT INTO `booking_order` VALUES (230, 'BK2026030601', 14, 10, '2026-03-09 00:00:00', '08:00', '10:00', 2.00, 1, '高压灭菌', '课程实验', 3, 4, '同意', '2026-03-08 08:00:00', '2026-03-09 08:00:00', '2026-03-09 10:00:00', '灭菌完成', 4, NULL, NULL, '2026-04-11 19:53:54', '2026-04-11 19:53:54', 0);
INSERT INTO `booking_order` VALUES (231, 'BK2026030602', 18, 11, '2026-03-09 00:00:00', '14:00', '16:00', 2.00, 2, '分光测定', '实验课程', 3, 4, '审核通过', '2026-03-08 14:00:00', '2026-03-09 14:00:00', '2026-03-09 16:00:00', '测定顺利', 5, NULL, NULL, '2026-04-11 19:53:54', '2026-04-11 19:53:54', 0);
INSERT INTO `booking_order` VALUES (232, 'BK2026030701', 22, 7, '2026-03-10 00:00:00', '09:00', '11:00', 2.00, 2, '微生物培养', '课程实验', 3, 5, '同意', '2026-03-09 09:00:00', '2026-03-10 09:00:00', '2026-03-10 11:00:00', '培养成功', 5, NULL, NULL, '2026-04-11 19:53:54', '2026-04-11 19:53:54', 0);
INSERT INTO `booking_order` VALUES (233, 'BK2026030702', 3, 8, '2026-03-10 00:00:00', '14:00', '16:00', 2.00, 1, '光谱测量', '科研需要', 3, 5, '审核通过', '2026-03-09 14:00:00', '2026-03-10 14:00:00', '2026-03-10 16:00:00', '测量完成', 5, NULL, NULL, '2026-04-11 19:53:54', '2026-04-11 19:53:54', 0);
INSERT INTO `booking_order` VALUES (234, 'BK2026030801', 7, 9, '2026-03-11 00:00:00', '08:00', '10:00', 2.00, 2, '电化学实验', '课题研究', 3, 5, '符合条件', '2026-03-10 08:00:00', '2026-03-11 08:00:00', '2026-03-11 10:00:00', '实验成功', 5, NULL, NULL, '2026-04-11 19:53:54', '2026-04-11 19:53:54', 0);
INSERT INTO `booking_order` VALUES (235, 'BK2026030802', 11, 12, '2026-03-11 00:00:00', '14:00', '16:00', 2.00, 2, 'PCR实验', '毕业论文', 3, 6, '同意', '2026-03-10 14:00:00', '2026-03-11 14:00:00', '2026-03-11 16:00:00', '扩增成功', 5, NULL, NULL, '2026-04-11 19:53:54', '2026-04-11 19:53:54', 0);
INSERT INTO `booking_order` VALUES (236, 'BK2026030901', 15, 13, '2026-03-12 00:00:00', '09:00', '12:00', 3.00, 2, '蛋白纯化', '科研项目', 3, 5, '审核通过', '2026-03-11 09:00:00', '2026-03-12 09:00:00', '2026-03-12 12:00:00', '纯化完成', 5, NULL, NULL, '2026-04-11 19:53:54', '2026-04-11 19:53:54', 0);
INSERT INTO `booking_order` VALUES (237, 'BK2026030902', 19, 14, '2026-03-12 00:00:00', '14:00', '16:00', 2.00, 1, '物质鉴定', '课程实验', 3, 5, '符合要求', '2026-03-11 14:00:00', '2026-03-12 14:00:00', '2026-03-12 16:00:00', '鉴定完成', 5, NULL, NULL, '2026-04-11 19:53:54', '2026-04-11 19:53:54', 0);
INSERT INTO `booking_order` VALUES (238, 'BK2026031001', 1, 7, '2026-03-13 00:00:00', '08:00', '10:00', 2.00, 2, '显微观察', '基础实验', 3, 4, '同意', '2026-03-12 08:00:00', '2026-03-13 08:00:00', '2026-03-13 10:00:00', '观察完成', 5, NULL, NULL, '2026-04-11 19:53:54', '2026-04-11 19:53:54', 0);
INSERT INTO `booking_order` VALUES (239, 'BK2026031002', 5, 8, '2026-03-13 00:00:00', '14:00', '16:00', 2.00, 1, '水质检测', '课题研究', 3, 4, '审核通过', '2026-03-12 14:00:00', '2026-03-13 14:00:00', '2026-03-13 16:00:00', '检测完成', 5, NULL, NULL, '2026-04-11 19:53:54', '2026-04-11 19:53:54', 0);
INSERT INTO `booking_order` VALUES (240, 'BK2026031101', 9, 9, '2026-03-14 00:00:00', '09:00', '12:00', 3.00, 2, '蛋白质分析', '毕业论文', 3, 5, '审核通过', '2026-03-13 09:00:00', '2026-03-14 09:00:00', '2026-03-14 12:00:00', '分析成功', 5, NULL, NULL, '2026-04-11 19:53:54', '2026-04-11 19:53:54', 0);
INSERT INTO `booking_order` VALUES (241, 'BK2026031102', 13, 10, '2026-03-14 00:00:00', '13:00', '15:00', 2.00, 1, '高压灭菌', '课程实验', 3, 4, '同意', '2026-03-13 15:00:00', '2026-03-14 13:00:00', '2026-03-14 15:00:00', '灭菌完成', 4, NULL, NULL, '2026-04-11 19:53:54', '2026-04-11 19:53:54', 0);
INSERT INTO `booking_order` VALUES (252, 'EXT2026020101', 1, 7, '2026-02-01 00:00:00', '08:00', '10:00', 2.00, 2, '微生物观察实验', '课程基础实验', 3, 4, '同意', '2026-01-31 10:00:00', '2026-02-01 08:00:00', '2026-02-01 10:00:00', '实验顺利完成', 5, NULL, NULL, '2026-04-11 19:53:54', '2026-04-11 19:53:54', 0);
INSERT INTO `booking_order` VALUES (253, 'EXT2026020102', 5, 8, '2026-02-01 00:00:00', '14:00', '16:00', 2.00, 1, '水质分析实验', '课题研究需要', 3, 4, '符合条件', '2026-01-31 14:00:00', '2026-02-01 14:00:00', '2026-02-01 16:00:00', '数据采集成功', 5, NULL, NULL, '2026-04-11 19:53:54', '2026-04-11 19:53:54', 0);
INSERT INTO `booking_order` VALUES (254, 'EXT2026020201', 9, 9, '2026-02-02 00:00:00', '09:00', '12:00', 3.00, 2, '蛋白质分离实验', '毕业论文实验', 3, 5, '审核通过', '2026-02-01 09:00:00', '2026-02-02 09:00:00', '2026-02-02 12:00:00', '分离效果良好', 5, NULL, NULL, '2026-04-11 19:53:54', '2026-04-11 19:53:54', 0);
INSERT INTO `booking_order` VALUES (255, 'EXT2026020202', 12, 10, '2026-02-02 00:00:00', '13:00', '15:00', 2.00, 1, '材料干燥实验', '课程实验', 3, 4, '同意使用', '2026-02-01 15:00:00', '2026-02-02 13:00:00', '2026-02-02 15:00:00', '干燥完成', 4, NULL, NULL, '2026-04-11 19:53:54', '2026-04-11 19:53:54', 0);
INSERT INTO `booking_order` VALUES (256, 'EXT2026020301', 15, 11, '2026-02-03 00:00:00', '10:00', '12:00', 2.00, 2, '样品称量实验', '精密称量练习', 3, 4, '教师已确认', '2026-02-02 10:00:00', '2026-02-03 10:00:00', '2026-02-03 12:00:00', '称量精度达标', 5, NULL, NULL, '2026-04-11 19:53:54', '2026-04-11 19:53:54', 0);
INSERT INTO `booking_order` VALUES (257, 'EXT2026020302', 18, 7, '2026-02-03 00:00:00', '14:00', '17:00', 3.00, 2, '物质含量测定', '课程实验', 3, 5, '审核通过', '2026-02-02 14:00:00', '2026-02-03 14:00:00', '2026-02-03 17:00:00', '测定顺利完成', 5, NULL, NULL, '2026-04-11 19:53:54', '2026-04-11 19:53:54', 0);
INSERT INTO `booking_order` VALUES (258, 'EXT2026020401', 21, 8, '2026-02-04 00:00:00', '08:00', '10:00', 2.00, 3, '细胞培养实验', '细胞培养课程', 3, 6, '同意', '2026-02-03 08:00:00', '2026-02-04 08:00:00', '2026-02-04 10:00:00', '培养效果良好', 5, NULL, NULL, '2026-04-11 19:53:54', '2026-04-11 19:53:54', 0);
INSERT INTO `booking_order` VALUES (259, 'EXT2026020402', 22, 12, '2026-02-04 00:00:00', '14:00', '16:00', 2.00, 1, '微生物培养实验', '课程实验', 3, 5, '审核通过', '2026-02-03 14:00:00', '2026-02-04 14:00:00', '2026-02-04 16:00:00', '培养成功', 4, NULL, NULL, '2026-04-11 19:53:54', '2026-04-11 19:53:54', 0);
INSERT INTO `booking_order` VALUES (260, 'EXT2026020501', 3, 9, '2026-02-05 00:00:00', '09:00', '11:00', 2.00, 2, '光谱分析实验', '课题研究', 3, 5, '符合要求', '2026-02-04 09:00:00', '2026-02-05 09:00:00', '2026-02-05 11:00:00', '分析完成', 5, NULL, NULL, '2026-04-11 19:53:54', '2026-04-11 19:53:54', 0);
INSERT INTO `booking_order` VALUES (261, 'EXT2026020502', 7, 13, '2026-02-05 00:00:00', '14:00', '16:00', 2.00, 2, '电化学实验', '课程实验', 3, 6, '同意', '2026-02-04 14:00:00', '2026-02-05 14:00:00', '2026-02-05 16:00:00', '实验顺利', 5, NULL, NULL, '2026-04-11 19:53:54', '2026-04-11 19:53:54', 0);
INSERT INTO `booking_order` VALUES (262, 'EXT2026021001', 2, 7, '2026-02-10 00:00:00', '08:00', '10:00', 2.00, 2, '显微镜观察实验', '基础实验课程', 3, 4, '同意', '2026-02-09 10:00:00', '2026-02-10 08:00:00', '2026-02-10 10:00:00', '观察效果良好', 5, NULL, NULL, '2026-04-11 19:53:54', '2026-04-11 19:53:54', 0);
INSERT INTO `booking_order` VALUES (263, 'EXT2026021002', 6, 8, '2026-02-10 00:00:00', '14:00', '16:00', 2.00, 1, '离心分离实验', '科研实验', 3, 4, '审核通过', '2026-02-09 14:00:00', '2026-02-10 14:00:00', '2026-02-10 16:00:00', '分离成功', 5, NULL, NULL, '2026-04-11 19:53:54', '2026-04-11 19:53:54', 0);
INSERT INTO `booking_order` VALUES (264, 'EXT2026021003', 10, 14, '2026-02-10 00:00:00', '09:00', '12:00', 3.00, 2, '色谱分析实验', '毕业论文', 3, 5, '符合条件', '2026-02-09 09:00:00', '2026-02-10 09:00:00', '2026-02-10 12:00:00', '分析完成', 5, NULL, NULL, '2026-04-11 19:53:54', '2026-04-11 19:53:54', 0);
INSERT INTO `booking_order` VALUES (265, 'EXT2026021101', 14, 10, '2026-02-11 00:00:00', '08:00', '10:00', 2.00, 1, '干燥灭菌实验', '课程实验', 3, 4, '同意', '2026-02-10 08:00:00', '2026-02-11 08:00:00', '2026-02-11 10:00:00', '灭菌完成', 4, NULL, NULL, '2026-04-11 19:53:54', '2026-04-11 19:53:54', 0);
INSERT INTO `booking_order` VALUES (266, 'EXT2026021102', 16, 11, '2026-02-11 00:00:00', '14:00', '16:00', 2.00, 2, '天平称量实验', '精密称量', 3, 4, '审核通过', '2026-02-10 14:00:00', '2026-02-11 14:00:00', '2026-02-11 16:00:00', '称量准确', 5, NULL, NULL, '2026-04-11 19:53:54', '2026-04-11 19:53:54', 0);
INSERT INTO `booking_order` VALUES (267, 'EXT2026021201', 19, 7, '2026-02-12 00:00:00', '09:00', '11:00', 2.00, 2, '光度测定实验', '课程实验', 3, 5, '同意', '2026-02-11 09:00:00', '2026-02-12 09:00:00', '2026-02-12 11:00:00', '测定顺利', 5, NULL, NULL, '2026-04-11 19:53:54', '2026-04-11 19:53:54', 0);
INSERT INTO `booking_order` VALUES (268, 'EXT2026021202', 23, 8, '2026-02-12 00:00:00', '14:00', '16:00', 2.00, 1, '酶活性测定', '科研项目', 3, 5, '审核通过', '2026-02-11 14:00:00', '2026-02-12 14:00:00', '2026-02-12 16:00:00', '活性检测成功', 5, NULL, NULL, '2026-04-11 19:53:54', '2026-04-11 19:53:54', 0);
INSERT INTO `booking_order` VALUES (269, 'EXT2026021301', 4, 9, '2026-02-13 00:00:00', '08:00', '10:00', 2.00, 2, '光学实验', '课题研究', 3, 5, '符合要求', '2026-02-12 08:00:00', '2026-02-13 08:00:00', '2026-02-13 10:00:00', '实验完成', 5, NULL, NULL, '2026-04-11 19:53:54', '2026-04-11 19:53:54', 0);
INSERT INTO `booking_order` VALUES (270, 'EXT2026021302', 8, 12, '2026-02-13 00:00:00', '14:00', '16:00', 2.00, 2, '细胞培养观察', '毕业论文', 3, 6, '同意', '2026-02-12 14:00:00', '2026-02-13 14:00:00', '2026-02-13 16:00:00', '观察成功', 5, NULL, NULL, '2026-04-11 19:53:54', '2026-04-11 19:53:54', 0);
INSERT INTO `booking_order` VALUES (271, 'EXT2026021401', 11, 13, '2026-02-14 00:00:00', '09:00', '12:00', 3.00, 2, 'PCR扩增实验', '课程实验', 3, 5, '审核通过', '2026-02-13 09:00:00', '2026-02-14 09:00:00', '2026-02-14 12:00:00', '扩增成功', 5, NULL, NULL, '2026-04-11 19:53:54', '2026-04-11 19:53:54', 0);
INSERT INTO `booking_order` VALUES (272, 'EXT2026021402', 17, 14, '2026-02-14 00:00:00', '14:00', '16:00', 2.00, 1, '纯化分离实验', '科研需要', 3, 5, '符合条件', '2026-02-13 14:00:00', '2026-02-14 14:00:00', '2026-02-14 16:00:00', '分离完成', 5, NULL, NULL, '2026-04-11 19:53:54', '2026-04-11 19:53:54', 0);
INSERT INTO `booking_order` VALUES (273, 'EXT2026021701', 1, 7, '2026-02-17 00:00:00', '08:00', '10:00', 2.00, 2, '微生物观察', '课程实验', 3, 4, '同意', '2026-02-16 10:00:00', '2026-02-17 08:00:00', '2026-02-17 10:00:00', '观察完成', 5, NULL, NULL, '2026-04-11 19:53:54', '2026-04-11 19:53:54', 0);
INSERT INTO `booking_order` VALUES (274, 'EXT2026021702', 5, 8, '2026-02-17 00:00:00', '14:00', '16:00', 2.00, 1, '水质检测', '课题研究', 3, 4, '审核通过', '2026-02-16 14:00:00', '2026-02-17 14:00:00', '2026-02-17 16:00:00', '检测完成', 5, NULL, NULL, '2026-04-11 19:53:54', '2026-04-11 19:53:54', 0);
INSERT INTO `booking_order` VALUES (275, 'EXT2026021801', 9, 9, '2026-02-18 00:00:00', '09:00', '12:00', 3.00, 2, '蛋白质分析', '毕业论文', 3, 5, '符合条件', '2026-02-17 09:00:00', '2026-02-18 09:00:00', '2026-02-18 12:00:00', '分析成功', 5, NULL, NULL, '2026-04-11 19:53:54', '2026-04-11 19:53:54', 0);
INSERT INTO `booking_order` VALUES (276, 'EXT2026021802', 13, 10, '2026-02-18 00:00:00', '13:00', '15:00', 2.00, 1, '高压灭菌', '课程实验', 3, 4, '同意', '2026-02-17 15:00:00', '2026-02-18 13:00:00', '2026-02-18 15:00:00', '灭菌完成', 4, NULL, NULL, '2026-04-11 19:53:54', '2026-04-11 19:53:54', 0);
INSERT INTO `booking_order` VALUES (277, 'EXT2026021901', 16, 11, '2026-02-19 00:00:00', '10:00', '12:00', 2.00, 2, '精密称量', '实验课程', 3, 4, '教师已确认', '2026-02-18 10:00:00', '2026-02-19 10:00:00', '2026-02-19 12:00:00', '称量达标', 5, NULL, NULL, '2026-04-11 19:53:54', '2026-04-11 19:53:54', 0);
INSERT INTO `booking_order` VALUES (278, 'EXT2026021902', 20, 7, '2026-02-19 00:00:00', '14:00', '16:00', 2.00, 2, '分光测定', '课程实验', 3, 5, '审核通过', '2026-02-18 14:00:00', '2026-02-19 14:00:00', '2026-02-19 16:00:00', '测定顺利', 5, NULL, NULL, '2026-04-11 19:53:54', '2026-04-11 19:53:54', 0);
INSERT INTO `booking_order` VALUES (279, 'EXT2026022001', 24, 8, '2026-02-20 00:00:00', '08:00', '10:00', 2.00, 3, 'DNA提取', '科研项目', 3, 6, '同意', '2026-02-19 08:00:00', '2026-02-20 08:00:00', '2026-02-20 10:00:00', '提取成功', 5, NULL, NULL, '2026-04-11 19:53:54', '2026-04-11 19:53:54', 0);
INSERT INTO `booking_order` VALUES (280, 'EXT2026022002', 2, 12, '2026-02-20 00:00:00', '14:00', '16:00', 2.00, 1, '显微镜操作', '课程学习', 3, 5, '审核通过', '2026-02-19 14:00:00', '2026-02-20 14:00:00', '2026-02-20 16:00:00', '操作熟练', 5, NULL, NULL, '2026-04-11 19:53:54', '2026-04-11 19:53:54', 0);
INSERT INTO `booking_order` VALUES (281, 'EXT2026022101', 6, 9, '2026-02-21 00:00:00', '09:00', '11:00', 2.00, 2, '离心实验', '课题研究', 3, 5, '符合要求', '2026-02-20 09:00:00', '2026-02-21 09:00:00', '2026-02-21 11:00:00', '离心完成', 5, NULL, NULL, '2026-04-11 19:53:54', '2026-04-11 19:53:54', 0);
INSERT INTO `booking_order` VALUES (282, 'EXT2026022102', 10, 13, '2026-02-21 00:00:00', '14:00', '16:00', 2.00, 2, '色谱分析', '毕业论文', 3, 6, '同意', '2026-02-20 14:00:00', '2026-02-21 14:00:00', '2026-02-21 16:00:00', '分析成功', 5, NULL, NULL, '2026-04-11 19:53:54', '2026-04-11 19:53:54', 0);
INSERT INTO `booking_order` VALUES (283, 'EXT2026022401', 14, 10, '2026-02-24 00:00:00', '08:00', '10:00', 2.00, 1, '高温灭菌', '课程实验', 3, 4, '同意', '2026-02-23 08:00:00', '2026-02-24 08:00:00', '2026-02-24 10:00:00', '灭菌完成', 4, NULL, NULL, '2026-04-11 19:53:54', '2026-04-11 19:53:54', 0);
INSERT INTO `booking_order` VALUES (284, 'EXT2026022402', 18, 11, '2026-02-24 00:00:00', '14:00', '16:00', 2.00, 2, '吸光度测定', '实验课程', 3, 4, '审核通过', '2026-02-23 14:00:00', '2026-02-24 14:00:00', '2026-02-24 16:00:00', '测定完成', 5, NULL, NULL, '2026-04-11 19:53:54', '2026-04-11 19:53:54', 0);
INSERT INTO `booking_order` VALUES (285, 'EXT2026022501', 22, 7, '2026-02-25 00:00:00', '09:00', '11:00', 2.00, 2, '微生物培养', '课程实验', 3, 5, '同意', '2026-02-24 09:00:00', '2026-02-25 09:00:00', '2026-02-25 11:00:00', '培养成功', 5, NULL, NULL, '2026-04-11 19:53:54', '2026-04-11 19:53:54', 0);
INSERT INTO `booking_order` VALUES (286, 'EXT2026022502', 3, 8, '2026-02-25 00:00:00', '14:00', '16:00', 2.00, 1, '光谱测量', '科研需要', 3, 5, '审核通过', '2026-02-24 14:00:00', '2026-02-25 14:00:00', '2026-02-25 16:00:00', '测量完成', 5, NULL, NULL, '2026-04-11 19:53:54', '2026-04-11 19:53:54', 0);
INSERT INTO `booking_order` VALUES (287, 'EXT2026022601', 7, 9, '2026-02-26 00:00:00', '08:00', '10:00', 2.00, 2, '电化学分析', '课题研究', 3, 5, '符合条件', '2026-02-25 08:00:00', '2026-02-26 08:00:00', '2026-02-26 10:00:00', '分析成功', 5, NULL, NULL, '2026-04-11 19:53:54', '2026-04-11 19:53:54', 0);
INSERT INTO `booking_order` VALUES (288, 'EXT2026022602', 11, 12, '2026-02-26 00:00:00', '14:00', '16:00', 2.00, 2, '基因扩增', '毕业论文', 3, 6, '同意', '2026-02-25 14:00:00', '2026-02-26 14:00:00', '2026-02-26 16:00:00', '扩增成功', 5, NULL, NULL, '2026-04-11 19:53:54', '2026-04-11 19:53:54', 0);
INSERT INTO `booking_order` VALUES (289, 'EXT2026022701', 15, 13, '2026-02-27 00:00:00', '09:00', '12:00', 3.00, 2, '蛋白质纯化', '科研项目', 3, 5, '审核通过', '2026-02-26 09:00:00', '2026-02-27 09:00:00', '2026-02-27 12:00:00', '纯化完成', 5, NULL, NULL, '2026-04-11 19:53:54', '2026-04-11 19:53:54', 0);
INSERT INTO `booking_order` VALUES (290, 'EXT2026022702', 19, 14, '2026-02-27 00:00:00', '14:00', '16:00', 2.00, 1, '物质鉴定', '课程实验', 3, 5, '符合要求', '2026-02-26 14:00:00', '2026-02-27 14:00:00', '2026-02-27 16:00:00', '鉴定完成', 5, NULL, NULL, '2026-04-11 19:53:54', '2026-04-11 19:53:54', 0);
INSERT INTO `booking_order` VALUES (291, 'EXT2026022801', 1, 7, '2026-02-28 00:00:00', '08:00', '10:00', 2.00, 2, '显微观察', '基础实验', 3, 4, '同意', '2026-02-27 08:00:00', '2026-02-28 08:00:00', '2026-02-28 10:00:00', '观察完成', 5, NULL, NULL, '2026-04-11 19:53:54', '2026-04-11 19:53:54', 0);
INSERT INTO `booking_order` VALUES (292, 'EXT2026022802', 5, 8, '2026-02-28 00:00:00', '14:00', '16:00', 2.00, 1, '水质分析', '课题研究', 3, 4, '审核通过', '2026-02-27 14:00:00', '2026-02-28 14:00:00', '2026-02-28 16:00:00', '分析完成', 5, NULL, NULL, '2026-04-11 19:53:54', '2026-04-11 19:53:54', 0);
INSERT INTO `booking_order` VALUES (293, 'EXT2026030201', 9, 9, '2026-03-02 00:00:00', '09:00', '12:00', 3.00, 2, '蛋白质分离', '毕业论文', 3, 5, '审核通过', '2026-03-01 09:00:00', '2026-03-02 09:00:00', '2026-03-02 12:00:00', '分离成功', 5, NULL, NULL, '2026-04-11 19:53:54', '2026-04-11 19:53:54', 0);
INSERT INTO `booking_order` VALUES (294, 'EXT2026030202', 12, 10, '2026-03-03 00:00:00', '13:00', '15:00', 2.00, 1, '样品干燥', '课程实验', 3, 4, '同意', '2026-03-02 15:00:00', '2026-03-03 13:00:00', '2026-03-03 15:00:00', '干燥完成', 4, NULL, NULL, '2026-04-11 19:53:54', '2026-04-11 19:53:54', 0);
INSERT INTO `booking_order` VALUES (295, 'EXT2026030301', 16, 11, '2026-03-05 00:00:00', '10:00', '12:00', 2.00, 2, '精密称量', '实验课程', 3, 4, '教师已确认', '2026-03-04 10:00:00', '2026-03-05 10:00:00', '2026-03-05 12:00:00', '称量准确', 5, NULL, NULL, '2026-04-11 19:53:54', '2026-04-11 19:53:54', 0);
INSERT INTO `booking_order` VALUES (296, 'EXT2026030302', 20, 7, '2026-03-05 00:00:00', '14:00', '17:00', 3.00, 2, '吸光度测定', '课程实验', 3, 5, '审核通过', '2026-03-04 14:00:00', '2026-03-05 14:00:00', '2026-03-05 17:00:00', '测定完成', 5, NULL, NULL, '2026-04-11 19:53:54', '2026-04-11 19:53:54', 0);
INSERT INTO `booking_order` VALUES (297, 'EXT2026030401', 24, 8, '2026-03-07 00:00:00', '08:00', '10:00', 2.00, 3, '细胞培养', '课程学习', 3, 6, '同意', '2026-03-06 08:00:00', '2026-03-07 08:00:00', '2026-03-07 10:00:00', '培养成功', 5, NULL, NULL, '2026-04-11 19:53:54', '2026-04-11 19:53:54', 0);
INSERT INTO `booking_order` VALUES (298, 'EXT2026030402', 2, 12, '2026-03-07 00:00:00', '14:00', '16:00', 2.00, 1, '微生物观察', '课程实验', 3, 5, '审核通过', '2026-03-06 14:00:00', '2026-03-07 14:00:00', '2026-03-07 16:00:00', '观察完成', 4, NULL, NULL, '2026-04-11 19:53:54', '2026-04-11 19:53:54', 0);
INSERT INTO `booking_order` VALUES (299, 'EXT2026030501', 6, 9, '2026-03-08 00:00:00', '09:00', '11:00', 2.00, 2, '离心分离', '课题研究', 3, 5, '符合要求', '2026-03-07 09:00:00', '2026-03-08 09:00:00', '2026-03-08 11:00:00', '分离完成', 5, NULL, NULL, '2026-04-11 19:53:54', '2026-04-11 19:53:54', 0);
INSERT INTO `booking_order` VALUES (300, 'EXT2026030502', 10, 13, '2026-03-08 00:00:00', '14:00', '16:00', 2.00, 2, '色谱分析', '毕业论文', 3, 6, '同意', '2026-03-07 14:00:00', '2026-03-08 14:00:00', '2026-03-08 16:00:00', '分析成功', 5, NULL, NULL, '2026-04-11 19:53:54', '2026-04-11 19:53:54', 0);
INSERT INTO `booking_order` VALUES (301, 'EXT2026030601', 14, 10, '2026-03-09 00:00:00', '08:00', '10:00', 2.00, 1, '高压灭菌', '课程实验', 3, 4, '同意', '2026-03-08 08:00:00', '2026-03-09 08:00:00', '2026-03-09 10:00:00', '灭菌完成', 4, NULL, NULL, '2026-04-11 19:53:54', '2026-04-11 19:53:54', 0);
INSERT INTO `booking_order` VALUES (302, 'EXT2026030602', 18, 11, '2026-03-09 00:00:00', '14:00', '16:00', 2.00, 2, '分光测定', '实验课程', 3, 4, '审核通过', '2026-03-08 14:00:00', '2026-03-09 14:00:00', '2026-03-09 16:00:00', '测定顺利', 5, NULL, NULL, '2026-04-11 19:53:54', '2026-04-11 19:53:54', 0);
INSERT INTO `booking_order` VALUES (303, 'EXT2026030701', 22, 7, '2026-03-10 00:00:00', '09:00', '11:00', 2.00, 2, '微生物培养', '课程实验', 3, 5, '同意', '2026-03-09 09:00:00', '2026-03-10 09:00:00', '2026-03-10 11:00:00', '培养成功', 5, NULL, NULL, '2026-04-11 19:53:54', '2026-04-11 19:53:54', 0);
INSERT INTO `booking_order` VALUES (304, 'EXT2026030702', 3, 8, '2026-03-10 00:00:00', '14:00', '16:00', 2.00, 1, '光谱测量', '科研需要', 3, 5, '审核通过', '2026-03-09 14:00:00', '2026-03-10 14:00:00', '2026-03-10 16:00:00', '测量完成', 5, NULL, NULL, '2026-04-11 19:53:54', '2026-04-11 19:53:54', 0);
INSERT INTO `booking_order` VALUES (305, 'EXT2026030801', 7, 9, '2026-03-11 00:00:00', '08:00', '10:00', 2.00, 2, '电化学实验', '课题研究', 3, 5, '符合条件', '2026-03-10 08:00:00', '2026-03-11 08:00:00', '2026-03-11 10:00:00', '实验成功', 5, NULL, NULL, '2026-04-11 19:53:54', '2026-04-11 19:53:54', 0);
INSERT INTO `booking_order` VALUES (306, 'EXT2026030802', 11, 12, '2026-03-11 00:00:00', '14:00', '16:00', 2.00, 2, 'PCR实验', '毕业论文', 3, 6, '同意', '2026-03-10 14:00:00', '2026-03-11 14:00:00', '2026-03-11 16:00:00', '扩增成功', 5, NULL, NULL, '2026-04-11 19:53:54', '2026-04-11 19:53:54', 0);
INSERT INTO `booking_order` VALUES (307, 'EXT2026030901', 15, 13, '2026-03-12 00:00:00', '09:00', '12:00', 3.00, 2, '蛋白纯化', '科研项目', 3, 5, '审核通过', '2026-03-11 09:00:00', '2026-03-12 09:00:00', '2026-03-12 12:00:00', '纯化完成', 5, NULL, NULL, '2026-04-11 19:53:54', '2026-04-11 19:53:54', 0);
INSERT INTO `booking_order` VALUES (308, 'EXT2026030902', 19, 14, '2026-03-12 00:00:00', '14:00', '16:00', 2.00, 1, '物质鉴定', '课程实验', 3, 5, '符合要求', '2026-03-11 14:00:00', '2026-03-12 14:00:00', '2026-03-12 16:00:00', '鉴定完成', 5, NULL, NULL, '2026-04-11 19:53:54', '2026-04-11 19:53:54', 0);
INSERT INTO `booking_order` VALUES (309, 'EXT2026031001', 1, 7, '2026-03-13 00:00:00', '08:00', '10:00', 2.00, 2, '显微观察', '基础实验', 3, 4, '同意', '2026-03-12 08:00:00', '2026-03-13 08:00:00', '2026-03-13 10:00:00', '观察完成', 5, NULL, NULL, '2026-04-11 19:53:54', '2026-04-11 19:53:54', 0);
INSERT INTO `booking_order` VALUES (310, 'EXT2026031002', 5, 8, '2026-03-13 00:00:00', '14:00', '16:00', 2.00, 1, '水质检测', '课题研究', 3, 4, '审核通过', '2026-03-12 14:00:00', '2026-03-13 14:00:00', '2026-03-13 16:00:00', '检测完成', 5, NULL, NULL, '2026-04-11 19:53:54', '2026-04-11 19:53:54', 0);
INSERT INTO `booking_order` VALUES (311, 'EXT2026031101', 9, 9, '2026-03-14 00:00:00', '09:00', '12:00', 3.00, 2, '蛋白质分析', '毕业论文', 3, 5, '审核通过', '2026-03-13 09:00:00', '2026-03-14 09:00:00', '2026-03-14 12:00:00', '分析成功', 5, NULL, NULL, '2026-04-11 19:53:54', '2026-04-11 19:53:54', 0);
INSERT INTO `booking_order` VALUES (312, 'EXT2026031102', 13, 10, '2026-03-14 00:00:00', '13:00', '15:00', 2.00, 1, '高压灭菌', '课程实验', 3, 4, '同意', '2026-03-13 15:00:00', '2026-03-14 13:00:00', '2026-03-14 15:00:00', '灭菌完成', 4, NULL, NULL, '2026-04-11 19:53:54', '2026-04-11 19:53:54', 0);
INSERT INTO `booking_order` VALUES (323, 'BSP2026020101', 1, 7, '2026-02-01 00:00:00', '08:00', '10:00', 2.00, 2, '微生物观察实验', '课程基础实验', 3, 4, '同意', '2026-01-31 10:00:00', '2026-02-01 08:00:00', '2026-02-01 10:00:00', '实验顺利完成', 5, NULL, NULL, '2026-04-11 19:53:54', '2026-04-11 19:53:54', 0);
INSERT INTO `booking_order` VALUES (324, 'BSP2026020102', 5, 8, '2026-02-01 00:00:00', '14:00', '16:00', 2.00, 1, '水质分析实验', '课题研究需要', 3, 4, '符合条件', '2026-01-31 14:00:00', '2026-02-01 14:00:00', '2026-02-01 16:00:00', '数据采集成功', 5, NULL, NULL, '2026-04-11 19:53:54', '2026-04-11 19:53:54', 0);
INSERT INTO `booking_order` VALUES (325, 'BSP2026020201', 9, 9, '2026-02-02 00:00:00', '09:00', '12:00', 3.00, 2, '蛋白质分离实验', '毕业论文实验', 3, 5, '审核通过', '2026-02-01 09:00:00', '2026-02-02 09:00:00', '2026-02-02 12:00:00', '分离效果良好', 5, NULL, NULL, '2026-04-11 19:53:54', '2026-04-11 19:53:54', 0);
INSERT INTO `booking_order` VALUES (326, 'BSP2026020202', 12, 10, '2026-02-02 00:00:00', '13:00', '15:00', 2.00, 1, '材料干燥实验', '课程实验', 3, 4, '同意使用', '2026-02-01 15:00:00', '2026-02-02 13:00:00', '2026-02-02 15:00:00', '干燥完成', 4, NULL, NULL, '2026-04-11 19:53:54', '2026-04-11 19:53:54', 0);
INSERT INTO `booking_order` VALUES (327, 'BSP2026020301', 15, 11, '2026-02-03 00:00:00', '10:00', '12:00', 2.00, 2, '样品称量实验', '精密称量练习', 3, 4, '教师已确认', '2026-02-02 10:00:00', '2026-02-03 10:00:00', '2026-02-03 12:00:00', '称量精度达标', 5, NULL, NULL, '2026-04-11 19:53:54', '2026-04-11 19:53:54', 0);
INSERT INTO `booking_order` VALUES (328, 'BSP2026020302', 18, 7, '2026-02-03 00:00:00', '14:00', '17:00', 3.00, 2, '物质含量测定', '课程实验', 3, 5, '审核通过', '2026-02-02 14:00:00', '2026-02-03 14:00:00', '2026-02-03 17:00:00', '测定顺利完成', 5, NULL, NULL, '2026-04-11 19:53:54', '2026-04-11 19:53:54', 0);
INSERT INTO `booking_order` VALUES (329, 'BSP2026020401', 21, 8, '2026-02-04 00:00:00', '08:00', '10:00', 2.00, 3, '细胞培养实验', '细胞培养课程', 3, 6, '同意', '2026-02-03 08:00:00', '2026-02-04 08:00:00', '2026-02-04 10:00:00', '培养效果良好', 5, NULL, NULL, '2026-04-11 19:53:54', '2026-04-11 19:53:54', 0);
INSERT INTO `booking_order` VALUES (330, 'BSP2026020402', 22, 12, '2026-02-04 00:00:00', '14:00', '16:00', 2.00, 1, '微生物培养实验', '课程实验', 3, 5, '审核通过', '2026-02-03 14:00:00', '2026-02-04 14:00:00', '2026-02-04 16:00:00', '培养成功', 4, NULL, NULL, '2026-04-11 19:53:54', '2026-04-11 19:53:54', 0);
INSERT INTO `booking_order` VALUES (331, 'BSP2026020501', 3, 9, '2026-02-05 00:00:00', '09:00', '11:00', 2.00, 2, '光谱分析实验', '课题研究', 3, 5, '符合要求', '2026-02-04 09:00:00', '2026-02-05 09:00:00', '2026-02-05 11:00:00', '分析完成', 5, NULL, NULL, '2026-04-11 19:53:54', '2026-04-11 19:53:54', 0);
INSERT INTO `booking_order` VALUES (332, 'BSP2026020502', 7, 13, '2026-02-05 00:00:00', '14:00', '16:00', 2.00, 2, '电化学实验', '课程实验', 3, 6, '同意', '2026-02-04 14:00:00', '2026-02-05 14:00:00', '2026-02-05 16:00:00', '实验顺利', 5, NULL, NULL, '2026-04-11 19:53:54', '2026-04-11 19:53:54', 0);
INSERT INTO `booking_order` VALUES (333, 'BSP2026021001', 2, 7, '2026-02-10 00:00:00', '08:00', '10:00', 2.00, 2, '显微镜观察实验', '基础实验课程', 3, 4, '同意', '2026-02-09 10:00:00', '2026-02-10 08:00:00', '2026-02-10 10:00:00', '观察效果良好', 5, NULL, NULL, '2026-04-11 19:53:54', '2026-04-11 19:53:54', 0);
INSERT INTO `booking_order` VALUES (334, 'BSP2026021002', 6, 8, '2026-02-10 00:00:00', '14:00', '16:00', 2.00, 1, '离心分离实验', '科研实验', 3, 4, '审核通过', '2026-02-09 14:00:00', '2026-02-10 14:00:00', '2026-02-10 16:00:00', '分离成功', 5, NULL, NULL, '2026-04-11 19:53:54', '2026-04-11 19:53:54', 0);
INSERT INTO `booking_order` VALUES (335, 'BSP2026021003', 10, 14, '2026-02-10 00:00:00', '09:00', '12:00', 3.00, 2, '色谱分析实验', '毕业论文', 3, 5, '符合条件', '2026-02-09 09:00:00', '2026-02-10 09:00:00', '2026-02-10 12:00:00', '分析完成', 5, NULL, NULL, '2026-04-11 19:53:54', '2026-04-11 19:53:54', 0);
INSERT INTO `booking_order` VALUES (336, 'BSP2026021101', 14, 10, '2026-02-11 00:00:00', '08:00', '10:00', 2.00, 1, '干燥灭菌实验', '课程实验', 3, 4, '同意', '2026-02-10 08:00:00', '2026-02-11 08:00:00', '2026-02-11 10:00:00', '灭菌完成', 4, NULL, NULL, '2026-04-11 19:53:54', '2026-04-11 19:53:54', 0);
INSERT INTO `booking_order` VALUES (337, 'BSP2026021102', 16, 11, '2026-02-11 00:00:00', '14:00', '16:00', 2.00, 2, '天平称量实验', '精密称量', 3, 4, '审核通过', '2026-02-10 14:00:00', '2026-02-11 14:00:00', '2026-02-11 16:00:00', '称量准确', 5, NULL, NULL, '2026-04-11 19:53:54', '2026-04-11 19:53:54', 0);
INSERT INTO `booking_order` VALUES (338, 'BSP2026021201', 19, 7, '2026-02-12 00:00:00', '09:00', '11:00', 2.00, 2, '光度测定实验', '课程实验', 3, 5, '同意', '2026-02-11 09:00:00', '2026-02-12 09:00:00', '2026-02-12 11:00:00', '测定顺利', 5, NULL, NULL, '2026-04-11 19:53:54', '2026-04-11 19:53:54', 0);
INSERT INTO `booking_order` VALUES (339, 'BSP2026021202', 23, 8, '2026-02-12 00:00:00', '14:00', '16:00', 2.00, 1, '酶活性测定', '科研项目', 3, 5, '审核通过', '2026-02-11 14:00:00', '2026-02-12 14:00:00', '2026-02-12 16:00:00', '活性检测成功', 5, NULL, NULL, '2026-04-11 19:53:54', '2026-04-11 19:53:54', 0);
INSERT INTO `booking_order` VALUES (340, 'BSP2026021301', 4, 9, '2026-02-13 00:00:00', '08:00', '10:00', 2.00, 2, '光学实验', '课题研究', 3, 5, '符合要求', '2026-02-12 08:00:00', '2026-02-13 08:00:00', '2026-02-13 10:00:00', '实验完成', 5, NULL, NULL, '2026-04-11 19:53:54', '2026-04-11 19:53:54', 0);
INSERT INTO `booking_order` VALUES (341, 'BSP2026021302', 8, 12, '2026-02-13 00:00:00', '14:00', '16:00', 2.00, 2, '细胞培养观察', '毕业论文', 3, 6, '同意', '2026-02-12 14:00:00', '2026-02-13 14:00:00', '2026-02-13 16:00:00', '观察成功', 5, NULL, NULL, '2026-04-11 19:53:54', '2026-04-11 19:53:54', 0);
INSERT INTO `booking_order` VALUES (342, 'BSP2026021401', 11, 13, '2026-02-14 00:00:00', '09:00', '12:00', 3.00, 2, 'PCR扩增实验', '课程实验', 3, 5, '审核通过', '2026-02-13 09:00:00', '2026-02-14 09:00:00', '2026-02-14 12:00:00', '扩增成功', 5, NULL, NULL, '2026-04-11 19:53:54', '2026-04-11 19:53:54', 0);
INSERT INTO `booking_order` VALUES (343, 'BSP2026021402', 17, 14, '2026-02-14 00:00:00', '14:00', '16:00', 2.00, 1, '纯化分离实验', '科研需要', 3, 5, '符合条件', '2026-02-13 14:00:00', '2026-02-14 14:00:00', '2026-02-14 16:00:00', '分离完成', 5, NULL, NULL, '2026-04-11 19:53:54', '2026-04-11 19:53:54', 0);
INSERT INTO `booking_order` VALUES (344, 'BSP2026021701', 1, 7, '2026-02-17 00:00:00', '08:00', '10:00', 2.00, 2, '微生物观察', '课程实验', 3, 4, '同意', '2026-02-16 10:00:00', '2026-02-17 08:00:00', '2026-02-17 10:00:00', '观察完成', 5, NULL, NULL, '2026-04-11 19:53:54', '2026-04-11 19:53:54', 0);
INSERT INTO `booking_order` VALUES (345, 'BSP2026021702', 5, 8, '2026-02-17 00:00:00', '14:00', '16:00', 2.00, 1, '水质检测', '课题研究', 3, 4, '审核通过', '2026-02-16 14:00:00', '2026-02-17 14:00:00', '2026-02-17 16:00:00', '检测完成', 5, NULL, NULL, '2026-04-11 19:53:54', '2026-04-11 19:53:54', 0);
INSERT INTO `booking_order` VALUES (346, 'BSP2026021801', 9, 9, '2026-02-18 00:00:00', '09:00', '12:00', 3.00, 2, '蛋白质分析', '毕业论文', 3, 5, '符合条件', '2026-02-17 09:00:00', '2026-02-18 09:00:00', '2026-02-18 12:00:00', '分析成功', 5, NULL, NULL, '2026-04-11 19:53:54', '2026-04-11 19:53:54', 0);
INSERT INTO `booking_order` VALUES (347, 'BSP2026021802', 13, 10, '2026-02-18 00:00:00', '13:00', '15:00', 2.00, 1, '高压灭菌', '课程实验', 3, 4, '同意', '2026-02-17 15:00:00', '2026-02-18 13:00:00', '2026-02-18 15:00:00', '灭菌完成', 4, NULL, NULL, '2026-04-11 19:53:54', '2026-04-11 19:53:54', 0);
INSERT INTO `booking_order` VALUES (348, 'BSP2026021901', 16, 11, '2026-02-19 00:00:00', '10:00', '12:00', 2.00, 2, '精密称量', '实验课程', 3, 4, '教师已确认', '2026-02-18 10:00:00', '2026-02-19 10:00:00', '2026-02-19 12:00:00', '称量达标', 5, NULL, NULL, '2026-04-11 19:53:54', '2026-04-11 19:53:54', 0);
INSERT INTO `booking_order` VALUES (349, 'BSP2026021902', 20, 7, '2026-02-19 00:00:00', '14:00', '16:00', 2.00, 2, '分光测定', '课程实验', 3, 5, '审核通过', '2026-02-18 14:00:00', '2026-02-19 14:00:00', '2026-02-19 16:00:00', '测定顺利', 5, NULL, NULL, '2026-04-11 19:53:54', '2026-04-11 19:53:54', 0);
INSERT INTO `booking_order` VALUES (350, 'BSP2026022001', 24, 8, '2026-02-20 00:00:00', '08:00', '10:00', 2.00, 3, 'DNA提取', '科研项目', 3, 6, '同意', '2026-02-19 08:00:00', '2026-02-20 08:00:00', '2026-02-20 10:00:00', '提取成功', 5, NULL, NULL, '2026-04-11 19:53:54', '2026-04-11 19:53:54', 0);
INSERT INTO `booking_order` VALUES (351, 'BSP2026022002', 2, 12, '2026-02-20 00:00:00', '14:00', '16:00', 2.00, 1, '显微镜操作', '课程学习', 3, 5, '审核通过', '2026-02-19 14:00:00', '2026-02-20 14:00:00', '2026-02-20 16:00:00', '操作熟练', 5, NULL, NULL, '2026-04-11 19:53:54', '2026-04-11 19:53:54', 0);
INSERT INTO `booking_order` VALUES (352, 'BSP2026022101', 6, 9, '2026-02-21 00:00:00', '09:00', '11:00', 2.00, 2, '离心实验', '课题研究', 3, 5, '符合要求', '2026-02-20 09:00:00', '2026-02-21 09:00:00', '2026-02-21 11:00:00', '离心完成', 5, NULL, NULL, '2026-04-11 19:53:54', '2026-04-11 19:53:54', 0);
INSERT INTO `booking_order` VALUES (353, 'BSP2026022102', 10, 13, '2026-02-21 00:00:00', '14:00', '16:00', 2.00, 2, '色谱分析', '毕业论文', 3, 6, '同意', '2026-02-20 14:00:00', '2026-02-21 14:00:00', '2026-02-21 16:00:00', '分析成功', 5, NULL, NULL, '2026-04-11 19:53:54', '2026-04-11 19:53:54', 0);
INSERT INTO `booking_order` VALUES (354, 'BSP2026022401', 14, 10, '2026-02-24 00:00:00', '08:00', '10:00', 2.00, 1, '高温灭菌', '课程实验', 3, 4, '同意', '2026-02-23 08:00:00', '2026-02-24 08:00:00', '2026-02-24 10:00:00', '灭菌完成', 4, NULL, NULL, '2026-04-11 19:53:54', '2026-04-11 19:53:54', 0);
INSERT INTO `booking_order` VALUES (355, 'BSP2026022402', 18, 11, '2026-02-24 00:00:00', '14:00', '16:00', 2.00, 2, '吸光度测定', '实验课程', 3, 4, '审核通过', '2026-02-23 14:00:00', '2026-02-24 14:00:00', '2026-02-24 16:00:00', '测定完成', 5, NULL, NULL, '2026-04-11 19:53:54', '2026-04-11 19:53:54', 0);
INSERT INTO `booking_order` VALUES (356, 'BSP2026022501', 22, 7, '2026-02-25 00:00:00', '09:00', '11:00', 2.00, 2, '微生物培养', '课程实验', 3, 5, '同意', '2026-02-24 09:00:00', '2026-02-25 09:00:00', '2026-02-25 11:00:00', '培养成功', 5, NULL, NULL, '2026-04-11 19:53:54', '2026-04-11 19:53:54', 0);
INSERT INTO `booking_order` VALUES (357, 'BSP2026022502', 3, 8, '2026-02-25 00:00:00', '14:00', '16:00', 2.00, 1, '光谱测量', '科研需要', 3, 5, '审核通过', '2026-02-24 14:00:00', '2026-02-25 14:00:00', '2026-02-25 16:00:00', '测量完成', 5, NULL, NULL, '2026-04-11 19:53:54', '2026-04-11 19:53:54', 0);
INSERT INTO `booking_order` VALUES (358, 'BSP2026022601', 7, 9, '2026-02-26 00:00:00', '08:00', '10:00', 2.00, 2, '电化学分析', '课题研究', 3, 5, '符合条件', '2026-02-25 08:00:00', '2026-02-26 08:00:00', '2026-02-26 10:00:00', '分析成功', 5, NULL, NULL, '2026-04-11 19:53:54', '2026-04-11 19:53:54', 0);
INSERT INTO `booking_order` VALUES (359, 'BSP2026022602', 11, 12, '2026-02-26 00:00:00', '14:00', '16:00', 2.00, 2, '基因扩增', '毕业论文', 3, 6, '同意', '2026-02-25 14:00:00', '2026-02-26 14:00:00', '2026-02-26 16:00:00', '扩增成功', 5, NULL, NULL, '2026-04-11 19:53:54', '2026-04-11 19:53:54', 0);
INSERT INTO `booking_order` VALUES (360, 'BSP2026022701', 15, 13, '2026-02-27 00:00:00', '09:00', '12:00', 3.00, 2, '蛋白质纯化', '科研项目', 3, 5, '审核通过', '2026-02-26 09:00:00', '2026-02-27 09:00:00', '2026-02-27 12:00:00', '纯化完成', 5, NULL, NULL, '2026-04-11 19:53:54', '2026-04-11 19:53:54', 0);
INSERT INTO `booking_order` VALUES (361, 'BSP2026022702', 19, 14, '2026-02-27 00:00:00', '14:00', '16:00', 2.00, 1, '物质鉴定', '课程实验', 3, 5, '符合要求', '2026-02-26 14:00:00', '2026-02-27 14:00:00', '2026-02-27 16:00:00', '鉴定完成', 5, NULL, NULL, '2026-04-11 19:53:54', '2026-04-11 19:53:54', 0);
INSERT INTO `booking_order` VALUES (362, 'BSP2026022801', 1, 7, '2026-02-28 00:00:00', '08:00', '10:00', 2.00, 2, '显微观察', '基础实验', 3, 4, '同意', '2026-02-27 08:00:00', '2026-02-28 08:00:00', '2026-02-28 10:00:00', '观察完成', 5, NULL, NULL, '2026-04-11 19:53:54', '2026-04-11 19:53:54', 0);
INSERT INTO `booking_order` VALUES (363, 'BSP2026022802', 5, 8, '2026-02-28 00:00:00', '14:00', '16:00', 2.00, 1, '水质分析', '课题研究', 3, 4, '审核通过', '2026-02-27 14:00:00', '2026-02-28 14:00:00', '2026-02-28 16:00:00', '分析完成', 5, NULL, NULL, '2026-04-11 19:53:54', '2026-04-11 19:53:54', 0);
INSERT INTO `booking_order` VALUES (364, 'BSP2026030201', 9, 9, '2026-03-02 00:00:00', '09:00', '12:00', 3.00, 2, '蛋白质分离', '毕业论文', 3, 5, '审核通过', '2026-03-01 09:00:00', '2026-03-02 09:00:00', '2026-03-02 12:00:00', '分离成功', 5, NULL, NULL, '2026-04-11 19:53:54', '2026-04-11 19:53:54', 0);
INSERT INTO `booking_order` VALUES (365, 'BSP2026030202', 12, 10, '2026-03-03 00:00:00', '13:00', '15:00', 2.00, 1, '样品干燥', '课程实验', 3, 4, '同意', '2026-03-02 15:00:00', '2026-03-03 13:00:00', '2026-03-03 15:00:00', '干燥完成', 4, NULL, NULL, '2026-04-11 19:53:54', '2026-04-11 19:53:54', 0);
INSERT INTO `booking_order` VALUES (366, 'BSP2026030301', 16, 11, '2026-03-05 00:00:00', '10:00', '12:00', 2.00, 2, '精密称量', '实验课程', 3, 4, '教师已确认', '2026-03-04 10:00:00', '2026-03-05 10:00:00', '2026-03-05 12:00:00', '称量准确', 5, NULL, NULL, '2026-04-11 19:53:54', '2026-04-11 19:53:54', 0);
INSERT INTO `booking_order` VALUES (367, 'BSP2026030302', 20, 7, '2026-03-05 00:00:00', '14:00', '17:00', 3.00, 2, '吸光度测定', '课程实验', 3, 5, '审核通过', '2026-03-04 14:00:00', '2026-03-05 14:00:00', '2026-03-05 17:00:00', '测定完成', 5, NULL, NULL, '2026-04-11 19:53:54', '2026-04-11 19:53:54', 0);
INSERT INTO `booking_order` VALUES (368, 'BSP2026030401', 24, 8, '2026-03-07 00:00:00', '08:00', '10:00', 2.00, 3, '细胞培养', '课程学习', 3, 6, '同意', '2026-03-06 08:00:00', '2026-03-07 08:00:00', '2026-03-07 10:00:00', '培养成功', 5, NULL, NULL, '2026-04-11 19:53:54', '2026-04-11 19:53:54', 0);
INSERT INTO `booking_order` VALUES (369, 'BSP2026030402', 2, 12, '2026-03-07 00:00:00', '14:00', '16:00', 2.00, 1, '微生物观察', '课程实验', 3, 5, '审核通过', '2026-03-06 14:00:00', '2026-03-07 14:00:00', '2026-03-07 16:00:00', '观察完成', 4, NULL, NULL, '2026-04-11 19:53:54', '2026-04-11 19:53:54', 0);
INSERT INTO `booking_order` VALUES (370, 'BSP2026030501', 6, 9, '2026-03-08 00:00:00', '09:00', '11:00', 2.00, 2, '离心分离', '课题研究', 3, 5, '符合要求', '2026-03-07 09:00:00', '2026-03-08 09:00:00', '2026-03-08 11:00:00', '分离完成', 5, NULL, NULL, '2026-04-11 19:53:54', '2026-04-11 19:53:54', 0);
INSERT INTO `booking_order` VALUES (371, 'BSP2026030502', 10, 13, '2026-03-08 00:00:00', '14:00', '16:00', 2.00, 2, '色谱分析', '毕业论文', 3, 6, '同意', '2026-03-07 14:00:00', '2026-03-08 14:00:00', '2026-03-08 16:00:00', '分析成功', 5, NULL, NULL, '2026-04-11 19:53:54', '2026-04-11 19:53:54', 0);
INSERT INTO `booking_order` VALUES (372, 'BSP2026030601', 14, 10, '2026-03-09 00:00:00', '08:00', '10:00', 2.00, 1, '高压灭菌', '课程实验', 3, 4, '同意', '2026-03-08 08:00:00', '2026-03-09 08:00:00', '2026-03-09 10:00:00', '灭菌完成', 4, NULL, NULL, '2026-04-11 19:53:54', '2026-04-11 19:53:54', 0);
INSERT INTO `booking_order` VALUES (373, 'BSP2026030602', 18, 11, '2026-03-09 00:00:00', '14:00', '16:00', 2.00, 2, '分光测定', '实验课程', 3, 4, '审核通过', '2026-03-08 14:00:00', '2026-03-09 14:00:00', '2026-03-09 16:00:00', '测定顺利', 5, NULL, NULL, '2026-04-11 19:53:54', '2026-04-11 19:53:54', 0);
INSERT INTO `booking_order` VALUES (374, 'BSP2026030701', 22, 7, '2026-03-10 00:00:00', '09:00', '11:00', 2.00, 2, '微生物培养', '课程实验', 3, 5, '同意', '2026-03-09 09:00:00', '2026-03-10 09:00:00', '2026-03-10 11:00:00', '培养成功', 5, NULL, NULL, '2026-04-11 19:53:54', '2026-04-11 19:53:54', 0);
INSERT INTO `booking_order` VALUES (375, 'BSP2026030702', 3, 8, '2026-03-10 00:00:00', '14:00', '16:00', 2.00, 1, '光谱测量', '科研需要', 3, 5, '审核通过', '2026-03-09 14:00:00', '2026-03-10 14:00:00', '2026-03-10 16:00:00', '测量完成', 5, NULL, NULL, '2026-04-11 19:53:55', '2026-04-11 19:53:55', 0);
INSERT INTO `booking_order` VALUES (376, 'BSP2026030801', 7, 9, '2026-03-11 00:00:00', '08:00', '10:00', 2.00, 2, '电化学实验', '课题研究', 3, 5, '符合条件', '2026-03-10 08:00:00', '2026-03-11 08:00:00', '2026-03-11 10:00:00', '实验成功', 5, NULL, NULL, '2026-04-11 19:53:55', '2026-04-11 19:53:55', 0);
INSERT INTO `booking_order` VALUES (377, 'BSP2026030802', 11, 12, '2026-03-11 00:00:00', '14:00', '16:00', 2.00, 2, 'PCR实验', '毕业论文', 3, 6, '同意', '2026-03-10 14:00:00', '2026-03-11 14:00:00', '2026-03-11 16:00:00', '扩增成功', 5, NULL, NULL, '2026-04-11 19:53:55', '2026-04-11 19:53:55', 0);
INSERT INTO `booking_order` VALUES (378, 'BSP2026030901', 15, 13, '2026-03-12 00:00:00', '09:00', '12:00', 3.00, 2, '蛋白纯化', '科研项目', 3, 5, '审核通过', '2026-03-11 09:00:00', '2026-03-12 09:00:00', '2026-03-12 12:00:00', '纯化完成', 5, NULL, NULL, '2026-04-11 19:53:55', '2026-04-11 19:53:55', 0);
INSERT INTO `booking_order` VALUES (379, 'BSP2026030902', 19, 14, '2026-03-12 00:00:00', '14:00', '16:00', 2.00, 1, '物质鉴定', '课程实验', 3, 5, '符合要求', '2026-03-11 14:00:00', '2026-03-12 14:00:00', '2026-03-12 16:00:00', '鉴定完成', 5, NULL, NULL, '2026-04-11 19:53:55', '2026-04-11 19:53:55', 0);
INSERT INTO `booking_order` VALUES (380, 'BSP2026031001', 1, 7, '2026-03-13 00:00:00', '08:00', '10:00', 2.00, 2, '显微观察', '基础实验', 3, 4, '同意', '2026-03-12 08:00:00', '2026-03-13 08:00:00', '2026-03-13 10:00:00', '观察完成', 5, NULL, NULL, '2026-04-11 19:53:55', '2026-04-11 19:53:55', 0);
INSERT INTO `booking_order` VALUES (381, 'BSP2026031002', 5, 8, '2026-03-13 00:00:00', '14:00', '16:00', 2.00, 1, '水质检测', '课题研究', 3, 4, '审核通过', '2026-03-12 14:00:00', '2026-03-13 14:00:00', '2026-03-13 16:00:00', '检测完成', 5, NULL, NULL, '2026-04-11 19:53:55', '2026-04-11 19:53:55', 0);
INSERT INTO `booking_order` VALUES (382, 'BSP2026031101', 9, 9, '2026-03-14 00:00:00', '09:00', '12:00', 3.00, 2, '蛋白质分析', '毕业论文', 3, 5, '审核通过', '2026-03-13 09:00:00', '2026-03-14 09:00:00', '2026-03-14 12:00:00', '分析成功', 5, NULL, NULL, '2026-04-11 19:53:55', '2026-04-11 19:53:55', 0);
INSERT INTO `booking_order` VALUES (383, 'BSP2026031102', 13, 10, '2026-03-14 00:00:00', '13:00', '15:00', 2.00, 1, '高压灭菌', '课程实验', 3, 4, '同意', '2026-03-13 15:00:00', '2026-03-14 13:00:00', '2026-03-14 15:00:00', '灭菌完成', 4, NULL, NULL, '2026-04-11 19:53:55', '2026-04-11 19:53:55', 0);
INSERT INTO `booking_order` VALUES (394, 'ORD2037229276159918080', 49, 11, '2026-03-29 00:00:00', '08:00', '10:00', 2.00, 1, 'csc', 'cscs', 3, NULL, NULL, NULL, NULL, '2026-03-27 03:28:16', NULL, NULL, NULL, NULL, '2026-04-11 19:53:55', '2026-04-11 19:53:55', 0);
INSERT INTO `booking_order` VALUES (395, 'ORD2037250571215851520', 49, 11, '2026-03-29 00:00:00', '08:00', '10:00', 2.00, 1, '菜市场', '', 1, NULL, NULL, NULL, NULL, NULL, NULL, NULL, NULL, NULL, '2026-04-11 19:53:55', '2026-04-11 19:53:55', 0);
INSERT INTO `booking_order` VALUES (396, 'ORD2037251109353443328', 1, 11, '2026-03-29 00:00:00', '08:00', '10:00', 2.00, 1, '村上春树', '村上春树', 2, 6, '测试', '2026-03-27 03:55:04', NULL, NULL, NULL, NULL, NULL, NULL, '2026-04-11 19:53:55', '2026-04-11 19:53:55', 0);
INSERT INTO `booking_order` VALUES (397, 'ORD2038316762294460416', 1, 24, '2026-04-01 00:00:00', '08:00', '10:00', 2.00, 1, '村上春树', '', 3, 24, '', '2026-03-30 02:08:04', '2026-03-30 02:15:24', '2026-03-30 02:16:31', NULL, NULL, NULL, NULL, '2026-04-11 19:53:55', '2026-04-11 19:53:55', 0);
INSERT INTO `booking_order` VALUES (398, 'ORD2038322274536857600', 50, 24, '2026-03-31 00:00:00', '08:00', '12:00', 4.00, 1, 'css ', 'csc', 4, 24, '', '2026-03-30 02:32:34', '2026-03-30 02:53:15', NULL, NULL, NULL, NULL, NULL, '2026-04-11 19:53:55', '2026-04-11 19:53:55', 0);
INSERT INTO `booking_order` VALUES (400, 'ORD2038403676653572096', 102, 24, '2026-03-31 00:00:00', '12:00', '14:30', 2.00, 1, '村上春树', '测试', 4, NULL, '【调整原因】但是', NULL, NULL, NULL, NULL, NULL, NULL, NULL, '2026-04-11 19:53:55', '2026-04-11 19:53:55', 0);
INSERT INTO `booking_order` VALUES (401, 'ORD2038405961546813440', 100, 1, '2026-04-01 00:00:00', '12:00', '14:00', 2.00, 1, '测试', '', 4, 32, '【管理员取消】xcs', '2026-03-30 09:29:02', NULL, NULL, NULL, NULL, NULL, NULL, '2026-04-11 19:53:55', '2026-04-11 19:53:55', 0);
INSERT INTO `booking_order` VALUES (402, 'ORD2038423057802563584', 102, 24, '2026-03-31 00:00:00', '08:00', '10:00', 2.00, 1, 'cscs', 'sc', 4, 24, '', '2026-03-30 09:08:36', NULL, NULL, NULL, NULL, NULL, NULL, '2026-04-11 19:53:55', '2026-04-11 19:53:55', 0);
INSERT INTO `booking_order` VALUES (403, 'ORD2038427760015826944', 100, 24, '2026-03-31 00:00:00', '14:00', '16:00', 2.00, 1, 'cscs', 'scs', 0, NULL, NULL, NULL, NULL, NULL, NULL, NULL, NULL, NULL, '2026-04-11 19:53:55', '2026-04-11 19:53:55', 0);
INSERT INTO `booking_order` VALUES (404, 'ORD2038614782932242432', 102, 7, '2026-03-31 00:00:00', '08:00', '10:00', 2.00, 5, 'csscs', 'csscsc', 4, NULL, NULL, NULL, NULL, NULL, NULL, NULL, NULL, NULL, '2026-04-11 19:53:55', '2026-04-11 19:53:55', 0);
INSERT INTO `booking_order` VALUES (405, 'ORD2038615070225289216', 102, 7, '2026-03-24 00:00:00', '08:00', '10:00', 2.00, 1, 'csc', 'scsc', 4, 2, '【管理员取消】超时', '2026-03-30 21:53:29', NULL, NULL, NULL, NULL, NULL, NULL, '2026-04-11 19:53:55', '2026-04-11 19:53:55', 0);
INSERT INTO `booking_order` VALUES (406, 'ORD2038618929840607232', 103, 8, '2026-03-30 00:00:00', '19:00', '20:00', 1.00, 1, 'cssc11111111111', '', 4, NULL, NULL, NULL, NULL, NULL, NULL, NULL, NULL, NULL, '2026-04-11 19:53:55', '2026-04-11 19:53:55', 0);
INSERT INTO `booking_order` VALUES (407, 'ORD2038628992537866240', 103, 8, '2026-03-30 00:00:00', '08:00', '16:00', 8.00, 1, 'cscs', 'cscs', 1, 2, NULL, '2026-04-01 03:45:21', NULL, NULL, NULL, NULL, NULL, NULL, '2026-04-11 19:53:55', '2026-04-11 19:53:55', 0);
INSERT INTO `booking_order` VALUES (408, 'ORD2038631945856364544', 103, 8, '2026-03-31 00:00:00', '08:00', '10:00', 2.00, 1, '预约测试', '测试', 4, NULL, NULL, NULL, NULL, NULL, NULL, NULL, NULL, NULL, '2026-04-11 19:53:55', '2026-04-11 19:53:55', 0);
INSERT INTO `booking_order` VALUES (409, 'ORD2038632269082013696', 103, 8, '2026-03-31 00:00:00', '18:00', '20:00', 2.00, 1, '预约测测试', '测试', 4, NULL, NULL, NULL, NULL, NULL, NULL, NULL, NULL, NULL, '2026-04-11 19:53:55', '2026-04-11 19:53:55', 0);
INSERT INTO `booking_order` VALUES (410, 'ORD2038632846809640960', 103, 8, '2026-03-31 00:00:00', '08:00', '10:00', 2.00, 1, '预约测', '测试', 4, NULL, NULL, NULL, NULL, NULL, NULL, NULL, NULL, NULL, '2026-04-11 19:53:55', '2026-04-11 19:53:55', 0);
INSERT INTO `booking_order` VALUES (411, 'ORD2038651073791090688', 103, 8, '2026-03-31 00:00:00', '18:00', '20:00', 2.00, 1, '村上春树', '村上春树', 2, 21, '测试', '2026-03-31 00:28:20', NULL, NULL, NULL, NULL, NULL, NULL, '2026-04-11 19:53:55', '2026-04-11 19:53:55', 0);
INSERT INTO `booking_order` VALUES (412, 'ORD2038651984768753664', 103, 8, '2026-03-31 00:00:00', '14:00', '16:00', 2.00, 1, '村上春树11', '村上春树11', 3, 21, '', '2026-03-31 00:28:11', '2026-03-31 00:29:32', '2026-03-31 00:29:42', '测试 [评分：5/5]', NULL, NULL, NULL, '2026-04-11 19:53:55', '2026-04-11 19:53:55', 0);
INSERT INTO `booking_order` VALUES (413, 'ORD2038659075034144768', 29, 9, '2026-03-31 00:00:00', '08:00', '09:00', 1.00, 1, '村上春树', '菜市场上厕所菜市场', 1, 2, NULL, '2026-04-01 03:45:21', NULL, NULL, NULL, NULL, NULL, NULL, '2026-04-11 19:53:55', '2026-04-11 19:53:55', 0);
INSERT INTO `booking_order` VALUES (414, 'ORD2038664545841012736', 29, 9, '2026-04-01 00:00:00', '09:00', '10:00', 1.00, 1, '测试预约', '', 3, NULL, NULL, NULL, '2026-03-31 01:08:17', '2026-03-31 01:08:23', '菜市场 [评分：5/5]', NULL, NULL, NULL, '2026-04-11 19:53:55', '2026-04-11 19:53:55', 0);
INSERT INTO `booking_order` VALUES (415, 'ORD2038665262194581504', 29, 9, '2026-03-31 00:00:00', '10:00', '10:30', 0.50, 1, '菜市场', '菜市场', 4, NULL, NULL, NULL, NULL, NULL, NULL, NULL, NULL, NULL, '2026-04-11 19:53:55', '2026-04-11 19:53:55', 0);
INSERT INTO `booking_order` VALUES (416, 'ORD2038666434020204544', 29, 9, '2026-03-31 00:00:00', '10:00', '10:30', 0.50, 1, '测试预约', '测试', 3, NULL, NULL, NULL, NULL, '2026-03-31 01:17:41', NULL, NULL, NULL, NULL, '2026-04-11 19:53:55', '2026-04-11 19:53:55', 0);
INSERT INTO `booking_order` VALUES (417, 'ORD2038667071927705600', 29, 9, '2026-03-31 00:00:00', '19:00', '19:30', 0.50, 1, '测试', '', 4, NULL, NULL, NULL, NULL, NULL, NULL, NULL, NULL, NULL, '2026-04-11 19:53:55', '2026-04-11 19:53:55', 0);
INSERT INTO `booking_order` VALUES (418, 'ORD2038672879717490688', 28, 9, '2026-04-01 00:00:00', '08:00', '08:30', 0.50, 1, '测试', '', 4, NULL, NULL, NULL, NULL, NULL, NULL, NULL, NULL, NULL, '2026-04-11 19:53:55', '2026-04-11 19:53:55', 0);
INSERT INTO `booking_order` VALUES (419, 'ORD2038673899260518400', 28, 9, '2026-04-05 00:00:00', '12:00', '12:30', 0.50, 1, '超市商场', '11', 3, NULL, NULL, NULL, '2026-03-31 01:45:23', '2026-03-31 01:45:28', '1 [评分：4/5]', NULL, NULL, NULL, '2026-04-11 19:53:55', '2026-04-11 19:53:55', 0);
INSERT INTO `booking_order` VALUES (420, 'ORD2038674596995571712', 28, 9, '2026-04-01 00:00:00', '12:00', '13:00', 1.00, 1, '111', '', 3, NULL, NULL, NULL, NULL, '2026-03-31 01:48:07', NULL, NULL, NULL, NULL, '2026-04-11 19:53:55', '2026-04-11 19:53:55', 0);
INSERT INTO `booking_order` VALUES (421, 'ORD2038675171791380480', 103, 21, '2026-04-01 00:00:00', '09:00', '11:00', 2.00, 1, '11', '', 4, NULL, NULL, NULL, NULL, NULL, NULL, NULL, NULL, NULL, '2026-04-11 19:53:55', '2026-04-11 19:53:55', 0);
INSERT INTO `booking_order` VALUES (422, 'ORD2038675463882711040', 28, 9, '2026-04-01 00:00:00', '08:00', '08:30', 0.50, 1, '111', '', 3, NULL, NULL, NULL, NULL, '2026-03-31 01:55:34', NULL, NULL, NULL, NULL, '2026-04-11 19:53:55', '2026-04-11 19:53:55', 0);
INSERT INTO `booking_order` VALUES (423, 'ORD2038676208384253952', 103, 26, '2026-04-01 00:00:00', '19:30', '20:30', 1.00, 1, '1', '1', 3, NULL, NULL, NULL, NULL, '2026-03-31 01:54:25', NULL, NULL, NULL, NULL, '2026-04-11 19:53:55', '2026-04-11 19:53:55', 0);
INSERT INTO `booking_order` VALUES (424, 'ORD2038676564799430656', 28, 9, '2026-04-01 00:00:00', '12:00', '12:30', 0.50, 1, '测试', '', 3, NULL, NULL, NULL, '2026-03-31 01:59:55', '2026-03-31 02:00:02', '12 [评分：5/5]', NULL, NULL, NULL, '2026-04-11 19:53:55', '2026-04-11 19:53:55', 0);
INSERT INTO `booking_order` VALUES (425, 'ORD2038677916824936448', 28, 9, '2026-04-01 00:00:00', '09:00', '09:30', 0.50, 1, '1', '', 4, NULL, NULL, NULL, NULL, NULL, NULL, NULL, NULL, NULL, '2026-04-11 19:53:55', '2026-04-11 19:53:55', 0);
INSERT INTO `booking_order` VALUES (426, 'ORD2038684383397294080', 28, 9, '2026-03-31 00:00:00', '10:00', '10:30', 0.50, 1, '测试', '', 4, NULL, NULL, NULL, NULL, NULL, NULL, NULL, NULL, NULL, '2026-04-11 19:53:55', '2026-04-11 19:53:55', 0);
INSERT INTO `booking_order` VALUES (427, 'ORD2038685299366178816', 3, 9, '2026-03-31 00:00:00', '10:00', '10:30', 0.50, 1, '浏览', '', 4, NULL, NULL, NULL, NULL, NULL, NULL, NULL, NULL, NULL, '2026-04-11 19:53:55', '2026-04-11 19:53:55', 0);
INSERT INTO `booking_order` VALUES (428, 'ORD2038685480484614144', 3, 9, '2026-03-31 00:00:00', '12:00', '12:30', 0.50, 1, '1', '', 3, NULL, NULL, NULL, '2026-03-31 02:31:21', '2026-03-31 02:31:30', 'pp [评分：4/5]', NULL, NULL, NULL, '2026-04-11 19:53:55', '2026-04-11 19:53:55', 0);
INSERT INTO `booking_order` VALUES (429, 'ORD2038685665302425600', 3, 9, '2026-03-31 00:00:00', '12:00', '12:30', 0.50, 1, '11', '11', 4, NULL, NULL, NULL, NULL, NULL, NULL, NULL, NULL, NULL, '2026-04-11 19:53:55', '2026-04-11 19:53:55', 0);
INSERT INTO `booking_order` VALUES (430, 'ORD2038688316102553600', 27, 9, '2026-03-31 00:00:00', '06:00', '06:30', 0.50, 1, '11', '11', 4, NULL, NULL, NULL, NULL, NULL, NULL, NULL, NULL, NULL, '2026-04-11 19:53:55', '2026-04-11 19:53:55', 0);
INSERT INTO `booking_order` VALUES (431, 'ORD2038690025508032512', 103, 9, '2026-03-31 00:00:00', '06:30', '07:00', 0.50, 1, '00', '', 2, 2, NULL, '2026-04-01 03:45:16', NULL, NULL, NULL, NULL, NULL, NULL, '2026-04-11 19:53:55', '2026-04-11 19:53:55', 0);
INSERT INTO `booking_order` VALUES (432, 'ORD2038691461927129088', 103, 9, '2026-03-31 00:00:00', '12:00', '12:30', 0.50, 1, '11', '', 3, NULL, NULL, NULL, NULL, '2026-04-11 20:01:58', NULL, NULL, NULL, NULL, '2026-04-11 19:53:55', '2026-04-11 19:53:55', 0);
INSERT INTO `booking_order` VALUES (433, 'ORD2038693692290162688', 10, 7, '2026-03-31 00:00:00', '15:00', '15:30', 0.50, 1, '1', '1', 3, NULL, NULL, NULL, NULL, '2026-03-31 03:12:12', NULL, NULL, NULL, NULL, '2026-04-11 19:53:55', '2026-04-11 19:53:55', 0);
INSERT INTO `booking_order` VALUES (434, 'ORD2038695597422731264', 4, 7, '2026-04-01 00:00:00', '08:00', '08:30', 0.50, 1, '5', '', 3, NULL, NULL, NULL, NULL, '2026-03-31 03:26:27', NULL, NULL, NULL, NULL, '2026-04-11 19:53:55', '2026-04-11 19:53:55', 0);
INSERT INTO `booking_order` VALUES (435, 'ORD2038702368489025536', 4, 7, '2026-03-31 00:00:00', '18:00', '18:30', 0.50, 1, '11', '', 1, NULL, NULL, NULL, NULL, NULL, NULL, NULL, NULL, NULL, '2026-04-11 19:53:55', '2026-04-11 19:53:55', 0);
INSERT INTO `booking_order` VALUES (436, 'ORD2039083136675594240', 105, 16, '2026-04-02 00:00:00', '09:00', '10:00', 1.00, 3, '样品分析', 'cscs', 1, NULL, NULL, NULL, NULL, NULL, NULL, NULL, NULL, NULL, '2026-04-11 19:53:55', '2026-04-11 19:53:55', 0);
INSERT INTO `booking_order` VALUES (437, 'ORD2039083859521945600', 106, 16, '2026-04-02 00:00:00', '14:00', '15:00', 1.00, 1, 'css', '', 0, NULL, NULL, NULL, NULL, NULL, NULL, NULL, NULL, NULL, '2026-04-11 19:53:55', '2026-04-11 19:53:55', 0);
INSERT INTO `booking_order` VALUES (438, 'ORD2039084150036217856', 106, 9, '2026-04-02 00:00:00', '15:30', '16:00', 0.50, 1, 'cs', '', 0, NULL, NULL, NULL, NULL, NULL, NULL, NULL, NULL, NULL, '2026-04-11 19:53:55', '2026-04-11 19:53:55', 0);
INSERT INTO `booking_order` VALUES (439, 'ORD2039084527393554432', 107, 9, '2026-04-03 00:00:00', '08:00', '08:30', 0.50, 1, 'cd', '', 0, NULL, NULL, NULL, NULL, NULL, NULL, NULL, NULL, NULL, '2026-04-11 19:53:55', '2026-04-11 19:53:55', 0);
INSERT INTO `booking_order` VALUES (440, 'ORD2039086067009306624', 106, 9, '2026-04-02 00:00:00', '09:00', '10:00', 1.00, 1, 'cd', 'cd', 0, NULL, NULL, NULL, NULL, NULL, NULL, NULL, NULL, NULL, '2026-04-11 19:53:55', '2026-04-11 19:53:55', 0);
INSERT INTO `booking_order` VALUES (441, 'ORD2039263456834158592', 107, 18, '2026-04-02 00:00:00', '10:00', '11:00', 1.00, 1, '11', '11', 3, 2, '【调整拒绝】cc', '2026-04-01 16:52:17', NULL, '2026-04-01 18:36:34', NULL, NULL, NULL, NULL, '2026-04-11 19:53:55', '2026-04-11 19:53:55', 0);
INSERT INTO `booking_order` VALUES (442, 'ORD2039282160732995584', 3, 18, '2026-04-02 00:00:00', '10:00', '11:00', 1.00, 1, 'cs', 'cs', 4, 2, '【管理员取消】cs', '2026-04-01 18:27:14', NULL, NULL, NULL, NULL, NULL, NULL, '2026-04-11 19:53:55', '2026-04-11 19:53:55', 0);
INSERT INTO `booking_order` VALUES (443, 'ORD2039290878765953024', 107, 18, '2026-04-02 00:00:00', '12:00', '14:00', 2.00, 1, 'cs', 'cs', 0, NULL, '【学生调整】cscs', NULL, NULL, NULL, NULL, NULL, NULL, NULL, '2026-04-11 19:53:55', '2026-04-11 19:53:55', 0);
INSERT INTO `booking_order` VALUES (444, 'ORD2039298724245024768', 107, 2, '2026-04-02 00:00:00', '08:00', '08:30', 0.50, 1, 'cscs', 'cscs', 0, NULL, NULL, NULL, NULL, NULL, NULL, NULL, NULL, NULL, '2026-04-11 19:53:55', '2026-04-11 19:53:55', 0);
INSERT INTO `booking_order` VALUES (445, 'ORD2039390470782136320', 108, 15, '2026-04-25 00:00:00', '08:00', '08:30', 0.50, 1, 'cs', 'cs', 0, NULL, NULL, NULL, NULL, NULL, NULL, NULL, NULL, NULL, '2026-04-11 19:53:55', '2026-04-11 19:53:55', 0);
INSERT INTO `booking_order` VALUES (446, 'ORD2039390533394706432', 108, 15, '2026-04-02 00:00:00', '09:00', '09:30', 0.50, 1, 'csc', 'sccs', 3, 2, '', '2026-04-02 01:15:38', NULL, '2026-04-02 05:04:39', NULL, NULL, NULL, NULL, '2026-04-11 19:53:55', '2026-04-11 19:53:55', 0);
INSERT INTO `booking_order` VALUES (447, 'ORD2039390597785661440', 108, 15, '2026-04-02 00:00:00', '10:00', '10:30', 0.50, 1, 'cs', 'cs', 4, NULL, NULL, NULL, NULL, NULL, NULL, NULL, NULL, NULL, '2026-04-11 19:53:55', '2026-04-11 19:53:55', 0);
INSERT INTO `booking_order` VALUES (448, 'ORD2039391064322289664', 11, 15, '2026-04-02 00:00:00', '11:00', '11:30', 0.50, 1, 'cs', 'cs', 4, NULL, NULL, NULL, NULL, NULL, NULL, NULL, NULL, NULL, '2026-04-11 19:53:55', '2026-04-11 19:53:55', 0);
INSERT INTO `booking_order` VALUES (449, 'ORD2039410086300405760', 1, 1, '2026-04-02 00:00:00', '09:00', '09:30', 0.50, 1, '11', '', 1, NULL, NULL, NULL, NULL, NULL, NULL, NULL, NULL, NULL, '2026-04-11 19:53:55', '2026-04-11 19:53:55', 0);
INSERT INTO `booking_order` VALUES (450, 'ORD2039410557480128512', 1, 9, '2026-04-03 00:00:00', '15:00', '15:30', 0.50, 1, 'c', '', 0, NULL, NULL, NULL, NULL, NULL, NULL, NULL, NULL, NULL, '2026-04-11 19:53:55', '2026-04-11 19:53:55', 0);
INSERT INTO `booking_order` VALUES (451, 'ORD2039410818734936064', 1, 9, '2026-04-02 00:00:00', '10:00', '10:30', 0.50, 1, 'ccc', '', 4, NULL, NULL, NULL, NULL, NULL, NULL, NULL, NULL, NULL, '2026-04-11 19:53:55', '2026-04-11 19:53:55', 0);
INSERT INTO `booking_order` VALUES (452, 'ORD2039414041243865088', 1, 9, '2026-04-02 00:00:00', '11:00', '11:30', 0.50, 1, '11', '', 4, NULL, NULL, NULL, NULL, NULL, NULL, NULL, NULL, NULL, '2026-04-11 19:53:55', '2026-04-11 19:53:55', 0);
INSERT INTO `booking_order` VALUES (453, 'ORD2039415467248504832', 1, 5, '2026-04-02 00:00:00', '13:00', '13:30', 0.50, 1, '11', '', 4, NULL, NULL, NULL, '2026-04-02 02:52:08', NULL, NULL, NULL, NULL, NULL, '2026-04-11 19:53:55', '2026-04-11 19:53:55', 0);
INSERT INTO `booking_order` VALUES (454, 'ORD2039419404043210752', 10, 5, '2026-04-02 00:00:00', '09:00', '09:30', 0.50, 1, 'cc', '', 3, NULL, NULL, NULL, NULL, '2026-04-02 04:03:24', NULL, NULL, NULL, NULL, '2026-04-11 19:53:55', '2026-04-11 19:53:55', 0);
INSERT INTO `booking_order` VALUES (455, 'ORD2039419739197460480', 21, 9, '2026-04-02 00:00:00', '15:00', '15:30', 0.50, 1, 'cc', 'cc', 3, NULL, NULL, NULL, NULL, '2026-04-02 03:10:21', NULL, NULL, NULL, NULL, '2026-04-11 19:53:55', '2026-04-11 19:53:55', 0);
INSERT INTO `booking_order` VALUES (456, 'ORD2039419951060144128', 11, 9, '2026-04-02 00:00:00', '16:00', '16:30', 0.50, 1, 'cc', 'cccc', 4, NULL, NULL, NULL, NULL, NULL, NULL, NULL, NULL, NULL, '2026-04-11 19:53:55', '2026-04-11 19:53:55', 0);
INSERT INTO `booking_order` VALUES (457, 'ORD2039420288462540800', 21, 9, '2026-04-02 00:00:00', '08:00', '08:30', 0.50, 1, 'c', 'cc', 3, NULL, NULL, NULL, NULL, '2026-04-02 03:12:05', NULL, NULL, NULL, NULL, '2026-04-11 19:53:55', '2026-04-11 19:53:55', 0);
INSERT INTO `booking_order` VALUES (458, 'ORD2039422876683653120', 30, 9, '2026-04-03 00:00:00', '14:00', '14:30', 0.50, 1, 'csc', '', 3, NULL, NULL, NULL, NULL, '2026-04-02 03:26:29', NULL, NULL, NULL, NULL, '2026-04-11 19:53:55', '2026-04-11 19:53:55', 0);
INSERT INTO `booking_order` VALUES (459, 'ORD2039422944392302592', 21, 9, '2026-04-04 00:00:00', '15:00', '15:30', 0.50, 1, 'css', '', 4, NULL, NULL, NULL, NULL, NULL, NULL, NULL, NULL, NULL, '2026-04-11 19:53:55', '2026-04-11 19:53:55', 0);
INSERT INTO `booking_order` VALUES (460, 'ORD2039422996527501312', 31, 9, '2026-04-02 00:00:00', '15:00', '15:30', 0.50, 1, 'cscs', '', 3, NULL, NULL, NULL, '2026-04-02 03:26:48', '2026-04-02 03:27:00', 'cscs [评分：4.5/5]', NULL, NULL, NULL, '2026-04-11 19:53:55', '2026-04-11 19:53:55', 0);
INSERT INTO `booking_order` VALUES (461, 'ORD2039423110717427712', 20, 9, '2026-04-02 00:00:00', '18:00', '18:30', 0.50, 1, 'csc', '', 3, NULL, NULL, NULL, NULL, '2026-04-02 03:26:33', NULL, NULL, NULL, NULL, '2026-04-11 19:53:55', '2026-04-11 19:53:55', 0);
INSERT INTO `booking_order` VALUES (462, 'ORD2039425246360555520', 20, 9, '2026-04-02 00:00:00', '14:00', '14:30', 0.50, 1, 'cscs', '', 3, NULL, NULL, NULL, NULL, '2026-04-02 03:30:59', NULL, NULL, NULL, NULL, '2026-04-11 19:53:55', '2026-04-11 19:53:55', 0);
INSERT INTO `booking_order` VALUES (463, 'ORD2039425364035948544', 20, 9, '2026-04-02 00:00:00', '18:00', '18:30', 0.50, 1, 'cscs', '', 3, NULL, NULL, NULL, NULL, '2026-04-02 03:31:19', NULL, NULL, NULL, NULL, '2026-04-11 19:53:55', '2026-04-11 19:53:55', 0);
INSERT INTO `booking_order` VALUES (464, 'ORD2039428524796383232', 20, 9, '2026-04-02 00:00:00', '18:00', '18:30', 0.50, 1, '11', '111', 3, NULL, NULL, NULL, NULL, '2026-04-02 03:47:24', NULL, NULL, NULL, NULL, '2026-04-11 19:53:55', '2026-04-11 19:53:55', 0);
INSERT INTO `booking_order` VALUES (465, 'ORD2039432321849462784', 20, 9, '2026-04-02 00:00:00', '08:00', '08:30', 0.50, 1, 'cc', 'cc', 3, NULL, NULL, NULL, NULL, '2026-04-02 03:59:24', NULL, NULL, NULL, NULL, '2026-04-11 19:53:55', '2026-04-11 19:53:55', 0);
INSERT INTO `booking_order` VALUES (466, 'ORD2039433534888316928', 2, 9, '2026-04-02 00:00:00', '09:00', '10:00', 1.00, 1, 'ccc', '', 4, NULL, NULL, NULL, NULL, NULL, NULL, NULL, NULL, NULL, '2026-04-11 19:53:55', '2026-04-11 19:53:55', 0);
INSERT INTO `booking_order` VALUES (467, 'ORD2039434010539167744', 2, 4, '2026-04-02 00:00:00', '10:30', '11:30', 1.00, 1, 'csc', '', 3, NULL, NULL, NULL, NULL, '2026-04-02 04:05:48', NULL, NULL, NULL, NULL, '2026-04-11 19:53:55', '2026-04-11 19:53:55', 0);
INSERT INTO `booking_order` VALUES (468, 'ORD2039434103875014656', 2, 4, '2026-04-02 00:00:00', '16:00', '16:30', 0.50, 1, 'csc', '', 3, NULL, NULL, NULL, NULL, '2026-04-02 04:06:06', NULL, NULL, NULL, NULL, '2026-04-11 19:53:55', '2026-04-11 19:53:55', 0);
INSERT INTO `booking_order` VALUES (469, 'ORD2039434245508272128', 2, 4, '2026-04-02 00:00:00', '12:00', '13:00', 1.00, 1, 'cscs', 'cssc', 4, NULL, NULL, NULL, NULL, NULL, NULL, NULL, NULL, NULL, '2026-04-11 19:53:55', '2026-04-11 19:53:55', 0);
INSERT INTO `booking_order` VALUES (470, 'ORD2039443374691872768', 2, 12, '2026-04-02 00:00:00', '17:00', '17:30', 0.50, 1, 'ddd', '', 3, NULL, NULL, NULL, NULL, '2026-04-02 04:58:02', NULL, NULL, NULL, NULL, '2026-04-11 19:53:55', '2026-04-11 19:53:55', 0);
INSERT INTO `booking_order` VALUES (471, 'ORD2039448951421693952', 11, 17, '2026-04-02 00:00:00', '09:00', '10:00', 1.00, 1, '11', '', 4, NULL, NULL, NULL, NULL, NULL, NULL, NULL, NULL, NULL, '2026-04-11 19:53:55', '2026-04-11 19:53:55', 0);
INSERT INTO `booking_order` VALUES (472, 'ORD2039609778372202496', 10, 17, '2026-04-03 00:00:00', '08:00', '09:30', 1.50, 1, '111', '', 0, NULL, NULL, NULL, NULL, NULL, NULL, NULL, NULL, NULL, '2026-04-11 19:53:55', '2026-04-11 19:53:55', 0);
INSERT INTO `booking_order` VALUES (473, 'ORD2039610352790523904', 107, 17, '2026-04-02 00:00:00', '18:00', '21:00', 3.00, 1, '超出', '', 4, NULL, NULL, NULL, NULL, NULL, NULL, NULL, NULL, NULL, '2026-04-11 19:53:55', '2026-04-11 19:53:55', 0);
INSERT INTO `booking_order` VALUES (474, 'ORD2039610954358575104', 107, 17, '2026-04-03 00:00:00', '10:00', '11:00', 1.00, 1, '11', '', 4, NULL, NULL, NULL, NULL, NULL, NULL, NULL, NULL, NULL, '2026-04-11 19:53:55', '2026-04-11 19:53:55', 0);
INSERT INTO `booking_order` VALUES (475, 'ORD2039611020620189696', 107, 17, '2026-04-03 00:00:00', '12:00', '13:00', 1.00, 1, '超出', '', 4, NULL, NULL, NULL, NULL, NULL, NULL, NULL, NULL, NULL, '2026-04-11 19:53:55', '2026-04-11 19:53:55', 0);
INSERT INTO `booking_order` VALUES (476, 'ORD2039611445662568448', 107, 17, '2026-04-03 00:00:00', '13:30', '14:00', 0.50, 1, '超出', '', 4, NULL, NULL, NULL, NULL, NULL, NULL, NULL, NULL, NULL, '2026-04-11 19:53:55', '2026-04-11 19:53:55', 0);
INSERT INTO `booking_order` VALUES (477, 'ORD2039612589252136960', 107, 17, '2026-04-03 00:00:00', '09:00', '09:30', 0.50, 1, '超出', '成', 0, NULL, NULL, NULL, NULL, NULL, NULL, NULL, NULL, NULL, '2026-04-11 19:53:55', '2026-04-11 19:53:55', 0);
INSERT INTO `booking_order` VALUES (478, 'ORD2039612810233237504', 107, 17, '2026-04-03 00:00:00', '10:00', '10:30', 0.50, 1, '超出', '成', 0, NULL, NULL, NULL, NULL, NULL, NULL, NULL, NULL, NULL, '2026-04-11 19:53:55', '2026-04-11 19:53:55', 0);
INSERT INTO `booking_order` VALUES (479, 'ORD2039651575840493568', 72, 17, '2026-04-03 00:00:00', '08:00', '08:30', 0.50, 1, '超出', '超出', 3, 5, '测试', '2026-04-02 18:31:08', '2026-04-02 18:31:24', '2026-04-02 18:31:46', '上述 [评分：3/5]', NULL, NULL, NULL, '2026-04-11 19:53:55', '2026-04-11 19:53:55', 0);
INSERT INTO `booking_order` VALUES (480, 'ORD2039652541566406656', 107, 17, '2026-04-03 00:00:00', '14:00', '14:30', 0.50, 1, '超出', '超出', 4, NULL, NULL, NULL, NULL, NULL, NULL, NULL, NULL, NULL, '2026-04-11 19:53:55', '2026-04-11 19:53:55', 0);
INSERT INTO `booking_order` VALUES (481, 'ORD2040406377994129408', 107, 17, '2026-04-05 00:00:00', '09:00', '10:00', 1.00, 1, '测试', '', 4, NULL, NULL, NULL, NULL, NULL, NULL, NULL, NULL, NULL, '2026-04-11 19:53:55', '2026-04-11 19:53:55', 0);
INSERT INTO `booking_order` VALUES (482, 'ORD2040448654183501824', 30, 1, '2026-04-05 00:00:00', '18:00', '18:30', 0.50, 1, '菜市场上厕所', '村上春树', 1, 2, '村上春树', '2026-04-04 23:17:38', NULL, NULL, NULL, NULL, NULL, NULL, '2026-04-11 19:53:55', '2026-04-11 19:53:55', 0);
INSERT INTO `booking_order` VALUES (483, 'ORD2040448940495081472', 110, 2, '2026-04-05 00:00:00', '15:00', '15:30', 0.50, 1, '湿哒哒', '的', 3, 2, '', '2026-04-04 23:18:43', '2026-04-04 23:18:47', '2026-04-04 23:18:53', '大声道 [评分：3.5/5]', NULL, NULL, NULL, '2026-04-11 19:53:55', '2026-04-11 19:53:55', 0);
INSERT INTO `booking_order` VALUES (484, 'ORD2040449168891711488', 10, 2, '2026-04-06 00:00:00', '15:00', '15:30', 0.50, 1, '大大', '打算', 4, NULL, NULL, NULL, NULL, NULL, NULL, NULL, NULL, NULL, '2026-04-11 19:53:55', '2026-04-11 19:53:55', 0);
INSERT INTO `booking_order` VALUES (485, 'ORD2042290105494380544', 1, 9, '2026-04-12 00:00:00', '08:00', '08:30', 0.50, 1, '测试', '测试', 4, NULL, NULL, NULL, NULL, NULL, NULL, NULL, NULL, NULL, '2026-04-11 19:53:55', '2026-04-11 19:53:55', 0);
INSERT INTO `booking_order` VALUES (486, 'ORD2042291203282149376', 1, 9, '2026-04-12 00:00:00', '08:00', '08:30', 0.50, 1, '通报', '', 3, 1, ' 成', '2026-04-10 01:19:13', '2026-04-10 01:19:27', '2026-04-10 01:22:50', '13 [评分：3/5]', NULL, NULL, NULL, '2026-04-11 19:53:55', '2026-04-11 19:53:55', 0);
INSERT INTO `booking_order` VALUES (487, 'ORD2042295129192636416', 1, 9, '2026-04-11 00:00:00', '18:00', '18:30', 0.50, 1, '测试', '测试', 3, 1, '', '2026-04-10 01:34:49', '2026-04-10 01:37:01', '2026-04-10 01:37:11', '1 [评分：4/5]', NULL, NULL, NULL, '2026-04-11 19:53:55', '2026-04-11 19:53:55', 0);
INSERT INTO `booking_order` VALUES (488, 'ORD2042295977507409920', 1, 9, '2026-04-13 00:00:00', '10:00', '11:00', 1.00, 1, '11', '', 3, 1, '', '2026-04-10 01:38:24', '2026-04-10 01:38:36', '2026-04-10 01:38:50', '成是 [评分：3.5/5]', NULL, NULL, NULL, '2026-04-11 19:53:55', '2026-04-11 19:53:55', 0);
INSERT INTO `booking_order` VALUES (489, 'ORD2042297096082149376', 1, 9, '2026-04-12 00:00:00', '12:00', '12:30', 0.50, 1, '111111111', '', 3, 1, '', '2026-04-10 01:42:46', '2026-04-10 01:43:00', '2026-04-10 01:43:04', '22 [评分：3/5]', NULL, NULL, NULL, '2026-04-11 19:53:55', '2026-04-11 19:53:55', 0);
INSERT INTO `booking_order` VALUES (490, 'ORD2042297538379894784', 1, 9, '2026-04-12 00:00:00', '18:00', '18:30', 0.50, 1, '33333333', '', 3, 1, '', '2026-04-10 01:44:25', NULL, '2026-04-10 01:44:31', NULL, NULL, NULL, NULL, '2026-04-11 19:53:55', '2026-04-11 19:53:55', 0);
INSERT INTO `booking_order` VALUES (491, 'ORD2042297715949948928', 1, 9, '2026-04-12 00:00:00', '11:00', '11:30', 0.50, 1, '测试', '', 3, 1, '', '2026-04-10 01:45:12', '2026-04-10 01:45:18', '2026-04-10 01:45:24', '123 [评分：3/5]', NULL, NULL, NULL, '2026-04-11 19:53:55', '2026-04-11 19:53:55', 0);
INSERT INTO `booking_order` VALUES (492, 'ORD2042297878642806784', 1, 9, '2026-04-13 00:00:00', '15:00', '15:30', 0.50, 1, '111', '', 3, 1, 'ACA', '2026-04-10 01:45:40', '2026-04-10 01:45:57', '2026-04-10 01:46:03', '24 [评分：4.5/5]', NULL, NULL, NULL, '2026-04-11 19:53:55', '2026-04-11 19:53:55', 0);
INSERT INTO `booking_order` VALUES (493, 'ORD2042301320576749568', 1, 1, '2026-04-12 00:00:00', '09:00', '09:30', 0.50, 1, '预约时间冲突', '预约时间冲突', 2, 1, NULL, '2026-04-10 02:51:33', NULL, NULL, NULL, NULL, NULL, NULL, '2026-04-11 19:53:55', '2026-04-11 19:53:55', 0);
INSERT INTO `booking_order` VALUES (494, 'ORD2042301402894159872', 1, 9, '2026-04-12 00:00:00', '10:00', '11:00', 1.00, 1, '预约时间冲突', '预约时间冲突', 4, NULL, NULL, NULL, NULL, NULL, NULL, NULL, NULL, NULL, '2026-04-11 19:53:55', '2026-04-11 19:53:55', 0);
INSERT INTO `booking_order` VALUES (495, 'ORD2042308429292883968', 1, 1, '2026-04-13 00:00:00', '18:00', '18:30', 0.50, 1, '11', '1', 2, 1, NULL, '2026-04-10 02:51:33', NULL, NULL, NULL, NULL, NULL, NULL, '2026-04-11 19:53:55', '2026-04-11 19:53:55', 0);
INSERT INTO `booking_order` VALUES (496, 'ORD2042309531459506176', 1, 9, '2026-04-12 00:00:00', '13:00', '13:30', 0.50, 1, '11', '11', 3, 4, '测试', '2026-04-10 02:38:08', '2026-04-10 02:38:19', '2026-04-10 02:38:44', '444444 [评分：3/5]', NULL, NULL, NULL, '2026-04-11 19:53:55', '2026-04-11 19:53:55', 0);
INSERT INTO `booking_order` VALUES (497, 'ORD2042311529172946944', 1, 9, '2026-04-12 00:00:00', '11:00', '11:30', 0.50, 1, '--', '', 2, 4, '333', '2026-04-10 02:40:04', NULL, NULL, NULL, NULL, NULL, NULL, '2026-04-11 19:53:55', '2026-04-11 19:53:55', 0);
INSERT INTO `booking_order` VALUES (498, 'ORD2042314370247675904', 1, 4, '2026-04-12 00:00:00', '11:00', '11:30', 0.50, 1, '超出', '', 2, 1, NULL, '2026-04-10 02:51:33', NULL, NULL, NULL, NULL, NULL, NULL, '2026-04-11 19:53:55', '2026-04-11 19:53:55', 0);
INSERT INTO `booking_order` VALUES (499, 'ORD2042314579870601216', 1, 9, '2026-04-13 00:00:00', '14:00', '14:30', 0.50, 1, '超出', '', 2, 4, NULL, '2026-04-10 02:54:55', NULL, NULL, NULL, NULL, NULL, NULL, '2026-04-11 19:53:55', '2026-04-11 19:53:55', 0);
INSERT INTO `booking_order` VALUES (500, 'ORD2042314704688893952', 1, 15, '2026-04-18 00:00:00', '14:00', '14:30', 0.50, 1, '订单', '的的', 2, 4, NULL, '2026-04-10 02:54:55', NULL, NULL, NULL, NULL, NULL, NULL, '2026-04-11 19:53:55', '2026-04-11 19:53:55', 0);
INSERT INTO `booking_order` VALUES (501, 'ORD2042315153202597888', 1, 15, '2026-04-13 00:00:00', '16:00', '16:30', 0.50, 1, '请求', '', 2, 4, NULL, '2026-04-10 02:54:55', NULL, NULL, NULL, NULL, NULL, NULL, '2026-04-11 19:53:55', '2026-04-11 19:53:55', 0);
INSERT INTO `booking_order` VALUES (502, 'ORD2042323513905893376', 1, 15, '2026-04-14 00:00:00', '19:00', '19:30', 0.50, 1, '123', '', 3, 4, NULL, '2026-04-10 03:27:35', '2026-04-10 07:32:52', '2026-04-10 07:32:58', '333 [评分：1.5/5]', NULL, NULL, NULL, '2026-04-11 19:53:55', '2026-04-11 19:53:55', 0);
INSERT INTO `booking_order` VALUES (503, 'ORD2042366308871852032', 121, 19, '2026-04-13 00:00:00', '09:00', '09:30', 0.50, 1, '1', '', 3, 1, '', '2026-04-10 06:17:37', '2026-04-10 06:17:47', '2026-04-10 06:18:02', '55 [评分：3.5/5]', NULL, NULL, NULL, '2026-04-11 19:53:55', '2026-04-11 19:53:55', 0);
INSERT INTO `booking_order` VALUES (504, 'ORD2042384193828696064', 115, 15, '2026-04-17 00:00:00', '14:00', '14:30', 0.50, 1, '132', '242', 3, 4, '', '2026-04-10 07:31:35', '2026-04-10 07:32:51', '2026-04-10 07:33:02', '123 [评分：2/5]', NULL, NULL, NULL, '2026-04-11 19:53:55', '2026-04-11 19:53:55', 0);
INSERT INTO `booking_order` VALUES (505, 'ORD2042385983152336896', 115, 15, '2026-04-17 00:00:00', '18:30', '19:00', 0.50, 1, '==', '', 0, NULL, '【时间调整】3', NULL, NULL, NULL, NULL, NULL, NULL, NULL, '2026-04-11 19:53:55', '2026-04-11 19:53:55', 0);
INSERT INTO `booking_order` VALUES (506, 'ORD2042539813550792704', 123, 2, '2026-04-13 00:00:00', '11:00', '11:30', 0.50, 1, ']]', '', 4, NULL, NULL, NULL, NULL, NULL, NULL, NULL, NULL, NULL, '2026-04-11 19:53:55', '2026-04-11 19:53:55', 0);
INSERT INTO `booking_order` VALUES (507, 'ORD2042539911559094272', 122, 2, '2026-04-13 00:00:00', '18:00', '18:30', 0.50, 1, 'ooo', '', 3, 2, '', '2026-04-10 17:47:40', NULL, '2026-04-10 17:48:01', NULL, NULL, 122, 'ii', '2026-04-11 19:53:55', '2026-04-11 19:53:55', 0);
INSERT INTO `booking_order` VALUES (508, 'ORD2042915194933989376', 115, 9, '2026-04-13 00:00:00', '08:00', '08:30', 0.50, 1, '测试', '', 0, NULL, NULL, NULL, NULL, NULL, NULL, NULL, NULL, NULL, '2026-04-11 19:53:55', '2026-04-11 19:53:55', 0);
INSERT INTO `booking_order` VALUES (509, 'ORD2042915512652517376', 115, 9, '2026-04-13 00:00:00', '09:00', '09:30', 0.50, 1, '测试', '测试', 3, NULL, NULL, NULL, NULL, '2026-04-11 19:45:12', NULL, NULL, NULL, NULL, '2026-04-11 19:53:55', '2026-04-11 19:53:55', 0);
INSERT INTO `booking_order` VALUES (510, 'ORD2042930101037420544', 115, 9, '2026-04-11 00:00:00', '20:00', '20:30', 0.50, 1, '11', '', 3, NULL, NULL, NULL, NULL, '2026-04-11 19:45:11', NULL, NULL, NULL, NULL, '2026-04-11 19:53:55', '2026-04-11 19:53:55', 0);
INSERT INTO `booking_order` VALUES (511, 'ORD2042931154218766336', 115, 9, '2026-04-11 00:00:00', '21:30', '22:00', 0.50, 1, '1', '', 4, NULL, NULL, NULL, NULL, NULL, NULL, NULL, NULL, NULL, '2026-04-11 19:53:55', '2026-04-11 19:53:55', 0);
INSERT INTO `booking_order` VALUES (512, 'ORD2042931498000699392', 115, 9, '2026-04-12 00:00:00', '08:30', '12:00', 3.50, 1, '111', '', 4, NULL, NULL, NULL, NULL, NULL, NULL, NULL, NULL, NULL, '2026-04-11 19:53:55', '2026-04-11 19:53:55', 0);
INSERT INTO `booking_order` VALUES (513, 'ORD2042931589818208256', 115, 9, '2026-04-13 00:00:00', '14:00', '22:00', 8.00, 1, '111', '', 4, NULL, NULL, NULL, NULL, NULL, NULL, NULL, NULL, NULL, '2026-04-11 19:53:55', '2026-04-11 19:53:55', 0);
INSERT INTO `booking_order` VALUES (514, 'ORD2042932124596162560', 115, 9, '2026-04-11 00:00:00', '20:00', '20:30', 0.50, 1, '111', '', 1, NULL, NULL, NULL, NULL, NULL, NULL, NULL, NULL, NULL, '2026-04-11 19:53:55', '2026-04-11 19:53:55', 0);
INSERT INTO `booking_order` VALUES (515, 'ORD2042937060692185088', 115, 9, '2026-04-13 00:00:00', '10:00', '10:30', 0.50, 1, '22', '', 3, NULL, NULL, NULL, NULL, '2026-04-11 20:57:32', NULL, NULL, NULL, NULL, '2026-04-11 20:05:26', '2026-04-11 20:05:26', 0);
INSERT INTO `booking_order` VALUES (516, 'ORD2042937282692501504', 115, 9, '2026-04-13 00:00:00', '12:00', '12:30', 0.50, 1, '22', '', 3, NULL, NULL, NULL, NULL, '2026-04-11 20:57:29', NULL, NULL, NULL, NULL, '2026-04-11 20:06:19', '2026-04-11 20:06:19', 0);
INSERT INTO `booking_order` VALUES (517, 'ORD2042950133083631616', 115, 9, '2026-04-11 00:00:00', '21:00', '21:30', 0.50, 1, '11', '', 3, NULL, NULL, NULL, NULL, '2026-04-11 20:57:27', NULL, NULL, NULL, NULL, '2026-04-11 20:57:23', '2026-04-11 20:57:23', 0);
INSERT INTO `booking_order` VALUES (518, 'ORD2042950738812432384', 115, 9, '2026-04-12 00:00:00', '08:00', '08:30', 0.50, 1, '111', '', 3, NULL, NULL, NULL, '2026-04-22 19:16:40', '2026-04-22 19:16:44', '测试 [评分：4/5]', NULL, NULL, NULL, '2026-04-11 20:59:47', '2026-04-11 20:59:47', 0);
INSERT INTO `booking_order` VALUES (519, 'ORD2042950844383064064', 115, 9, '2026-04-12 00:00:00', '09:00', '09:30', 0.50, 1, '11', '', 3, NULL, NULL, NULL, NULL, '2026-04-11 21:03:54', NULL, NULL, NULL, NULL, '2026-04-11 21:00:12', '2026-04-11 21:00:12', 0);
INSERT INTO `booking_order` VALUES (520, 'ORD2042951383908970496', 115, 9, '2026-04-12 00:00:00', '11:00', '11:30', 0.50, 1, '121', '11', 3, NULL, NULL, NULL, NULL, '2026-04-11 21:03:51', NULL, NULL, NULL, NULL, '2026-04-11 21:02:21', '2026-04-11 21:02:21', 0);
INSERT INTO `booking_order` VALUES (521, 'ORD2042951695763861504', 115, 9, '2026-04-12 00:00:00', '17:00', '17:30', 0.50, 1, '111', '11', 3, NULL, NULL, NULL, NULL, '2026-04-11 21:03:50', NULL, NULL, NULL, NULL, '2026-04-11 21:03:35', '2026-04-11 21:03:35', 0);
INSERT INTO `booking_order` VALUES (522, 'ORD2042956206158999552', 118, 18, '2026-04-12 00:00:00', '10:00', '12:00', 2.00, 1, '11', '', 1, NULL, NULL, NULL, NULL, NULL, NULL, NULL, NULL, NULL, '2026-04-11 21:21:30', '2026-04-11 21:21:30', 0);
INSERT INTO `booking_order` VALUES (523, 'ORD2042963596950380544', 118, 17, '2026-04-12 00:00:00', '11:00', '11:30', 0.50, 1, '11111111', '', 1, NULL, NULL, NULL, NULL, NULL, NULL, NULL, NULL, NULL, '2026-04-11 21:50:53', '2026-04-11 21:50:53', 0);
INSERT INTO `booking_order` VALUES (524, 'ORD2044499541067681792', 1, 15, '2026-04-16 00:00:00', '08:00', '13:00', 5.00, 1, '超出', '', 4, NULL, NULL, NULL, NULL, NULL, NULL, NULL, NULL, NULL, '2026-04-16 03:34:10', '2026-04-16 03:34:10', 0);
INSERT INTO `booking_order` VALUES (525, 'ORD2044499695208353792', 1, 15, '2026-04-16 00:00:00', '15:00', '15:30', 0.50, 1, '超出', '超出', 3, NULL, NULL, NULL, '2026-04-16 03:38:55', '2026-04-16 03:38:58', '11 [评分：4.5/5]', NULL, NULL, NULL, '2026-04-16 03:34:47', '2026-04-16 03:34:47', 0);
INSERT INTO `booking_order` VALUES (526, 'ORD2044499864419160064', 1, 9, '2026-04-16 00:00:00', '11:00', '11:30', 0.50, 1, '超出', '成', 4, NULL, NULL, NULL, NULL, NULL, NULL, NULL, NULL, NULL, '2026-04-16 03:35:27', '2026-04-16 03:35:27', 0);
INSERT INTO `booking_order` VALUES (527, 'ORD2044500319618584576', 1, 15, '2026-04-17 00:00:00', '09:00', '10:00', 1.00, 1, '11', '11', 3, NULL, NULL, NULL, NULL, '2026-04-16 03:38:53', NULL, NULL, NULL, NULL, '2026-04-16 03:37:16', '2026-04-16 03:37:16', 0);
INSERT INTO `booking_order` VALUES (528, 'ORD2044500645524393984', 1, 15, '2026-04-17 00:00:00', '12:00', '12:30', 0.50, 1, '超出', ' 超出', 4, NULL, NULL, NULL, NULL, NULL, NULL, NULL, NULL, NULL, '2026-04-16 03:38:34', '2026-04-16 03:38:34', 0);
INSERT INTO `booking_order` VALUES (529, 'ORD2045824098890186752', 1, 1, '2026-04-21 00:00:00', '18:00', '18:30', 0.50, 1, '测试', '111', 1, NULL, NULL, NULL, NULL, NULL, NULL, NULL, NULL, NULL, '2026-04-19 19:17:29', '2026-04-19 19:17:29', 0);
INSERT INTO `booking_order` VALUES (530, 'ORD2045824928213139456', 115, 1, '2026-04-21 00:00:00', '18:00', '18:30', 0.50, 1, '超出', '成超出', 1, NULL, NULL, NULL, NULL, NULL, NULL, NULL, NULL, NULL, '2026-04-19 19:20:47', '2026-04-19 19:20:47', 0);
INSERT INTO `booking_order` VALUES (531, 'ORD2045871978824892416', 118, 18, '2026-04-21 00:00:00', '08:00', '10:00', 2.00, 1, '测试', '测试', 3, NULL, NULL, NULL, '2026-04-19 22:32:50', '2026-04-19 22:33:01', '好 [评分：4/5]', NULL, NULL, NULL, '2026-04-19 22:27:45', '2026-04-19 22:27:45', 0);
INSERT INTO `booking_order` VALUES (532, 'ORD2046910975370170368', 1, 9, '2026-04-23 00:00:00', '19:00', '19:30', 0.50, 1, '测试', '测试', 1, NULL, NULL, NULL, NULL, NULL, NULL, NULL, NULL, NULL, '2026-04-22 19:16:21', '2026-04-22 19:16:21', 0);
INSERT INTO `booking_order` VALUES (533, 'ORD2046911386902695936', 1, 9, '2026-04-23 00:00:00', '18:00', '18:30', 0.50, 1, '测试', '测试', 4, NULL, NULL, NULL, NULL, NULL, NULL, NULL, NULL, NULL, '2026-04-22 19:17:59', '2026-04-22 19:17:59', 0);
INSERT INTO `booking_order` VALUES (534, 'ORD2046911748229402624', 118, 9, '2026-04-23 00:00:00', '18:00', '18:30', 0.50, 1, '测试', '测试', 4, NULL, NULL, NULL, NULL, NULL, NULL, NULL, NULL, NULL, '2026-04-22 19:19:25', '2026-04-22 19:19:25', 0);
INSERT INTO `booking_order` VALUES (535, 'ORD2046918454791475200', 118, 9, '2026-04-24 00:00:00', '18:00', '18:30', 0.50, 1, '77', '', 4, NULL, NULL, NULL, NULL, NULL, NULL, NULL, NULL, NULL, '2026-04-22 19:46:04', '2026-04-22 19:46:04', 0);
INSERT INTO `booking_order` VALUES (536, 'ORD2046918610609893376', 118, 9, '2026-05-09 00:00:00', '18:00', '18:30', 0.50, 1, '成', '', 4, NULL, NULL, NULL, NULL, NULL, NULL, NULL, NULL, NULL, '2026-04-22 19:46:41', '2026-04-22 19:46:41', 0);
INSERT INTO `booking_order` VALUES (537, 'ORD2046931063892709376', 122, 9, '2026-04-24 00:00:00', '18:00', '18:30', 0.50, 1, '村上春树', '村上春树', 2, 4, '测试', '2026-04-22 21:15:41', NULL, NULL, NULL, NULL, NULL, NULL, '2026-04-22 20:36:10', '2026-04-22 20:36:10', 0);
INSERT INTO `booking_order` VALUES (538, 'ORD2047006541454249984', 1, 1, '2026-04-24 00:00:00', '08:00', '09:00', 1.00, 1, '菜市场', '菜市场', 3, 1, '【时间调整】菜市场；【时间调整】菜市场', '2026-04-23 01:36:12', NULL, '2026-04-23 01:47:55', NULL, NULL, NULL, NULL, '2026-04-23 01:36:06', '2026-04-23 01:36:06', 0);
INSERT INTO `booking_order` VALUES (539, 'ORD2047008948380848128', 122, 4, '2026-04-25 00:00:00', '18:00', '18:30', 0.50, 1, 'ccc', 'cc', 3, 1, '超出', '2026-04-23 01:45:58', '2026-04-23 01:46:31', '2026-04-23 01:46:37', 'cc [评分：3.5/5]', NULL, NULL, NULL, '2026-04-23 01:45:40', '2026-04-23 01:45:40', 0);
INSERT INTO `booking_order` VALUES (540, 'ORD2047009104702558208', 122, 4, '2026-04-25 00:00:00', '19:00', '19:30', 0.50, 1, 'cc', 'cc', 4, NULL, NULL, NULL, NULL, NULL, NULL, NULL, NULL, NULL, '2026-04-23 01:46:17', '2026-04-23 01:46:17', 0);
INSERT INTO `booking_order` VALUES (541, 'ORD2047009223137120256', 122, 4, '2026-04-25 00:00:00', '08:00', '08:30', 0.50, 1, 'cc', 'cc', 3, 4, '', '2026-04-23 01:46:49', '2026-04-23 01:47:23', '2026-04-23 01:47:29', 'cc [评分：4/5]', NULL, NULL, NULL, '2026-04-23 01:46:45', '2026-04-23 01:46:45', 0);
INSERT INTO `booking_order` VALUES (542, 'ORD2047009280498421760', 122, 4, '2026-04-25 00:00:00', '09:00', '09:30', 0.50, 1, 'cc', 'cc', 4, NULL, NULL, NULL, NULL, NULL, NULL, NULL, NULL, NULL, '2026-04-23 01:46:59', '2026-04-23 01:46:59', 0);
INSERT INTO `booking_order` VALUES (543, 'ORD2047015482745696256', 115, 19, '2026-04-23 00:00:00', '18:00', '18:30', 0.50, 1, 'cs ', 'cs ', 3, NULL, NULL, NULL, NULL, '2026-04-23 02:15:10', NULL, NULL, NULL, NULL, '2026-04-23 02:11:37', '2026-04-23 02:11:37', 0);
INSERT INTO `booking_order` VALUES (544, 'ORD2047015740418568192', 115, 19, '2026-04-24 00:00:00', '18:00', '18:30', 0.50, 1, 'csc', 'sc', 3, NULL, NULL, NULL, NULL, '2026-04-23 02:15:09', NULL, NULL, NULL, NULL, '2026-04-23 02:12:39', '2026-04-23 02:12:39', 0);
INSERT INTO `booking_order` VALUES (545, 'ORD2047015850468716544', 115, 19, '2026-04-24 00:00:00', '19:00', '19:30', 0.50, 1, 'csc', 'cs', 3, NULL, NULL, NULL, NULL, '2026-04-23 02:15:08', NULL, NULL, NULL, NULL, '2026-04-23 02:13:05', '2026-04-23 02:13:05', 0);
INSERT INTO `booking_order` VALUES (546, 'ORD2047016255252606976', 115, 19, '2026-04-24 00:00:00', '16:00', '16:30', 0.50, 1, 'csc', 'csc', 3, NULL, NULL, NULL, NULL, '2026-04-23 02:15:06', NULL, NULL, NULL, NULL, '2026-04-23 02:14:42', '2026-04-23 02:14:42', 0);
INSERT INTO `booking_order` VALUES (547, 'ORD2047018241767264256', 115, 19, '2026-04-24 00:00:00', '08:00', '08:30', 0.50, 1, 'csc', 'scsc', 2, 1, '超出', '2026-04-23 02:22:49', NULL, NULL, NULL, NULL, NULL, NULL, '2026-04-23 02:22:35', '2026-04-23 02:22:35', 0);
INSERT INTO `booking_order` VALUES (548, 'ORD2047019279450656768', 1, 1, '2026-04-24 00:00:00', '15:00', '15:30', 0.50, 1, '1', '', 3, 1, '', '2026-04-23 02:26:52', NULL, '2026-04-23 02:27:03', NULL, NULL, NULL, NULL, '2026-04-23 02:26:43', '2026-04-23 02:26:43', 0);
INSERT INTO `booking_order` VALUES (549, 'ORD2047305215786991616', 126, 117, '2026-04-25 00:00:00', '19:00', '19:30', 0.50, 1, '测试', '测试', 3, 6, '', '2026-04-23 21:25:04', '2026-04-23 21:26:05', '2026-04-23 21:26:12', '胆大妄为 [评分：3/5]', NULL, NULL, NULL, '2026-04-23 21:22:55', '2026-04-23 21:22:55', 0);
INSERT INTO `booking_order` VALUES (550, 'ORD2047309155475767296', 126, 117, '2026-04-25 00:00:00', '08:00', '08:30', 0.50, 1, '测试', '测试', 0, NULL, NULL, NULL, NULL, NULL, NULL, NULL, NULL, NULL, '2026-04-23 21:38:34', '2026-04-23 21:38:34', 0);
INSERT INTO `booking_order` VALUES (551, 'ORD2047309568077840384', 126, 18, '2026-04-25 00:00:00', '09:00', '09:30', 0.50, 1, '测试', '测试', 0, NULL, NULL, NULL, NULL, NULL, NULL, NULL, NULL, NULL, '2026-04-23 21:40:13', '2026-04-23 21:40:13', 0);
INSERT INTO `booking_order` VALUES (552, 'ORD2047654585858351104', 126, 117, '2026-04-25 00:00:00', '11:00', '11:30', 0.50, 11, '测试', '1', 3, 6, '菜市场', '2026-04-24 20:32:21', '2026-04-24 20:32:36', '2026-04-24 20:32:43', '1231 [评分：3.5/5]', NULL, NULL, NULL, '2026-04-24 20:31:12', '2026-04-24 20:31:12', 0);
INSERT INTO `booking_order` VALUES (553, 'ORD2047714949040025600', 117, 1, '2026-04-26 00:00:00', '09:00', '09:30', 0.50, 1, '11', '', 0, NULL, NULL, NULL, NULL, NULL, NULL, NULL, NULL, NULL, '2026-04-25 00:31:03', '2026-04-25 00:31:03', 0);
INSERT INTO `booking_order` VALUES (554, 'ORD2047756112291803136', 117, 117, '2026-04-25 00:00:00', '12:00', '12:30', 0.50, 1, '测试', '', 3, 6, '', '2026-04-25 03:16:03', '2026-04-25 03:16:15', '2026-04-25 03:16:24', '测试 [评分：3.5/5]', NULL, NULL, NULL, '2026-04-25 03:14:37', '2026-04-25 03:14:37', 0);
INSERT INTO `booking_order` VALUES (555, 'ORD2047843766018629632', 117, 117, '2026-04-26 00:00:00', '10:00', '10:30', 0.50, 1, '测试', '测试', 3, 6, '测试', '2026-04-25 09:03:33', '2026-04-25 09:03:50', '2026-04-25 09:04:01', '测试 [评分：3/5]', NULL, NULL, NULL, '2026-04-25 09:02:56', '2026-04-25 09:02:56', 0);

-- ----------------------------
-- Table structure for booking_rule
-- ----------------------------
DROP TABLE IF EXISTS `booking_rule`;
CREATE TABLE `booking_rule`  (
  `id` bigint NOT NULL AUTO_INCREMENT COMMENT '规则ID',
  `rule_name` varchar(100) CHARACTER SET utf8mb4 COLLATE utf8mb4_0900_ai_ci NOT NULL COMMENT '规则名称',
  `user_type` varchar(20) CHARACTER SET utf8mb4 COLLATE utf8mb4_0900_ai_ci NULL DEFAULT NULL COMMENT '角色类型',
  `category_id` bigint NULL DEFAULT 0 COMMENT '设备类型ID（0表示全部设备）',
  `max_duration` decimal(5, 2) NULL DEFAULT NULL COMMENT '最大预约时长（小时）',
  `max_times` int NULL DEFAULT NULL COMMENT '最大预约次数',
  `advance_hours` int NULL DEFAULT NULL COMMENT '提前预约时长（小时）',
  `status` int NULL DEFAULT 1 COMMENT '状态：0-禁用，1-启用',
  `remark` varchar(255) CHARACTER SET utf8mb4 COLLATE utf8mb4_0900_ai_ci NULL DEFAULT NULL COMMENT '备注',
  `create_time` datetime NULL DEFAULT CURRENT_TIMESTAMP COMMENT '创建时间',
  `update_time` datetime NULL DEFAULT CURRENT_TIMESTAMP ON UPDATE CURRENT_TIMESTAMP COMMENT '更新时间',
  `deleted` int NULL DEFAULT 0 COMMENT '逻辑删除',
  PRIMARY KEY (`id`) USING BTREE,
  INDEX `idx_user_type`(`user_type` ASC) USING BTREE,
  INDEX `idx_category_id`(`category_id` ASC) USING BTREE
) ENGINE = InnoDB AUTO_INCREMENT = 12 CHARACTER SET = utf8mb4 COLLATE = utf8mb4_0900_ai_ci COMMENT = '预约规则表' ROW_FORMAT = DYNAMIC;

-- ----------------------------
-- Records of booking_rule
-- ----------------------------
INSERT INTO `booking_rule` VALUES (1, '学生通用预约规则', 'STUDENT', 0, 4.00, 2, 24, 1, '学生单设备单日最多预约4小时，最多2次，需提前24小时', '2026-04-11 19:53:55', '2026-04-11 19:53:55', 0);
INSERT INTO `booking_rule` VALUES (2, '教师通用预约规则', 'TEACHER', 0, 8.00, 5, 48, 1, '教师单设备单日最多预约8小时，最多5次，需提前48小时', '2026-04-11 19:53:55', '2026-04-11 19:53:55', 0);
INSERT INTO `booking_rule` VALUES (3, '实验室管理员规则', 'LAB_ADMIN', 0, 12.00, 10, 72, 1, '实验室管理员不受限制', '2026-04-11 19:53:55', '2026-04-11 19:53:55', 0);
INSERT INTO `booking_rule` VALUES (4, '维护人员规则', 'MAINTAINER', 0, 8.00, 3, 12, 1, '维护人员维修时预约', '2026-04-11 19:53:55', '2026-04-11 19:53:55', 0);
INSERT INTO `booking_rule` VALUES (5, '高精度天平学生规则', 'STUDENT', 4, 2.00, 1, 48, 1, '高精度设备（天平类）限制较多', '2026-04-11 19:53:55', '2026-04-11 19:53:55', 0);
INSERT INTO `booking_rule` VALUES (6, '高精度天平教师规则', 'TEACHER', 4, 4.00, 2, 48, 1, '教师使用高精度天平规则', '2026-04-11 19:53:55', '2026-04-11 19:53:55', 0);
INSERT INTO `booking_rule` VALUES (7, '精密光学设备学生规则', 'STUDENT', 1, 3.00, 1, 36, 1, '荧光显微镜、电子显微镜等精密设备', '2026-04-11 19:53:55', '2026-04-11 19:53:55', 0);
INSERT INTO `booking_rule` VALUES (8, '大型离心机预约规则', 'STUDENT', 2, 3.00, 1, 24, 1, '大容量离心机限制', '2026-04-11 19:53:55', '2026-04-11 19:53:55', 0);
INSERT INTO `booking_rule` VALUES (9, '光谱仪预约规则', 'STUDENT', 5, 4.00, 2, 36, 1, '光谱仪使用规则', '2026-04-11 19:53:55', '2026-04-11 19:53:55', 0);
INSERT INTO `booking_rule` VALUES (10, '培养箱预约规则', 'STUDENT', 6, 5.00, 2, 23, 1, '培养箱可长期预约', '2026-04-11 19:53:55', '2026-04-11 19:53:55', 0);
INSERT INTO `booking_rule` VALUES (11, 'cscs', 'STUDENT', 0, 1.00, 1, 17, 0, 'cscs', '2026-04-11 19:53:55', '2026-04-11 19:53:55', 1);

-- ----------------------------
-- Table structure for calibration_record
-- ----------------------------
DROP TABLE IF EXISTS `calibration_record`;
CREATE TABLE `calibration_record`  (
  `id` bigint NOT NULL AUTO_INCREMENT COMMENT '记录ID',
  `device_id` bigint NOT NULL COMMENT '设备ID',
  `calibration_date` datetime NOT NULL COMMENT '校准时间',
  `calibration_cycle` int NULL DEFAULT NULL COMMENT '校准周期（天）',
  `next_calibration_date` datetime NULL DEFAULT NULL COMMENT '下次校准时间',
  `result` int NULL DEFAULT 1 COMMENT '校准结果：0-不合格，1-合格',
  `report_path` varchar(255) CHARACTER SET utf8mb4 COLLATE utf8mb4_0900_ai_ci NULL DEFAULT NULL COMMENT '校准报告路径',
  `calibrator_id` bigint NULL DEFAULT NULL COMMENT '校准人ID',
  `remark` varchar(255) CHARACTER SET utf8mb4 COLLATE utf8mb4_0900_ai_ci NULL DEFAULT NULL COMMENT '校准备注',
  `create_time` datetime NULL DEFAULT CURRENT_TIMESTAMP COMMENT '创建时间',
  `update_time` datetime NULL DEFAULT CURRENT_TIMESTAMP ON UPDATE CURRENT_TIMESTAMP COMMENT '更新时间',
  `deleted` int NULL DEFAULT 0 COMMENT '逻辑删除',
  PRIMARY KEY (`id`) USING BTREE,
  INDEX `idx_device_id`(`device_id` ASC) USING BTREE
) ENGINE = InnoDB AUTO_INCREMENT = 33 CHARACTER SET = utf8mb4 COLLATE = utf8mb4_0900_ai_ci COMMENT = '校准记录表' ROW_FORMAT = DYNAMIC;

-- ----------------------------
-- Records of calibration_record
-- ----------------------------
INSERT INTO `calibration_record` VALUES (1, 1, '2026-01-15 09:00:00', 180, '2026-07-15 00:00:00', 1, '/reports/calibration/MIC-001-2026.pdf', 16, '校准合格，各项指标正常', '2026-04-11 19:53:55', '2026-04-11 19:53:55', 0);
INSERT INTO `calibration_record` VALUES (2, 2, '2026-01-15 10:30:00', 180, '2026-07-15 00:00:00', 1, '/reports/calibration/MIC-002-2026.pdf', 16, '校准合格', '2026-04-11 19:53:55', '2026-04-11 19:53:55', 0);
INSERT INTO `calibration_record` VALUES (3, 8, '2026-02-01 09:00:00', 180, '2026-08-01 00:00:00', 1, '/reports/calibration/CEN-001-2026.pdf', 16, '高速冷冻离心机校准正常', '2026-04-11 19:53:55', '2026-04-11 19:53:55', 0);
INSERT INTO `calibration_record` VALUES (4, 9, '2026-02-01 10:00:00', 180, '2026-08-01 00:00:00', 1, '/reports/calibration/CEN-002-2026.pdf', 16, '高速冷冻离心机校准正常', '2026-04-11 19:53:55', '2026-04-11 19:53:55', 0);
INSERT INTO `calibration_record` VALUES (5, 6, '2026-03-10 14:00:00', 180, '2026-09-10 00:00:00', 1, '/reports/calibration/JEM-2100-2026.pdf', 16, '电子显微镜已完成维修后校准', '2026-04-11 19:53:55', '2026-04-11 19:53:55', 0);
INSERT INTO `calibration_record` VALUES (6, 15, '2026-02-15 09:00:00', 180, '2026-08-15 00:00:00', 1, '/reports/calibration/BAL-001-2026.pdf', 16, '分析天平精度校准合格', '2026-04-11 19:53:55', '2026-04-11 19:53:55', 0);
INSERT INTO `calibration_record` VALUES (7, 16, '2026-02-15 10:00:00', 180, '2026-08-15 00:00:00', 1, '/reports/calibration/BAL-002-2026.pdf', 16, '分析天平精度校准合格', '2026-04-11 19:53:55', '2026-04-11 19:53:55', 1);
INSERT INTO `calibration_record` VALUES (8, 18, '2026-03-10 10:00:00', 180, '2026-09-10 00:00:00', 1, '/reports/calibration/UV-2600-2026.pdf', 15, '光源更换后重新校准', '2026-04-11 19:53:55', '2026-04-11 19:53:55', 0);
INSERT INTO `calibration_record` VALUES (9, 21, '2026-02-01 14:00:00', 180, '2026-08-01 00:00:00', 1, '/reports/calibration/CO2-180-2026.pdf', 15, 'CO2培养箱温度和浓度校准正常', '2026-04-11 19:53:55', '2026-04-11 19:53:55', 0);
INSERT INTO `calibration_record` VALUES (10, 24, '2026-01-15 09:00:00', 180, '2026-07-15 00:00:00', 1, '/reports/calibration/PCR-001-2026.pdf', 15, 'PCR仪校准正常', '2026-04-11 19:53:55', '2026-04-11 19:53:55', 0);
INSERT INTO `calibration_record` VALUES (11, 5, '2026-03-26 23:12:59', 12, '2026-03-27 00:00:00', 1, NULL, 24, 'csccssc', '2026-04-11 19:53:55', '2026-04-11 19:53:55', 1);
INSERT INTO `calibration_record` VALUES (12, 4, '2026-03-26 23:13:16', 180, '2026-03-27 00:00:00', 1, NULL, 24, 'cscs', '2026-04-11 19:53:55', '2026-04-11 19:53:55', 0);
INSERT INTO `calibration_record` VALUES (13, 2, '2026-03-27 00:06:00', 1, '2026-03-27 00:00:00', 0, NULL, 1, '测试', '2026-04-11 19:53:55', '2026-04-11 19:53:55', 0);
INSERT INTO `calibration_record` VALUES (14, 82, '2026-04-01 02:09:29', 4, NULL, 1, NULL, 1, '', '2026-04-11 19:53:55', '2026-04-11 19:53:55', 1);
INSERT INTO `calibration_record` VALUES (15, 82, '2026-04-01 02:09:58', 6, '2026-04-18 00:00:00', 1, NULL, 1, 'csc', '2026-04-11 19:53:55', '2026-04-11 19:53:55', 0);
INSERT INTO `calibration_record` VALUES (16, 105, '2026-04-01 02:15:28', 2, '2026-04-03 00:00:00', 1, NULL, 1, 'cscs', '2026-04-11 19:53:55', '2026-04-11 19:53:55', 0);
INSERT INTO `calibration_record` VALUES (17, 105, '2026-04-01 02:15:40', 180, NULL, 1, NULL, 1, '', '2026-04-11 19:53:55', '2026-04-11 19:53:55', 1);
INSERT INTO `calibration_record` VALUES (18, 105, '2026-04-01 02:18:01', 180, NULL, 1, NULL, 1, '', '2026-04-11 19:53:55', '2026-04-11 19:53:55', 1);
INSERT INTO `calibration_record` VALUES (19, 105, '2026-04-01 02:19:28', 180, NULL, 1, NULL, 1, '', '2026-04-11 19:53:55', '2026-04-11 19:53:55', 1);
INSERT INTO `calibration_record` VALUES (20, 105, '2026-04-01 02:21:03', 180, NULL, 1, NULL, 1, '', '2026-04-11 19:53:55', '2026-04-11 19:53:55', 1);
INSERT INTO `calibration_record` VALUES (21, 105, '2026-04-01 02:21:53', 180, '2026-04-02 00:00:00', 1, NULL, 1, '', '2026-04-11 19:53:55', '2026-04-11 19:53:55', 1);
INSERT INTO `calibration_record` VALUES (22, 106, '2026-04-04 20:46:01', 1, '2026-04-05 00:00:00', 1, NULL, 19, '', '2026-04-11 19:53:55', '2026-04-11 19:53:55', 0);
INSERT INTO `calibration_record` VALUES (23, 83, '2026-04-04 20:49:35', 180, '2026-04-07 00:00:00', 1, NULL, 19, '村上春树', '2026-04-11 19:53:55', '2026-04-11 19:53:55', 0);
INSERT INTO `calibration_record` VALUES (24, 1, '2026-04-10 06:06:03', 3, '2026-04-13 00:00:00', 1, NULL, 1, '11555', '2026-04-11 19:53:55', '2026-04-11 19:53:55', 0);
INSERT INTO `calibration_record` VALUES (25, 119, '2026-04-10 06:07:22', 3, '2026-04-12 00:00:00', 1, NULL, 19, '', '2026-04-11 19:53:55', '2026-04-11 19:53:55', 0);
INSERT INTO `calibration_record` VALUES (26, 123, '2026-04-11 21:18:01', 5, '2026-04-13 00:00:00', 0, NULL, 1, '11', '2026-04-11 21:18:01', '2026-04-11 21:18:01', 0);
INSERT INTO `calibration_record` VALUES (27, 1, '2026-04-19 23:48:44', 2, '2026-04-21 00:00:00', 1, NULL, 19, '测试', '2026-04-19 23:48:44', '2026-04-19 23:48:44', 0);
INSERT INTO `calibration_record` VALUES (28, 122, '2026-04-23 08:12:44', 10, '2026-04-26 00:00:00', 1, NULL, 19, '', '2026-04-23 08:12:44', '2026-04-23 08:12:44', 0);
INSERT INTO `calibration_record` VALUES (29, 113, '2026-04-23 08:20:47', 10, '2026-04-25 00:00:00', 1, NULL, 1, '测试', '2026-04-23 08:20:47', '2026-04-23 08:20:47', 0);
INSERT INTO `calibration_record` VALUES (30, 114, '2026-04-23 08:21:05', 10, '2026-04-26 00:00:00', 1, NULL, 1, '', '2026-04-23 08:21:05', '2026-04-23 08:21:05', 0);
INSERT INTO `calibration_record` VALUES (31, 120, '2026-04-23 08:21:18', 10, '2026-04-25 00:00:00', 1, NULL, 1, '', '2026-04-23 08:21:18', '2026-04-23 08:21:18', 0);
INSERT INTO `calibration_record` VALUES (32, 1, '2026-04-24 20:35:13', 1, '2026-04-25 00:00:00', 1, NULL, 19, '菜市场', '2026-04-24 20:35:13', '2026-04-24 20:35:13', 0);

-- ----------------------------
-- Table structure for device_category
-- ----------------------------
DROP TABLE IF EXISTS `device_category`;
CREATE TABLE `device_category`  (
  `id` bigint NOT NULL AUTO_INCREMENT COMMENT '分类ID',
  `category_name` varchar(50) CHARACTER SET utf8mb4 COLLATE utf8mb4_0900_ai_ci NOT NULL COMMENT '分类名称',
  `category_code` varchar(32) CHARACTER SET utf8mb4 COLLATE utf8mb4_0900_ai_ci NULL DEFAULT NULL COMMENT '分类编码（业务唯一）',
  `parent_id` bigint NULL DEFAULT 0 COMMENT '父分类ID',
  `sort` int NULL DEFAULT 0 COMMENT '排序号',
  `remark` varchar(255) CHARACTER SET utf8mb4 COLLATE utf8mb4_0900_ai_ci NULL DEFAULT NULL COMMENT '备注',
  `create_time` datetime NULL DEFAULT CURRENT_TIMESTAMP COMMENT '创建时间',
  `update_time` datetime NULL DEFAULT CURRENT_TIMESTAMP ON UPDATE CURRENT_TIMESTAMP COMMENT '更新时间',
  `deleted` int NULL DEFAULT 0 COMMENT '逻辑删除',
  PRIMARY KEY (`id`) USING BTREE,
  UNIQUE INDEX `uk_category_code`(`category_code` ASC) USING BTREE
) ENGINE = InnoDB AUTO_INCREMENT = 28 CHARACTER SET = utf8mb4 COLLATE = utf8mb4_0900_ai_ci COMMENT = '设备分类表' ROW_FORMAT = DYNAMIC;

-- ----------------------------
-- Records of device_category
-- ----------------------------
INSERT INTO `device_category` VALUES (1, '显微镜类', 'C11', 0, 1, '光学和电子显微镜设备', '2026-04-11 19:53:55', '2026-04-15 20:37:34', 0);
INSERT INTO `device_category` VALUES (2, '离心机类', 'C21', 0, 2, '各类离心分离设备', '2026-04-11 19:53:55', '2026-04-15 20:39:35', 0);
INSERT INTO `device_category` VALUES (3, '烘箱类', 'C3', 0, 3, '干燥和加热设备', '2026-04-11 19:53:55', '2026-04-11 19:53:55', 0);
INSERT INTO `device_category` VALUES (4, '天平类', 'C4', 0, 4, '精密称量设备', '2026-04-11 19:53:55', '2026-04-23 01:30:53', 1);
INSERT INTO `device_category` VALUES (5, '光谱仪类', 'C5', 0, 5, '光谱分析设备', '2026-04-11 19:53:55', '2026-04-11 19:53:55', 0);
INSERT INTO `device_category` VALUES (6, '培养箱类', 'C6', 0, 6, '细胞和微生物培养设备', '2026-04-11 19:53:55', '2026-04-11 19:53:55', 0);
INSERT INTO `device_category` VALUES (7, '电泳设备', 'C7', 0, 7, '凝胶电泳设备', '2026-04-11 19:53:55', '2026-04-11 19:53:55', 0);
INSERT INTO `device_category` VALUES (8, 'PCR设备', 'C8', 0, 8, '聚合酶链式反应设备', '2026-04-11 19:53:55', '2026-04-13 20:55:57', 1);
INSERT INTO `device_category` VALUES (9, '其他设备', 'C9', 0, 9, '其他实验室设备', '2026-04-11 19:53:55', '2026-04-11 19:53:55', 0);
INSERT INTO `device_category` VALUES (10, '测试1', 'C10', 1, 10, '测试成成', '2026-04-11 19:53:55', '2026-04-11 19:53:55', 1);
INSERT INTO `device_category` VALUES (11, '测试设备', 'CS', 3, 0, '', '2026-04-11 19:53:55', '2026-04-15 20:38:02', 1);
INSERT INTO `device_category` VALUES (12, '村上春树', '123123125555', 2, 3, '测试5555', '2026-04-11 19:53:55', '2026-04-11 19:53:55', 1);
INSERT INTO `device_category` VALUES (13, '测试测试', 'cscscssc', 0, 1, 'cscsccs', '2026-04-11 19:53:55', '2026-04-11 19:53:55', 1);
INSERT INTO `device_category` VALUES (14, '打算', '13121cc', 0, 0, '擦拭cc', '2026-04-11 19:53:55', '2026-04-11 19:53:55', 1);
INSERT INTO `device_category` VALUES (15, '分析仪器', 'ANAL-001', 0, 0, '', '2026-04-11 19:53:55', '2026-04-23 21:16:25', 1);
INSERT INTO `device_category` VALUES (16, '1231', '1231', 1, 0, '超出', '2026-04-11 19:53:55', '2026-04-15 20:38:05', 1);
INSERT INTO `device_category` VALUES (18, '测试分类', 'TEST', 0, 1, '1111', '2026-04-15 18:47:47', '2026-04-15 18:48:58', 0);
INSERT INTO `device_category` VALUES (19, '测试子分类', 'TEST_SUB', 18, 1, '11', '2026-04-15 18:48:41', '2026-04-15 18:48:52', 0);
INSERT INTO `device_category` VALUES (20, '实验装置', 'C1', 0, 4, '', '2026-04-15 20:38:24', '2026-04-23 23:35:09', 0);
INSERT INTO `device_category` VALUES (23, '计算机设备', 'C2', 0, 1, '', '2026-04-15 20:39:49', '2026-04-15 20:39:49', 0);
INSERT INTO `device_category` VALUES (24, '测量仪器', 'C12', 0, 2, '', '2026-04-15 20:41:20', '2026-04-15 20:41:20', 0);
INSERT INTO `device_category` VALUES (26, '分析仪器', 'ANAL-0011', 0, 1, '测试', '2026-04-23 21:17:21', '2026-04-23 21:18:46', 1);
INSERT INTO `device_category` VALUES (27, '色谱类', 'cs1112', 26, 0, '测试', '2026-04-23 21:18:28', '2026-04-23 21:18:44', 1);

-- ----------------------------
-- Table structure for device_entry
-- ----------------------------
DROP TABLE IF EXISTS `device_entry`;
CREATE TABLE `device_entry`  (
  `id` bigint NOT NULL AUTO_INCREMENT COMMENT '记录ID',
  `asset_no` varchar(50) CHARACTER SET utf8mb4 COLLATE utf8mb4_0900_ai_ci NULL DEFAULT NULL COMMENT '资产编号（审核通过后填写）',
  `device_name` varchar(100) CHARACTER SET utf8mb4 COLLATE utf8mb4_0900_ai_ci NOT NULL COMMENT '设备名称',
  `category` varchar(50) CHARACTER SET utf8mb4 COLLATE utf8mb4_0900_ai_ci NULL DEFAULT NULL COMMENT '设备分类名称',
  `manufacturer` varchar(100) CHARACTER SET utf8mb4 COLLATE utf8mb4_0900_ai_ci NULL DEFAULT NULL COMMENT '生产厂商',
  `model` varchar(100) CHARACTER SET utf8mb4 COLLATE utf8mb4_0900_ai_ci NULL DEFAULT NULL COMMENT '型号规格',
  `purchase_date` date NULL DEFAULT NULL COMMENT '购入日期',
  `price` decimal(10, 2) NULL DEFAULT NULL COMMENT '单价（元）',
  `accuracy_level` varchar(50) CHARACTER SET utf8mb4 COLLATE utf8mb4_0900_ai_ci NULL DEFAULT NULL COMMENT '精度等级',
  `lab_id` bigint NULL DEFAULT NULL COMMENT '所属实验室ID',
  `lab_name` varchar(50) CHARACTER SET utf8mb4 COLLATE utf8mb4_0900_ai_ci NULL DEFAULT NULL COMMENT '所属实验室名称',
  `specifications` text CHARACTER SET utf8mb4 COLLATE utf8mb4_0900_ai_ci NULL COMMENT '主要技术参数',
  `remark` varchar(255) CHARACTER SET utf8mb4 COLLATE utf8mb4_0900_ai_ci NULL DEFAULT NULL COMMENT '备注说明',
  `status` int NULL DEFAULT 0 COMMENT '状态：0-待审核，1-已入库，2-已驳回',
  `opinion` text CHARACTER SET utf8mb4 COLLATE utf8mb4_0900_ai_ci NULL COMMENT '审核意见',
  `applicant_id` bigint NULL DEFAULT NULL COMMENT '申请人ID',
  `create_time` datetime NULL DEFAULT CURRENT_TIMESTAMP COMMENT '创建时间',
  `update_time` datetime NULL DEFAULT CURRENT_TIMESTAMP ON UPDATE CURRENT_TIMESTAMP COMMENT '更新时间',
  `deleted` int NULL DEFAULT 0 COMMENT '逻辑删除：0-未删除，1-已删除',
  PRIMARY KEY (`id`) USING BTREE,
  INDEX `idx_applicant_id`(`applicant_id` ASC) USING BTREE,
  INDEX `idx_status`(`status` ASC) USING BTREE
) ENGINE = InnoDB AUTO_INCREMENT = 36 CHARACTER SET = utf8mb4 COLLATE = utf8mb4_0900_ai_ci COMMENT = '设备入库申请表' ROW_FORMAT = DYNAMIC;

-- ----------------------------
-- Records of device_entry
-- ----------------------------
INSERT INTO `device_entry` VALUES (1, 'AST-2024-0001', '扫描电子显微镜SEM-5000', '显微镜类', '日本电子', 'SEM-5000', '2024-06-15', 850000.00, '高精度', 1, '博学楼', '分辨率：1.0nm；加速电压：0.1-30kV；放大倍数：20-800,000×', '学院重点采购设备，用于材料科学研究', 1, '设备验收合格，各项指标达标，同意入库。', 2, '2026-04-11 19:53:55', '2026-04-11 19:53:55', 0);
INSERT INTO `device_entry` VALUES (2, 'AST-2024-0002', '高效液相色谱仪HPLC-1260', '分析仪器类', '安捷伦', '1260 Infinity II', '2024-07-20', 320000.00, '高精度', 1, '博学楼', '流量范围：0.001-10mL/min；压力范围：0-600bar；检测器：DAD、VWD', '用于有机化合物分离和定量分析', 1, '验收合格，已完成安装调试。', 2, '2026-04-11 19:53:55', '2026-04-11 19:53:55', 0);
INSERT INTO `device_entry` VALUES (3, 'AST-2024-0003', '超低温冷冻离心机CR-22N', '离心机类', '日立', 'CR-22N', '2024-08-10', 180000.00, '高精密度', 2, '博学楼', '最高转速：100,000rpm；最大相对离心力：693,000×g；温度范围：-20℃~+40℃', '用于生物大分子分离', 1, '设备运行正常，已入库。', 3, '2026-04-11 19:53:55', '2026-04-11 19:53:55', 0);
INSERT INTO `device_entry` VALUES (4, 'AST-2024-0004', '傅里叶红外光谱仪FTIR-8500', '光谱仪类', '赛默飞世尔', 'Nicolet iS50', '2024-09-01', 250000.00, '高精度', 1, '博学楼', '波数范围：4000-400cm⁻¹；分辨率：0.25px；信噪比：55000:1', '有机化合物结构鉴定', 1, '培训完成，已投入使用。', 2, '2026-04-11 19:53:55', '2026-04-11 19:53:55', 0);
INSERT INTO `device_entry` VALUES (5, 'AST-2024-0005', '全自动核酸提取仪NA-1280', '分子生物类', '凯杰', 'QIAcube Connect', '2024-10-15', 150000.00, '高精密度', 3, '求实楼', '处理量：1-12个样本/批次；提取时间：20-60min；兼容多种样本类型', '用于基因组研究样本制备', 1, '验收通过，同意入库。', 3, '2026-04-11 19:53:55', '2026-04-11 19:53:55', 0);
INSERT INTO `device_entry` VALUES (10, NULL, '激光共聚焦显微镜LCM-7000', '显微镜类', '蔡司', 'LSM 980', '2024-11-01', 980000.00, '超高精度', 1, '博学楼', '分辨率：XY 140nm，Z 250nm；激光器：405/488/561/639nm；活细胞培养系统', '用于细胞生物学和神经科学研究', 0, NULL, 2, '2026-04-11 19:53:55', '2026-04-11 19:53:55', 0);
INSERT INTO `device_entry` VALUES (11, NULL, '原子吸收光谱仪AAS-240FS', '光谱仪类', '安捷伦', '240FS AA', '2024-11-15', 180000.00, '高精度', 2, '博学楼', '波长范围：185-900nm；检测限：<0.004Abs；灯座：8灯座自动切换', '用于金属元素微量分析', 0, NULL, 3, '2026-04-11 19:53:55', '2026-04-11 19:53:55', 0);
INSERT INTO `device_entry` VALUES (12, NULL, '流式细胞仪FC-5000', '分子生物类', 'BD', 'FACSCanto II', '2024-12-01', 650000.00, '高精密度', 3, '求实楼', '激光器：3激光（488/633/405nm）；检测通道：8荧光+2散射；分析速度：10,000 events/s', '用于免疫学和细胞分选研究', 0, NULL, 2, '2026-04-11 19:53:55', '2026-04-11 19:53:55', 0);
INSERT INTO `device_entry` VALUES (13, NULL, '全自动化学发光成像系统CL-6000', '成像设备类', '勤翔', 'ChemiScope 6000', '2024-12-10', 85000.00, '中精度', 1, '博学楼', 'CCD分辨率：605万像素；动态范围：>3.6OD；曝光时间：0.1ms-60min', '用于Western blot等化学发光检测', 0, NULL, 3, '2026-04-11 19:53:55', '2026-04-11 19:53:55', 0);
INSERT INTO `device_entry` VALUES (14, NULL, '实时细胞分析仪RTCA-16', '细胞分析类', '安捷伦', 'xCELLigence RTCA SP', '2024-12-20', 420000.00, '高精密度', 3, '求实楼', '检测通量：96孔板；实时无标记检测；检测参数：细胞增殖、毒性、迁移', '用于细胞水平和无标记实时分析', 0, NULL, 2, '2026-04-11 19:53:55', '2026-04-11 19:53:55', 0);
INSERT INTO `device_entry` VALUES (20, NULL, '便携式水质分析仪PWA-100', '分析仪器类', '哈希', 'HQ40D', '2024-08-15', 35000.00, '低精度', 2, '博学楼', '可测参数：pH/溶解氧/电导率/ORP；防护等级：IP67', '用于野外水质快速检测', 2, '设备精度等级不符合实验室标准要求，建议采购实验室级设备。', 3, '2026-04-11 19:53:55', '2026-04-11 19:53:55', 0);
INSERT INTO `device_entry` VALUES (21, NULL, '简易光学显微镜OM-100', '显微镜类', '麦克奥迪', 'BA210', '2024-09-20', 8000.00, '低精度', 1, '博学楼', '放大倍数：40-1000×；目镜：WF10×/22mm；物镜：平场消色差', '与现有高端显微镜功能重叠', 2, '现有光学显微镜已满足教学需求，暂不采购此设备。', 2, '2026-04-11 19:53:55', '2026-04-11 19:53:55', 0);
INSERT INTO `device_entry` VALUES (22, NULL, '普通离心机CEN-100', '离心机类', '知楚', 'TG16-WS', '2024-10-10', 6500.00, '低精度', 2, '博学楼', '最高转速：16000rpm；容量：24×1.5mL；温控：无', '配置较低，无法满足精密实验需求', 2, '离心机温控功能为必需，此设备无温控，不符合采购要求。', 3, '2026-04-11 19:53:55', '2026-04-11 19:53:55', 0);
INSERT INTO `device_entry` VALUES (30, NULL, '全自动灭菌器AMS-500', '灭菌设备类', '新华医疗', 'LMQ.C-500H', '2025-01-15', 65000.00, '中精度', 3, '求实楼', '容积：500L；灭菌温度：105-138℃；干燥功能：真空干燥', '用于实验器皿灭菌处理', 0, NULL, 3, '2026-04-11 19:53:55', '2026-04-11 19:53:55', 0);
INSERT INTO `device_entry` VALUES (31, NULL, '制冰机ICE-300', '辅助设备类', ' Scotsman', 'EF331', '2025-01-20', 28000.00, '低精度', 1, '博学楼', '制冰量：300kg/24h；储冰量：180kg；冰型：方冰', '用于实验用冰供应', 0, NULL, 2, '2026-04-11 19:53:55', '2026-04-11 19:53:55', 0);
INSERT INTO `device_entry` VALUES (32, NULL, '超纯水系统UPS-1000', '纯水设备类', '默克', 'Milli-Q IQ 7003', '2025-02-01', 95000.00, '高纯度', 1, '博学楼', '产水速度：3L/h；电阻率：18.2MΩ·cm；TOC：<5ppb；取水方式：单取水手柄', '用于精密实验用水供应', 0, NULL, 3, '2026-04-11 19:53:55', '2026-04-11 19:53:55', 0);
INSERT INTO `device_entry` VALUES (33, NULL, '梯度PCR仪GPCR-96', '分子生物类', '伯乐', 'CFX96 Deep Well', '2025-02-15', 88000.00, '高精度', 3, '求实楼', '孔数：96孔深孔板；温度梯度范围：1-30℃；升降温速率：5℃/s', '用于大样本量PCR实验', 0, NULL, 2, '2026-04-11 19:53:55', '2026-04-11 19:53:55', 0);
INSERT INTO `device_entry` VALUES (34, NULL, '生物安全柜BSC-1200', '安全设备类', '海尔', 'HR1200-IIA2', '2025-03-01', 75000.00, '高安全性', 3, '求实楼', '洁净等级：Class 100；气流：70%循环/30%外排；过滤器：H14 HEPA', '用于病原微生物操作', 0, NULL, 3, '2026-04-11 19:53:55', '2026-04-11 19:53:55', 0);
INSERT INTO `device_entry` VALUES (35, NULL, '-80℃超低温冰箱ULT-600', '储藏设备类', '赛默飞世尔', 'TSX600A', '2025-03-10', 85000.00, '高稳定性', 1, '博学楼', '温度范围：-50℃~-86℃；容积：638L；噪音：52dB；认证：CE/CSA/UL', '用于生物样本长期保存', 0, NULL, 2, '2026-04-11 19:53:55', '2026-04-11 19:53:55', 0);

-- ----------------------------
-- Table structure for device_info
-- ----------------------------
DROP TABLE IF EXISTS `device_info`;
CREATE TABLE `device_info`  (
  `id` bigint NOT NULL AUTO_INCREMENT COMMENT '设备ID',
  `device_no` varchar(50) CHARACTER SET utf8mb4 COLLATE utf8mb4_0900_ai_ci NOT NULL COMMENT '设备编号',
  `device_name` varchar(100) CHARACTER SET utf8mb4 COLLATE utf8mb4_0900_ai_ci NOT NULL COMMENT '设备名称',
  `category_id` bigint NULL DEFAULT NULL COMMENT '设备类型ID',
  `model` varchar(100) CHARACTER SET utf8mb4 COLLATE utf8mb4_0900_ai_ci NULL DEFAULT NULL COMMENT '设备型号',
  `manufacturer` varchar(100) CHARACTER SET utf8mb4 COLLATE utf8mb4_0900_ai_ci NULL DEFAULT NULL COMMENT '生产厂商',
  `purchase_date` datetime NULL DEFAULT NULL COMMENT '购买日期',
  `price` decimal(10, 2) NULL DEFAULT NULL COMMENT '设备价格',
  `laboratory` varchar(50) CHARACTER SET utf8mb4 COLLATE utf8mb4_0900_ai_ci NULL DEFAULT NULL COMMENT '所在实验室',
  `location` varchar(100) CHARACTER SET utf8mb4 COLLATE utf8mb4_0900_ai_ci NULL DEFAULT NULL COMMENT '详细位置',
  `precision_level` int NULL DEFAULT 2 COMMENT '精度等级：1-低，2-中，3-高',
  `status` int NULL DEFAULT 0 COMMENT '状态：0-空闲，1-使用中，2-维修中，3-校准中，4-报废',
  `description` text CHARACTER SET utf8mb4 COLLATE utf8mb4_0900_ai_ci NULL COMMENT '设备简介',
  `image_path` varchar(255) CHARACTER SET utf8mb4 COLLATE utf8mb4_0900_ai_ci NULL DEFAULT NULL COMMENT '设备图片路径',
  `manual_path` varchar(255) CHARACTER SET utf8mb4 COLLATE utf8mb4_0900_ai_ci NULL DEFAULT NULL COMMENT '操作手册路径',
  `adapt_project` varchar(255) CHARACTER SET utf8mb4 COLLATE utf8mb4_0900_ai_ci NULL DEFAULT NULL COMMENT '适配实验项目',
  `calibration_cycle` int NULL DEFAULT 180 COMMENT '校准周期（天）',
  `next_calibration_date` datetime NULL DEFAULT NULL COMMENT '下次校准时间',
  `create_time` datetime NULL DEFAULT CURRENT_TIMESTAMP COMMENT '创建时间',
  `update_time` datetime NULL DEFAULT CURRENT_TIMESTAMP ON UPDATE CURRENT_TIMESTAMP COMMENT '更新时间',
  `deleted` int NULL DEFAULT 0 COMMENT '逻辑删除',
  `device_no_active` varchar(50) CHARACTER SET utf8mb4 COLLATE utf8mb4_0900_ai_ci GENERATED ALWAYS AS ((case when (`deleted` = 0) then `device_no` else NULL end)) STORED COMMENT '仅未删除设备编号参与唯一约束' NULL,
  PRIMARY KEY (`id`) USING BTREE,
  UNIQUE INDEX `uk_device_no_active`(`device_no_active` ASC) USING BTREE,
  INDEX `idx_device_no`(`device_no` ASC) USING BTREE,
  INDEX `idx_category_id`(`category_id` ASC) USING BTREE,
  INDEX `idx_status`(`status` ASC) USING BTREE,
  INDEX `idx_laboratory`(`laboratory` ASC) USING BTREE
) ENGINE = InnoDB AUTO_INCREMENT = 129 CHARACTER SET = utf8mb4 COLLATE = utf8mb4_0900_ai_ci COMMENT = '设备信息表' ROW_FORMAT = DYNAMIC;

-- ----------------------------
-- Records of device_info
-- ----------------------------
INSERT INTO `device_info` VALUES (1, 'MIC-001', '光学显微镜OM-2000', 1, 'OM-2000', '蔡司光学11', '2024-01-15 00:00:00', 45000.00, '生物实验室C', '博学楼3楼301-01', 3, 0, '高性能光学显微镜，支持40-1000倍放大，配备数码摄像头', '/uploads/device/e25dccc5c1d0412baa6a4566b15a8d23.jpg', NULL, '光学实验、生物学观察、细胞形态学研究', 180, '2026-04-25 00:00:00', '2026-04-11 19:53:55', '2026-04-23 02:27:03', 0, DEFAULT);
INSERT INTO `device_info` VALUES (2, 'MIC-002', '倒置显微镜IX73', 1, 'IX73', '奥林巴斯', '2024-02-20 00:00:00', 68000.00, '博学楼', '博学楼3楼301-02', 3, 0, '倒置显微镜，适合活细胞培养观察，配有相差和荧光附件', NULL, NULL, '细胞培养实验、活细胞成像、时间-lapse摄影', 180, '2026-08-20 00:00:00', '2026-04-11 19:53:55', '2026-04-11 19:53:55', 1, DEFAULT);
INSERT INTO `device_info` VALUES (3, 'MIC-003', '体视显微镜SZX16', 1, 'SZX16', '奥林巴斯', '2024-03-10 00:00:00', 35000.00, '博学楼', '博学楼3楼302-01', 2, 2, '体视显微镜，大景深，适合大样本观察', NULL, NULL, '解剖实验、标本观察、电子元件检测', 180, '2026-09-10 00:00:00', '2026-04-11 19:53:55', '2026-04-11 19:53:55', 1, DEFAULT);
INSERT INTO `device_info` VALUES (10, 'CEN-001', '高速冷冻离心机5810R', 2, '5810R', '艾本德', '2023-11-05 00:00:00', 85000.00, '博学楼', '博学楼4楼401-01', 3, 0, '最高转速15000rpm，温控范围-10~40℃，可配多种转子', NULL, NULL, '分子生物学实验、蛋白纯化、核酸提取', 120, '2026-06-05 00:00:00', '2026-04-11 19:53:55', '2026-04-11 19:53:55', 1, DEFAULT);
INSERT INTO `device_info` VALUES (11, 'CEN-002', '低速离心机L-530', 2, 'L-530', '湘仪', '2024-01-10 00:00:00', 12000.00, '物理实验室A', '博学楼4楼401-02', 1, 0, '最高转速5000rpm，台式低速离心机', '/uploads/device/b0e9f856fde6493b9394b572db4ca650.jpg', NULL, '常规分离实验、血清分离', 180, '2026-07-10 00:00:00', '2026-04-11 19:53:55', '2026-04-11 19:53:55', 1, DEFAULT);
INSERT INTO `device_info` VALUES (12, 'CEN-003', '微型离心机Mini-12K', 2, 'Mini-12K', '其林贝尔', '2024-04-15 00:00:00', 2800.00, '博学楼', '博学楼4楼401-03', 1, 2, '微型离心机，转速12000rpm，适合少量样本快速离心', NULL, NULL, 'DNA提取、PCR产物离心、离心试管', 180, '2026-10-15 00:00:00', '2026-04-11 19:53:55', '2026-04-11 19:53:55', 1, DEFAULT);
INSERT INTO `device_info` VALUES (20, 'OVN-001', '电热恒温干燥箱DHG-9070A', 3, 'DHG-9070A', '上海一恒', '2023-12-01 00:00:00', 4500.00, '博学楼', '博学楼4楼402-01', 1, 0, '温度范围RT+10~300℃，PID温控', NULL, NULL, '玻璃器皿干燥、样品烘干、灭菌前干燥', 180, '2026-06-01 00:00:00', '2026-04-11 19:53:55', '2026-04-11 19:53:55', 1, DEFAULT);
INSERT INTO `device_info` VALUES (21, 'OVN-002', '真空干燥箱DZF-6020', 3, 'DZF-6020', '上海一恒', '2024-02-15 00:00:00', 6800.00, '博学楼', '博学楼4楼402-02', 2, 0, '真空度<133Pa，温度RT+10~200℃，适合热敏性材料', NULL, NULL, '热敏性材料干燥、易氧化样品处理', 180, '2026-08-15 00:00:00', '2026-04-11 19:53:55', '2026-04-11 19:53:55', 1, DEFAULT);
INSERT INTO `device_info` VALUES (30, 'BAL-001', '分析天平BSA124S', 4, 'BSA124S', '赛多利斯', '2024-01-20 00:00:00', 8500.00, '博学楼', '博学楼3楼303-01', 3, 1, '最大称量120g，精度0.1mg，重复性0.1mg', NULL, NULL, '精密称量、化学分析、药物配制', 90, '2026-04-20 00:00:00', '2026-04-11 19:53:55', '2026-04-11 19:53:55', 1, DEFAULT);
INSERT INTO `device_info` VALUES (31, 'BAL-002', '电子天平JY2002', 4, 'JY2002', '上海良平', '2024-03-05 00:00:00', 2200.00, '博学楼', '博学楼3楼303-02', 1, 0, '最大称量200g，精度10mg', NULL, NULL, '常规称量、教学实验', 180, '2026-09-05 00:00:00', '2026-04-11 19:53:55', '2026-04-11 19:53:55', 1, DEFAULT);
INSERT INTO `device_info` VALUES (40, 'SPEC-001', '紫外可见分光光度计UV-1800', 5, 'UV-1800', '岛津', '2023-10-15 00:00:00', 48000.00, '博学楼', '博学楼5楼501-01', 3, 0, '波长范围190-1100nm，带宽1nm，杂散光<0.02%T', NULL, NULL, '物质定性定量分析、吸收光谱测定', 180, '2026-04-15 00:00:00', '2026-04-11 19:53:55', '2026-04-11 19:53:55', 1, DEFAULT);
INSERT INTO `device_info` VALUES (41, 'SPEC-002', '可见分光光度计721', 5, '721', '上海精密', '2024-02-01 00:00:00', 3500.00, '博学楼', '博学楼5楼501-02', 1, 1, '波长范围340-1000nm，数字显示', NULL, NULL, '常规光度测定、教学演示', 180, '2026-08-01 00:00:00', '2026-04-11 19:53:55', '2026-04-11 19:53:55', 1, DEFAULT);
INSERT INTO `device_info` VALUES (50, 'INC-001', '二氧化碳培养箱BB-15', 6, 'BB-15', '赛默飞世尔', '2023-11-20 00:00:00', 55000.00, '博学楼', '博学楼5楼502-01', 3, 0, '温度范围室温+7~60℃，CO2控制精度±0.1%，HEPA过滤', NULL, NULL, '细胞培养、微生物培养、胚胎学研究', 90, '2026-02-20 00:00:00', '2026-04-11 19:53:55', '2026-04-11 19:53:55', 1, DEFAULT);
INSERT INTO `device_info` VALUES (51, 'INC-002', '恒温培养箱GHP-9080', 6, 'GHP-9080', '上海一恒', '2024-01-08 00:00:00', 3800.00, '博学楼', '博学楼5楼502-02', 2, 0, '温度范围RT+5~65℃，容积80L，强制对流', NULL, NULL, '细菌培养、样品恒温、酶学研究', 180, '2026-07-08 00:00:00', '2026-04-11 19:53:55', '2026-04-11 19:53:55', 1, DEFAULT);
INSERT INTO `device_info` VALUES (60, 'PCR-001', '实时荧光定量PCR仪QuantStudio5', 8, 'QuantStudio5', '赛默飞世尔', '2023-09-10 00:00:00', 280000.00, '求实楼', '求实楼2楼201-01', 3, 0, '96孔模块，支持Taqman探针和SYBR Green，支持多重PCR', NULL, NULL, '基因表达分析、病原体检测、SNP分型', 120, '2026-01-10 00:00:00', '2026-04-11 19:53:55', '2026-04-11 19:53:55', 1, DEFAULT);
INSERT INTO `device_info` VALUES (61, 'PCR-002', '普通PCR仪T100', 8, 'T100', '伯乐', '2024-02-25 00:00:00', 28000.00, '求实楼', '求实楼2楼201-02', 2, 0, '96孔双槽，升降温速率5℃/s，温度范围4-100℃', NULL, NULL, 'DNA扩增、基因克隆、突变检测', 180, '2026-08-25 00:00:00', '2026-04-11 19:53:55', '2026-04-11 19:53:55', 1, DEFAULT);
INSERT INTO `device_info` VALUES (70, 'COM-001', '高性能计算工作站WS-01', 10, 'WS-01', '戴尔', '2024-03-01 00:00:00', 35000.00, '求实楼', '求实楼3楼301-01', 2, 0, '双路Xeon Gold处理器，128GB DDR4 ECC内存，NVIDIA RTX4090 24GB', NULL, NULL, '深度学习、数值计算、计算化学', 365, '2027-03-01 00:00:00', '2026-04-11 19:53:55', '2026-04-11 19:53:55', 1, DEFAULT);
INSERT INTO `device_info` VALUES (71, 'COM-002', 'GPU计算服务器GS-01', 10, 'GS-01', '英伟达合作', '2024-01-15 00:00:00', 150000.00, '求实楼', '求实楼3楼301-02', 3, 2, '8xNVIDIA A100 40GB GPU，1TB DDR4 ECC内存，双路AMD EPYC', NULL, NULL, '大规模并行计算、深度学习模型训练、生物信息学', 180, '2026-07-15 00:00:00', '2026-04-11 19:53:55', '2026-04-11 19:53:55', 1, DEFAULT);
INSERT INTO `device_info` VALUES (72, 'COM-003', '台式计算机PC-01~PC-10', 10, 'ThinkCentre M920t', '联想', '2024-02-10 00:00:00', 5000.00, '求实楼', '求实楼2楼202', 1, 0, 'Intel i5-12600处理器，16GB内存，512GB SSD，win11专业版', NULL, NULL, '编程教学、办公软件、基础数据分析', 365, '2027-02-10 00:00:00', '2026-04-11 19:53:55', '2026-04-11 19:53:55', 1, DEFAULT);
INSERT INTO `device_info` VALUES (80, 'HPLC-001', '高效液相色谱仪HPLC-1260', 11, '1260 Infinity II', '安捷伦', '2024-08-01 00:00:00', 320000.00, '博学楼', '博学楼6楼601-01', 3, 0, '二元高压梯度泵，流量0.001-10mL/min，DAD检测器（190-950nm），VWD检测器', NULL, NULL, '有机化合物分离、定量分析、药物分析、天然产物分析', 180, '2026-02-01 00:00:00', '2026-04-11 19:53:55', '2026-04-11 19:53:55', 1, DEFAULT);
INSERT INTO `device_info` VALUES (81, 'CEN-004', '高速冷冻离心机CR-22N', 2, 'CR-22N', '日立', '2024-09-01 00:00:00', 180000.00, '博学楼', '博学楼4楼403-01', 3, 0, '最高转速100,000rpm，最大离心力693,000×g，温控-20~+40℃', NULL, NULL, '生物大分子分离、细胞器分离、纳米颗粒制备', 120, '2026-01-01 00:00:00', '2026-04-11 19:53:55', '2026-04-11 19:53:55', 1, DEFAULT);
INSERT INTO `device_info` VALUES (82, 'FTIR-001', '傅里叶红外光谱仪FTIR-8500', 5, 'Nicolet iS50', '赛默飞世尔', '2024-10-01 00:00:00', 250000.00, '博学楼', '博学楼6楼602-01', 3, 0, '波数范围4000-400cm⁻¹，分辨率0.25cm⁻¹，ATR附件', NULL, NULL, '有机化合物结构鉴定、高分子材料分析、未知物剖析', 180, '2026-04-18 00:00:00', '2026-04-11 19:53:55', '2026-04-11 19:53:55', 1, DEFAULT);
INSERT INTO `device_info` VALUES (83, 'NA-001', '全自动核酸提取仪NA-1280', 12, 'QIAcube Connect', '凯杰', '2024-11-01 00:00:00', 150000.00, '求实楼', '求实楼2楼203-01', 3, 0, '处理量1-12个样本/批次，提取时间20-60min，兼容多种样本和试剂盒', NULL, NULL, '基因组DNA提取、RNA提取、病毒核酸提取', 180, '2026-04-07 00:00:00', '2026-04-11 19:53:55', '2026-04-11 19:53:55', 1, DEFAULT);
INSERT INTO `device_info` VALUES (84, 'SEM-001', '扫描电子显微镜SEM-5000', 1, 'SEM-5000', '日本电子', '2024-07-01 00:00:00', 850000.00, '博学楼', '博学楼7楼701-01', 3, 0, '分辨率1.0nm(15kV)，加速电压0.1-30kV，放大倍数20-800,000×，配EDS能谱仪', NULL, NULL, '材料微观形貌观察、纳米材料表征、能谱元素分析', 365, '2025-07-01 00:00:00', '2026-04-11 19:53:55', '2026-04-11 19:53:55', 1, DEFAULT);
INSERT INTO `device_info` VALUES (90, 'OVN-003', '真空干燥箱DZF-6030', 3, 'DZF-6030', '上海跃进', '2024-05-15 00:00:00', 5800.00, '博学楼', '博学楼4楼402-03', 2, 3, '真空度<10Pa，温度RT+10~200℃，触摸屏控制', NULL, NULL, '热敏性材料干燥、真空干燥实验', 180, '2026-05-15 00:00:00', '2026-04-11 19:53:55', '2026-04-11 19:53:55', 1, DEFAULT);
INSERT INTO `device_info` VALUES (91, 'SPEC-003', '荧光分光光度计FP-6500', 5, 'FP-6500', '日本分光', '2024-03-20 00:00:00', 68000.00, '博学楼', '博学楼5楼501-03', 3, 2, '波长范围220-900nm，氙灯光源，灵敏度S/N>400:1', NULL, NULL, '荧光光谱测定、荧光量子产率测量', 180, '2026-09-20 00:00:00', '2026-04-11 19:53:55', '2026-04-11 19:53:55', 1, DEFAULT);
INSERT INTO `device_info` VALUES (105, 'cscsc', 'cscsc', 1, 'cscscs', 'cscsc', '2026-04-25 00:00:00', 4444444.00, '求实楼', 'csc', 2, 1, 'cscs', NULL, NULL, 'cscs', 365, '2026-04-02 00:00:00', '2026-04-11 19:53:55', '2026-04-11 19:53:55', 1, DEFAULT);
INSERT INTO `device_info` VALUES (106, 'CSCSCS3', 'CSCS3', 1, 'CSCS33', 'SCSC33', '2026-04-02 00:00:00', 55555555.00, '数学建模实验室', 'CSCSC', 2, 2, 'CSSC333', '/uploads/device/b5433687bfc544a0b97e45bc09464d0b.jpg', NULL, 'CSSCSC33', 365, '2026-04-05 00:00:00', '2026-04-11 19:53:55', '2026-04-11 19:53:55', 1, DEFAULT);
INSERT INTO `device_info` VALUES (107, 'HPLC-1260', '高效液相色谱仪', 11, '化学实验室A', '化学实验室A', NULL, NULL, '生物实验室C', '2号楼301-2', 3, 0, '2号楼301-2', NULL, NULL, '化学实验室A', 3, NULL, '2026-04-11 19:53:55', '2026-04-11 19:53:55', 1, DEFAULT);
INSERT INTO `device_info` VALUES (108, 'cstp', '测试图片', 1, '测试图片', '测试图片', '2026-04-02 00:00:00', 111111.00, '物理实验室A', '测试图片', 2, 0, '测试图片', '/uploads/device/79ea77d92ca84fe09767748598cedb82.jpg', NULL, '测试图片', 365, NULL, '2026-04-11 19:53:55', '2026-04-11 19:53:55', 1, DEFAULT);
INSERT INTO `device_info` VALUES (109, 'cstp2', '测试图片2', 1, '测试图片2', '测试图片2', NULL, 22222.00, '化学实验室B', '测试图片2', 2, 4, '测试图片2', '/uploads/device/9277916546cd45928eb279e0adb67785.jpg', NULL, '测试图片2', 1, NULL, '2026-04-11 19:53:55', '2026-04-11 19:53:55', 1, DEFAULT);
INSERT INTO `device_info` VALUES (110, 'cscscs', '测试', 11, '测试', 'cscsc', '2026-04-04 00:00:00', 111111.00, '数学建模实验室', 'csc', 2, 2, NULL, '/uploads/device/c0107a2f5a464c08bc8ee9233a093203.jpg', NULL, 'cs', 365, NULL, '2026-04-11 19:53:55', '2026-04-11 19:53:55', 1, DEFAULT);
INSERT INTO `device_info` VALUES (111, 'CS', '测试', 1, 'CSCS', 'CScs测试', '2026-04-10 00:00:00', 11111.00, '生物实验室C', '测试', 2, 2, NULL, '/uploads/device/baf9e9c26a2e48c2a07edebb945d782a.jpg', NULL, '测试', 4, NULL, '2026-04-11 19:53:55', '2026-04-11 19:53:55', 1, DEFAULT);
INSERT INTO `device_info` VALUES (112, 'aaaaa', 'aaaa', 2, 'aaa', 'aa', '2026-04-12 00:00:00', 33333.00, '物理实验室A', 'aaa', 2, 0, NULL, '/uploads/device/80f8a69d630c4f0a909146b90c0b1598.jpg', NULL, 'aaa', 365, NULL, '2026-04-11 19:53:55', '2026-04-11 19:53:55', 1, DEFAULT);
INSERT INTO `device_info` VALUES (113, 'MIC-004', '倒置显微镜', 1, 'IX73', '奥林巴斯', '2024-01-01 00:00:00', 68000.00, '生物实验室C', '博学楼3楼301-04', 3, 2, '倒置显微镜，适合活细胞培养观察，配有相差和荧光附件', '/uploads/device/f12e2ee980c446b6ade52d6505e093e3.jpg', NULL, '细胞培养实验、活细胞成像、时间-lapse摄影', 180, '2026-04-25 00:00:00', '2026-04-11 19:53:55', '2026-04-11 19:53:55', 0, DEFAULT);
INSERT INTO `device_info` VALUES (114, 'INC-003', '二氧化碳培养箱', 6, 'BB-15', '赛默飞世尔', '2024-01-05 00:00:00', 55000.00, '生物实验室C', '博学楼5楼502-03', 3, 2, '温度范围室温+7~60℃，CO2控制精度±0.1%，HEPA过滤', '/uploads/device/d99194af22b34a80b48d3f54e3054e5f.jpg', NULL, '细胞培养、微生物培养、胚胎学研究', 90, '2026-04-26 00:00:00', '2026-04-11 19:53:55', '2026-04-11 19:53:55', 0, DEFAULT);
INSERT INTO `device_info` VALUES (115, 'CEN-004', '高速离心机', 2, '5810R', '艾本德', '2024-01-10 00:00:00', 85000.00, '生物实验室C', '博学楼4楼401-04', 3, 0, '最高转速15000rpm，温控范围-10~40℃，可配多种转子', '/uploads/device/de15ea7a50b24322bbe1bc470333b496.jpg', NULL, '分子生物学实验、蛋白纯化、核酸提取', 120, NULL, '2026-04-11 19:53:55', '2026-04-23 02:22:49', 0, DEFAULT);
INSERT INTO `device_info` VALUES (116, 'SPEC-003', '高效液相色谱仪', 5, 'LC-200A', '岛津', '2024-01-15 00:00:00', 15000.00, '化学实验室B', '博学楼5楼501-03', 3, 2, '二元高压梯度系统，自动进样器，UV-Vis检测器。', '/uploads/device/557025d48b944ef59fd10d1d5e57a24c.jpg', NULL, '有机物分析、药物分析、环境监测', 180, NULL, '2026-04-11 19:53:55', '2026-04-11 19:53:55', 0, DEFAULT);
INSERT INTO `device_info` VALUES (117, 'ELE-001', '数字示波器', 9, 'DSO-X 3024A', '是德科技', '2024-02-01 00:00:00', 45000.00, '物理实验室A', '博学楼2楼201-01', 2, 0, '带宽200MHz，4通道，采样率2GSa/s', '/uploads/device/d2ab6ab18f644e6e9b063a500655be1e.jpg', NULL, '电路测试、信号分析、电子实验', 365, NULL, '2026-04-11 19:53:55', '2026-04-25 09:04:01', 0, DEFAULT);
INSERT INTO `device_info` VALUES (118, 'ELE-002', '数字万用表', 9, 'Fluke 8846A', '福禄克', '2024-02-05 00:00:00', 12000.00, '物理实验室A', '博学楼2楼201-02', 2, 0, '6.5位精度，直流电压、交流电压、电阻测量', '/uploads/device/20ccaabb7aff4ce9ba2c53116a1fbf0b.jpg', NULL, '电子测量、电路调试、实验教学', 365, NULL, '2026-04-11 19:53:55', '2026-04-22 19:46:55', 0, DEFAULT);
INSERT INTO `device_info` VALUES (119, 'MIC-005', '显微镜', 1, 'CX43', '奥林巴斯', '2024-02-10 00:00:00', 28000.00, '生物实验室C', '博学楼3楼301-05', 2, 0, '生物显微镜，支持40-400倍放大，明场观察', '/uploads/device/221fbad4be134cc1ad2ff6a8c863d8cb.jpg', NULL, '生物观察、教学实验、病理切片', 180, '2026-04-12 00:00:00', '2026-04-11 19:53:55', '2026-04-11 19:53:55', 0, DEFAULT);
INSERT INTO `device_info` VALUES (120, 'ELE-003', '信号发生器', 9, 'AFG-3021', '泰克', '2024-02-15 00:00:00', 35000.00, '物理实验室A', '博学楼2楼201-03', 2, 0, '任意波形发生器，25MHz带宽，125MSa/s采样率', '/uploads/device/300ae331a26541c49a4bc2b447fdec08.jpg', NULL, '信号测试、电路调试、实验教学', 365, '2026-04-25 00:00:00', '2026-04-11 19:53:55', '2026-04-11 19:53:55', 0, DEFAULT);
INSERT INTO `device_info` VALUES (121, 'CHE-001', '旋转蒸发仪', 9, 'RE-52AA', '上海亚荣', '2024-03-01 00:00:00', 8500.00, '化学实验室B', '博学楼4楼403-01', 1, 2, '0.5-2L，温度范围室温-99℃，自动升降', '/uploads/device/51d37de1526a44a0855aa72c33625cb5.jpg', NULL, '有机溶剂回收、样品浓缩、蒸馏实验', 180, NULL, '2026-04-11 19:53:55', '2026-04-13 21:48:51', 0, DEFAULT);
INSERT INTO `device_info` VALUES (122, 'SPEC-004', '原子吸收分光光度计', 5, 'AA-6300C', '岛津', '2024-03-05 00:00:00', 120000.00, '化学实验室B', '博学楼5楼501-04', 3, 0, '火焰原子化器，波长范围190-900nm', '/uploads/device/75d2774256b84b09b161ed015f42cf03.jpg', NULL, '金属元素分析、环境监测、食品检测', 180, '2026-04-26 00:00:00', '2026-04-11 19:53:55', '2026-04-25 03:22:02', 0, DEFAULT);
INSERT INTO `device_info` VALUES (123, 'CSCS', '村上春树', 3, '111', '测试44', '2026-04-10 00:00:00', 4444.00, '化学实验室B', '村上春树', 2, 4, '444', '/uploads/device/734550d77e4f4e878888a00df90e1ff5.jpg', NULL, '菜市场111', 365, '2026-04-13 00:00:00', '2026-04-11 19:53:55', '2026-04-11 21:17:21', 0, DEFAULT);
INSERT INTO `device_info` VALUES (124, 'cscscscs', '测试超出', 18, '测试超出', 'ca测试超出', '2026-04-22 00:00:00', NULL, '生物实验室C', '2栋超出', 2, 0, '测试擦擦擦擦', '/uploads/device/4f4a7609c50740d3913a4355a931218a.jpg', NULL, '测试惆怅长岑长', 10, NULL, '2026-04-22 21:10:08', '2026-04-23 01:05:56', 1, DEFAULT);
INSERT INTO `device_info` VALUES (125, 'MIC-01', '123测试', 2, '测试', '测试', '2026-04-23 00:00:00', 123.00, '物理实验室A', '菜市场', 1, 2, '测试', '/uploads/device/c3cc95d9ceed44efb493ac471db884bd.jpg', NULL, '测试', 365, NULL, '2026-04-23 01:26:38', '2026-04-23 02:04:24', 0, DEFAULT);
INSERT INTO `device_info` VALUES (126, 'HPLC-1260', 'HPLC-1260', 20, 'HPLC-1260', 'HPLC-1260', NULL, 1111.00, '物理实验室A', '2号楼301-2', 3, 0, 'HPLC-1260', '/uploads/device/1879ce39456f4fcb920340c617f3c9b9.jpg', NULL, 'HPLC-1260', 365, NULL, '2026-04-23 21:13:45', '2026-04-25 09:05:29', 0, DEFAULT);
INSERT INTO `device_info` VALUES (127, 'cs', '测试', 19, '测试', 'cs ', '2026-04-25 00:00:00', 11.00, '化学实验室B', NULL, 2, 0, 'csc', '/uploads/device/f0768de3f7d84a15acf675fab4a321a0.jpg', NULL, 'csc ', 365, NULL, '2026-04-24 20:37:16', '2026-04-24 20:37:16', 0, DEFAULT);
INSERT INTO `device_info` VALUES (128, 'SPEC-0033', '菜市场', 19, '菜市场', '菜市场', '2026-04-25 00:00:00', NULL, '化学实验室B', '测试', 2, 0, '测试', '/uploads/device/8164b4417a2544b5bf0f4c9a949aaedb.jpg', NULL, '测试 ', 30, NULL, '2026-04-25 03:19:32', '2026-04-25 03:19:40', 1, DEFAULT);

-- ----------------------------
-- Table structure for device_scrap_application
-- ----------------------------
DROP TABLE IF EXISTS `device_scrap_application`;
CREATE TABLE `device_scrap_application`  (
  `id` bigint NOT NULL AUTO_INCREMENT COMMENT '申请ID',
  `device_id` bigint NOT NULL COMMENT '设备ID',
  `device_name` varchar(100) CHARACTER SET utf8mb4 COLLATE utf8mb4_0900_ai_ci NULL DEFAULT NULL COMMENT '设备名称（冗余）',
  `device_no` varchar(50) CHARACTER SET utf8mb4 COLLATE utf8mb4_0900_ai_ci NULL DEFAULT NULL COMMENT '设备编号（冗余）',
  `scrap_reason` text CHARACTER SET utf8mb4 COLLATE utf8mb4_0900_ai_ci NOT NULL COMMENT '报废原因',
  `status` int NULL DEFAULT 0 COMMENT '状态：0-申请中，1-审批通过，2-审批拒绝，3-已归档',
  `audit_opinion` text CHARACTER SET utf8mb4 COLLATE utf8mb4_0900_ai_ci NULL COMMENT '审批意见',
  `auditor_id` bigint NULL DEFAULT NULL COMMENT '审批人ID',
  `audit_time` datetime NULL DEFAULT NULL COMMENT '审批时间',
  `applicant_id` bigint NOT NULL COMMENT '申请人ID',
  `create_time` datetime NULL DEFAULT CURRENT_TIMESTAMP COMMENT '创建时间',
  `update_time` datetime NULL DEFAULT CURRENT_TIMESTAMP ON UPDATE CURRENT_TIMESTAMP COMMENT '更新时间',
  `deleted` int NULL DEFAULT 0 COMMENT '逻辑删除',
  PRIMARY KEY (`id`) USING BTREE,
  INDEX `idx_device_id`(`device_id` ASC) USING BTREE,
  INDEX `idx_applicant_id`(`applicant_id` ASC) USING BTREE,
  INDEX `idx_status`(`status` ASC) USING BTREE
) ENGINE = InnoDB AUTO_INCREMENT = 15 CHARACTER SET = utf8mb4 COLLATE = utf8mb4_0900_ai_ci COMMENT = '设备报废申请表' ROW_FORMAT = DYNAMIC;

-- ----------------------------
-- Records of device_scrap_application
-- ----------------------------
INSERT INTO `device_scrap_application` VALUES (1, 20, '原子吸收光谱仪C1', 'SPEC-003', '仪器老旧，核心部件损坏，维修费用过高，建议报废处理', 3, '经核实，设备确已老化，维修成本超过设备价值，同意报废', 1, '2026-03-20 10:00:00', 2, '2026-04-11 19:53:55', '2026-04-11 19:53:55', 0);
INSERT INTO `device_scrap_application` VALUES (2, 6, '电子显微镜C1', 'MIC-006', '镜片老化严重，对焦系统损坏，维修成本过高', 3, NULL, 1, '2026-03-26 23:44:03', 4, '2026-04-11 19:53:55', '2026-04-11 19:53:55', 0);
INSERT INTO `device_scrap_application` VALUES (3, 10, '大容量离心机B1', 'CEN-003', 'cscscs', 3, NULL, 24, '2026-03-26 21:16:27', 24, '2026-04-11 19:53:55', '2026-04-11 19:53:55', 0);
INSERT INTO `device_scrap_application` VALUES (4, 9, '高速冷冻离心机A2', 'CEN-002', 'cscscs', 2, 'csc', 24, '2026-03-26 21:17:27', 24, '2026-04-11 19:53:55', '2026-04-11 19:53:55', 0);
INSERT INTO `device_scrap_application` VALUES (5, 9, '高速冷冻离心机A2', 'CEN-002', '村上春树', 1, NULL, 1, '2026-03-26 23:46:29', 1, '2026-04-11 19:53:55', '2026-04-11 19:53:55', 0);
INSERT INTO `device_scrap_application` VALUES (6, 3, '光学显微镜A3', 'MIC-003', '131', 2, 'd ', 24, '2026-03-30 02:24:51', 24, '2026-04-11 19:53:55', '2026-04-11 19:53:55', 0);
INSERT INTO `device_scrap_application` VALUES (7, 106, 'CSCS', 'CSCSCS', '测试', 3, NULL, 1, '2026-04-01 04:21:35', 1, '2026-04-11 19:53:55', '2026-04-11 19:53:55', 0);
INSERT INTO `device_scrap_application` VALUES (8, 109, '测试图片2', 'cstp2', '擦擦擦', 1, NULL, 2, '2026-04-01 22:04:40', 2, '2026-04-11 19:53:55', '2026-04-11 19:53:55', 0);
INSERT INTO `device_scrap_application` VALUES (9, 108, '测试图片', 'cstp', 'csc', 2, '测试', 1, '2026-04-02 00:53:30', 4, '2026-04-11 19:53:55', '2026-04-11 19:53:55', 0);
INSERT INTO `device_scrap_application` VALUES (10, 107, '高效液相色谱仪', 'HPLC-1260', '村上春树', 2, '测试', 1, '2026-04-02 00:53:28', 4, '2026-04-11 19:53:55', '2026-04-11 19:53:55', 0);
INSERT INTO `device_scrap_application` VALUES (11, 110, '测试', 'cscscs', '村上春树 驰骋沙场', 2, '测试', 2, '2026-04-04 21:10:44', 2, '2026-04-11 19:53:55', '2026-04-11 19:53:55', 0);
INSERT INTO `device_scrap_application` VALUES (12, 123, '村上春树', 'CSCS', 'scsc', 1, NULL, 1, '2026-04-11 21:17:21', 2, '2026-04-11 19:53:55', '2026-04-11 19:53:55', 0);
INSERT INTO `device_scrap_application` VALUES (13, 1, '光学显微镜OM-2000', 'MIC-001', '1321', 2, '超出', 1, '2026-04-23 01:48:15', 1, '2026-04-13 21:26:32', '2026-04-13 21:26:32', 0);
INSERT INTO `device_scrap_application` VALUES (14, 121, '旋转蒸发仪', 'CHE-001', '测试', 2, '测试', 1, '2026-04-22 21:12:05', 4, '2026-04-22 21:11:53', '2026-04-22 21:11:53', 0);

-- ----------------------------
-- Table structure for device_status_log
-- ----------------------------
DROP TABLE IF EXISTS `device_status_log`;
CREATE TABLE `device_status_log`  (
  `id` bigint NOT NULL AUTO_INCREMENT COMMENT '日志ID',
  `device_id` bigint NOT NULL COMMENT '设备ID',
  `device_no` varchar(50) CHARACTER SET utf8mb4 COLLATE utf8mb4_0900_ai_ci NULL DEFAULT NULL COMMENT '设备编号',
  `device_name` varchar(100) CHARACTER SET utf8mb4 COLLATE utf8mb4_0900_ai_ci NULL DEFAULT NULL COMMENT '设备名称',
  `old_status` int NULL DEFAULT NULL COMMENT '原状态',
  `new_status` int NOT NULL COMMENT '新状态',
  `operator_id` bigint NULL DEFAULT NULL COMMENT '操作人ID',
  `operator_name` varchar(50) CHARACTER SET utf8mb4 COLLATE utf8mb4_0900_ai_ci NULL DEFAULT NULL COMMENT '操作人姓名',
  `change_reason` varchar(255) CHARACTER SET utf8mb4 COLLATE utf8mb4_0900_ai_ci NULL DEFAULT NULL COMMENT '变更原因',
  `operator_ip` varchar(64) CHARACTER SET utf8mb4 COLLATE utf8mb4_0900_ai_ci NULL DEFAULT NULL COMMENT '操作端IP',
  `ip_address` varchar(50) CHARACTER SET utf8mb4 COLLATE utf8mb4_0900_ai_ci NULL DEFAULT NULL COMMENT 'IP地址',
  `create_time` datetime NULL DEFAULT CURRENT_TIMESTAMP COMMENT '创建时间',
  PRIMARY KEY (`id`) USING BTREE,
  INDEX `idx_device_id`(`device_id` ASC) USING BTREE,
  INDEX `idx_create_time`(`create_time` ASC) USING BTREE
) ENGINE = InnoDB AUTO_INCREMENT = 248 CHARACTER SET = utf8mb4 COLLATE = utf8mb4_0900_ai_ci COMMENT = '设备状态变更日志表' ROW_FORMAT = DYNAMIC;

-- ----------------------------
-- Records of device_status_log
-- ----------------------------
INSERT INTO `device_status_log` VALUES (1, 1, 'MIC-001', '光学显微镜A1', NULL, 0, 1, '系统管理员', '系统初始化', NULL, NULL, '2026-04-11 19:53:55');
INSERT INTO `device_status_log` VALUES (2, 2, 'MIC-002', '光学显微镜A2', NULL, 0, 1, '系统管理员', '系统初始化', NULL, NULL, '2026-04-11 19:53:55');
INSERT INTO `device_status_log` VALUES (3, 6, 'MIC-006', '电子显微镜C1', NULL, 2, 1, '系统管理员', '系统初始化', NULL, NULL, '2026-04-11 19:53:55');
INSERT INTO `device_status_log` VALUES (4, 6, 'MIC-006', '电子显微镜C1', 2, 0, 15, '维修工张三', '维修完成，设备恢复正常', NULL, NULL, '2026-04-11 19:53:55');
INSERT INTO `device_status_log` VALUES (5, 6, 'MIC-006', '电子显微镜C1', 0, 2, 7, '王小明', '设备故障，返修中', NULL, NULL, '2026-04-11 19:53:55');
INSERT INTO `device_status_log` VALUES (6, 18, 'SPEC-001', '紫外可见分光光度计A1', NULL, 0, 1, '系统管理员', '系统初始化', NULL, NULL, '2026-04-11 19:53:55');
INSERT INTO `device_status_log` VALUES (7, 18, 'SPEC-001', '紫外可见分光光度计A1', 0, 3, 15, '维修工张三', '光源更换，校准中', NULL, NULL, '2026-04-11 19:53:55');
INSERT INTO `device_status_log` VALUES (8, 18, 'SPEC-001', '紫外可见分光光度计A1', 3, 0, 16, '维修工李四', '校准完成，设备正常', NULL, NULL, '2026-04-11 19:53:55');
INSERT INTO `device_status_log` VALUES (9, 21, 'INC-001', '二氧化碳培养箱A1', NULL, 0, 1, '系统管理员', '系统初始化', NULL, NULL, '2026-04-11 19:53:55');
INSERT INTO `device_status_log` VALUES (10, 21, 'INC-001', '二氧化碳培养箱A1', 0, 2, 8, '李小红', '温度异常，报修中', NULL, NULL, '2026-04-11 19:53:55');
INSERT INTO `device_status_log` VALUES (11, 21, 'INC-001', '二氧化碳培养箱A1', 2, 0, 15, '维修工张三', '维修完成', NULL, NULL, '2026-04-11 19:53:55');
INSERT INTO `device_status_log` VALUES (12, 23, 'INC-003', '振荡培养箱C1', 0, 1, 8, '李小红', '开始使用设备', NULL, NULL, '2026-04-11 19:53:55');
INSERT INTO `device_status_log` VALUES (13, 23, 'INC-003', '振荡培养箱C1', 1, 0, 8, '李小红', '使用完毕', NULL, NULL, '2026-04-11 19:53:55');
INSERT INTO `device_status_log` VALUES (14, 15, 'BAL-001', '分析天平A1', NULL, 0, 1, '系统管理员', '系统初始化', NULL, NULL, '2026-04-11 19:53:55');
INSERT INTO `device_status_log` VALUES (15, 15, 'BAL-001', '分析天平A1', 0, 2, 10, '刘小丽', '称量不准，报修', NULL, NULL, '2026-04-11 19:53:55');
INSERT INTO `device_status_log` VALUES (16, 15, 'BAL-001', '分析天平A1', 2, 0, 16, '维修工李四', '维修完成', NULL, NULL, '2026-04-11 19:53:55');
INSERT INTO `device_status_log` VALUES (17, 24, 'PCR-001', '普通PCR仪A1', NULL, 0, 1, '系统管理员', '系统初始化', NULL, NULL, '2026-04-11 19:53:55');
INSERT INTO `device_status_log` VALUES (18, 24, 'PCR-001', '普通PCR仪A1', 0, 2, 15, '维修工张三', '加热模块故障，维修中', NULL, NULL, '2026-04-11 19:53:55');
INSERT INTO `device_status_log` VALUES (19, 2, 'MIC-002', '光学显微镜A2', 0, 1, 7, '王小明', '开始使用设备', NULL, NULL, '2026-04-11 19:53:55');
INSERT INTO `device_status_log` VALUES (20, 2, 'MIC-002', '光学显微镜A2', 1, 0, 7, '王小明', '使用完毕', NULL, NULL, '2026-04-11 19:53:55');
INSERT INTO `device_status_log` VALUES (21, 8, 'CEN-001', '高速冷冻离心机A1', 0, 1, 8, '李小红', '开始使用设备', NULL, NULL, '2026-04-11 19:53:55');
INSERT INTO `device_status_log` VALUES (22, 8, 'CEN-001', '高速冷冻离心机A1', 1, 0, 8, '李小红', '使用完毕', NULL, NULL, '2026-04-11 19:53:55');
INSERT INTO `device_status_log` VALUES (23, 5, 'MIC-005', '荧光显微镜B2', 0, 4, 1, '系统管理员', NULL, NULL, NULL, '2026-04-11 19:53:55');
INSERT INTO `device_status_log` VALUES (24, 10, 'CEN-003', '大容量离心机B1', 0, 4, 24, '王五', NULL, NULL, NULL, '2026-04-11 19:53:55');
INSERT INTO `device_status_log` VALUES (25, 2, 'MIC-002', '光学显微镜A2', 1, 0, 24, '王五', NULL, NULL, NULL, '2026-04-11 19:53:55');
INSERT INTO `device_status_log` VALUES (26, 6, 'MIC-006', '电子显微镜C1', 2, 4, 1, '系统管理员', NULL, NULL, NULL, '2026-04-11 19:53:55');
INSERT INTO `device_status_log` VALUES (27, 9, 'CEN-002', '高速冷冻离心机A2', 0, 4, 1, '系统管理员', NULL, NULL, NULL, '2026-04-11 19:53:55');
INSERT INTO `device_status_log` VALUES (28, 9, 'CEN-002', '高速冷冻离心机A2', 4, 0, 1, '系统管理员', NULL, NULL, NULL, '2026-04-11 19:53:55');
INSERT INTO `device_status_log` VALUES (29, 49, 'cscs', 'cscs', 0, 2, 1, '系统管理员', NULL, NULL, NULL, '2026-04-11 19:53:55');
INSERT INTO `device_status_log` VALUES (30, 49, 'cscs', 'cscs', 2, 0, 15, '维修工张三', NULL, NULL, NULL, '2026-04-11 19:53:55');
INSERT INTO `device_status_log` VALUES (31, 49, 'cscs', 'cscs', 0, 1, 11, '陈小军', NULL, NULL, NULL, '2026-04-11 19:53:55');
INSERT INTO `device_status_log` VALUES (32, 49, 'cscs', 'cscs', 1, 0, 11, '陈小军', NULL, NULL, NULL, '2026-04-11 19:53:55');
INSERT INTO `device_status_log` VALUES (33, 49, 'cscs', 'cscs', 0, 1, 11, '陈小军', NULL, NULL, NULL, '2026-04-11 19:53:55');
INSERT INTO `device_status_log` VALUES (34, 1, 'MIC-001', '光学显微镜A1', 0, 1, 24, '王五', NULL, NULL, NULL, '2026-04-11 19:53:55');
INSERT INTO `device_status_log` VALUES (35, 1, 'MIC-001', '光学显微镜A1', 1, 0, 24, '王五', NULL, NULL, NULL, '2026-04-11 19:53:55');
INSERT INTO `device_status_log` VALUES (36, 50, '13312', '321', 1, 0, 24, '王五', NULL, NULL, NULL, '2026-04-11 19:53:55');
INSERT INTO `device_status_log` VALUES (37, 50, '13312', '321', 0, 1, 24, '王五', NULL, NULL, NULL, '2026-04-11 19:53:55');
INSERT INTO `device_status_log` VALUES (38, 102, 'DEV_TEST_003', '示波器-B1', 0, 1, 24, '王五', NULL, NULL, NULL, '2026-04-11 19:53:55');
INSERT INTO `device_status_log` VALUES (39, 104, 'cscs', 'cscs', 0, 1, 24, '王五', NULL, NULL, NULL, '2026-04-11 19:53:55');
INSERT INTO `device_status_log` VALUES (40, 104, 'cscs', 'cscs', 1, 0, 24, '王五', NULL, NULL, NULL, '2026-04-11 19:53:55');
INSERT INTO `device_status_log` VALUES (41, 102, 'DEV_TEST_003', '示波器-B1', 0, 1, 24, '王五', NULL, NULL, NULL, '2026-04-11 19:53:55');
INSERT INTO `device_status_log` VALUES (42, 3, 'MIC-003', '光学显微镜A3', NULL, 0, NULL, '系统', '审计基线：同步当前设备状态（历史无变更记录时补充，可安全重复执行）', NULL, NULL, '2026-04-11 19:53:55');
INSERT INTO `device_status_log` VALUES (43, 4, 'MIC-004', '荧光显微镜B1', NULL, 0, NULL, '系统', '审计基线：同步当前设备状态（历史无变更记录时补充，可安全重复执行）', NULL, NULL, '2026-04-11 19:53:55');
INSERT INTO `device_status_log` VALUES (44, 7, 'MIC-007', '扫描电子显微镜D1', NULL, 0, NULL, '系统', '审计基线：同步当前设备状态（历史无变更记录时补充，可安全重复执行）', NULL, NULL, '2026-04-11 19:53:55');
INSERT INTO `device_status_log` VALUES (45, 11, 'CEN-004', '微量离心机C1', NULL, 0, NULL, '系统', '审计基线：同步当前设备状态（历史无变更记录时补充，可安全重复执行）', NULL, NULL, '2026-04-11 19:53:55');
INSERT INTO `device_status_log` VALUES (46, 12, 'OVN-001', '鼓风烘箱A1', NULL, 0, NULL, '系统', '审计基线：同步当前设备状态（历史无变更记录时补充，可安全重复执行）', NULL, NULL, '2026-04-11 19:53:55');
INSERT INTO `device_status_log` VALUES (47, 13, 'OVN-002', '鼓风烘箱A2', NULL, 0, NULL, '系统', '审计基线：同步当前设备状态（历史无变更记录时补充，可安全重复执行）', NULL, NULL, '2026-04-11 19:53:55');
INSERT INTO `device_status_log` VALUES (48, 14, 'OVN-003', '真空烘箱B1', NULL, 0, NULL, '系统', '审计基线：同步当前设备状态（历史无变更记录时补充，可安全重复执行）', NULL, NULL, '2026-04-11 19:53:55');
INSERT INTO `device_status_log` VALUES (49, 17, 'BAL-003', '精密天平B1', NULL, 0, NULL, '系统', '审计基线：同步当前设备状态（历史无变更记录时补充，可安全重复执行）', NULL, NULL, '2026-04-11 19:53:55');
INSERT INTO `device_status_log` VALUES (50, 19, 'SPEC-002', '可见分光光度计B1', NULL, 0, NULL, '系统', '审计基线：同步当前设备状态（历史无变更记录时补充，可安全重复执行）', NULL, NULL, '2026-04-11 19:53:55');
INSERT INTO `device_status_log` VALUES (51, 20, 'SPEC-003', '原子吸收光谱仪C1', NULL, 3, NULL, '系统', '审计基线：同步当前设备状态（历史无变更记录时补充，可安全重复执行）', NULL, NULL, '2026-04-11 19:53:55');
INSERT INTO `device_status_log` VALUES (52, 22, 'INC-002', '恒温培养箱B1', NULL, 0, NULL, '系统', '审计基线：同步当前设备状态（历史无变更记录时补充，可安全重复执行）', NULL, NULL, '2026-04-11 19:53:55');
INSERT INTO `device_status_log` VALUES (53, 25, 'PCR-002', '实时荧光定量PCR仪B1', NULL, 0, NULL, '系统', '审计基线：同步当前设备状态（历史无变更记录时补充，可安全重复执行）', NULL, NULL, '2026-04-11 19:53:55');
INSERT INTO `device_status_log` VALUES (54, 26, 'OTH-001', '超纯水系统A1', NULL, 0, NULL, '系统', '审计基线：同步当前设备状态（历史无变更记录时补充，可安全重复执行）', NULL, NULL, '2026-04-11 19:53:55');
INSERT INTO `device_status_log` VALUES (55, 27, 'OTH-002', '高压灭菌锅B1', NULL, 0, NULL, '系统', '审计基线：同步当前设备状态（历史无变更记录时补充，可安全重复执行）', NULL, NULL, '2026-04-11 19:53:55');
INSERT INTO `device_status_log` VALUES (56, 28, 'OTH-003', '制冰机C1', NULL, 0, NULL, '系统', '审计基线：同步当前设备状态（历史无变更记录时补充，可安全重复执行）', NULL, NULL, '2026-04-11 19:53:55');
INSERT INTO `device_status_log` VALUES (57, 29, 'OTH-004', '超低温冰箱D1', NULL, 0, NULL, '系统', '审计基线：同步当前设备状态（历史无变更记录时补充，可安全重复执行）', NULL, NULL, '2026-04-11 19:53:55');
INSERT INTO `device_status_log` VALUES (58, 30, 'OTH-005', '恒温水浴锅E1', NULL, 0, NULL, '系统', '审计基线：同步当前设备状态（历史无变更记录时补充，可安全重复执行）', NULL, NULL, '2026-04-11 19:53:55');
INSERT INTO `device_status_log` VALUES (59, 100, 'DEV_TEST_001', '计算机-A1', NULL, 0, NULL, '系统', '审计基线：同步当前设备状态（历史无变更记录时补充，可安全重复执行）', NULL, NULL, '2026-04-11 19:53:55');
INSERT INTO `device_status_log` VALUES (60, 101, 'DEV_TEST_002', '计算机-A2', NULL, 0, NULL, '系统', '审计基线：同步当前设备状态（历史无变更记录时补充，可安全重复执行）', NULL, NULL, '2026-04-11 19:53:55');
INSERT INTO `device_status_log` VALUES (61, 103, 'DEV_TEST_004', '烧杯-C1', NULL, 0, NULL, '系统', '审计基线：同步当前设备状态（历史无变更记录时补充，可安全重复执行）', NULL, NULL, '2026-04-11 19:53:55');
INSERT INTO `device_status_log` VALUES (73, 102, 'DEV_TEST_003', '示波器-B1', 1, 0, 24, '王五', NULL, NULL, NULL, '2026-04-11 19:53:55');
INSERT INTO `device_status_log` VALUES (74, 100, 'DEV_TEST_001', '计算机-A1', 0, 1, 32, '菜市场', NULL, NULL, NULL, '2026-04-11 19:53:55');
INSERT INTO `device_status_log` VALUES (75, 100, 'DEV_TEST_001', '计算机-A1', 1, 0, 24, '王五', NULL, NULL, NULL, '2026-04-11 19:53:55');
INSERT INTO `device_status_log` VALUES (76, 102, 'DEV_TEST_003', '示波器-B1', 0, 1, 2, '张实验室', NULL, NULL, NULL, '2026-04-11 19:53:55');
INSERT INTO `device_status_log` VALUES (77, 5, 'MIC-005', '荧光显微镜B2', 4, 2, 2, '张实验室', NULL, NULL, NULL, '2026-04-11 19:53:55');
INSERT INTO `device_status_log` VALUES (78, 6, 'MIC-006', '电子显微镜C1', 4, 3, 2, '张实验室', NULL, NULL, NULL, '2026-04-11 19:53:55');
INSERT INTO `device_status_log` VALUES (79, 10, 'CEN-003', '大容量离心机B1', 4, 0, 2, '张实验室', NULL, NULL, NULL, '2026-04-11 19:53:55');
INSERT INTO `device_status_log` VALUES (80, 103, 'DEV_TEST_004', '烧杯-C1', 0, 1, 21, '王丽', NULL, NULL, NULL, '2026-04-11 19:53:55');
INSERT INTO `device_status_log` VALUES (81, 103, 'DEV_TEST_004', '烧杯-C1', 1, 0, 8, '李小红', NULL, NULL, NULL, '2026-04-11 19:53:55');
INSERT INTO `device_status_log` VALUES (82, 9, 'CEN-002', '高速冷冻离心机A2', 0, 1, 21, '王丽', NULL, NULL, NULL, '2026-04-11 19:53:55');
INSERT INTO `device_status_log` VALUES (83, 9, 'CEN-002', '高速冷冻离心机A2', 1, 0, 9, '张小华', NULL, NULL, NULL, '2026-04-11 19:53:55');
INSERT INTO `device_status_log` VALUES (84, 29, 'OTH-004', '超低温冰箱D1', 0, 1, 9, '张小华', NULL, NULL, NULL, '2026-04-11 19:53:55');
INSERT INTO `device_status_log` VALUES (85, 29, 'OTH-004', '超低温冰箱D1', 1, 0, 9, '张小华', NULL, NULL, NULL, '2026-04-11 19:53:55');
INSERT INTO `device_status_log` VALUES (86, 29, 'OTH-004', '超低温冰箱D1', 0, 1, 9, '张小华', NULL, NULL, NULL, '2026-04-11 19:53:55');
INSERT INTO `device_status_log` VALUES (87, 29, 'OTH-004', '超低温冰箱D1', 1, 0, 9, '张小华', NULL, NULL, NULL, '2026-04-11 19:53:55');
INSERT INTO `device_status_log` VALUES (88, 29, 'OTH-004', '超低温冰箱D1', 0, 1, 9, '张小华', NULL, NULL, NULL, '2026-04-11 19:53:55');
INSERT INTO `device_status_log` VALUES (89, 29, 'OTH-004', '超低温冰箱D1', 1, 0, 9, '张小华', NULL, NULL, NULL, '2026-04-11 19:53:55');
INSERT INTO `device_status_log` VALUES (90, 29, 'OTH-004', '超低温冰箱D1', 0, 1, 9, '张小华', NULL, NULL, NULL, '2026-04-11 19:53:55');
INSERT INTO `device_status_log` VALUES (91, 29, 'OTH-004', '超低温冰箱D1', 1, 0, 9, '张小华', NULL, NULL, NULL, '2026-04-11 19:53:55');
INSERT INTO `device_status_log` VALUES (92, 28, 'OTH-003', '制冰机C1', 0, 1, 9, '张小华', NULL, NULL, NULL, '2026-04-11 19:53:55');
INSERT INTO `device_status_log` VALUES (93, 28, 'OTH-003', '制冰机C1', 1, 0, 9, '张小华', NULL, NULL, NULL, '2026-04-11 19:53:55');
INSERT INTO `device_status_log` VALUES (94, 28, 'OTH-003', '制冰机C1', 0, 1, 9, '张小华', NULL, NULL, NULL, '2026-04-11 19:53:55');
INSERT INTO `device_status_log` VALUES (95, 28, 'OTH-003', '制冰机C1', 1, 0, 9, '张小华', NULL, NULL, NULL, '2026-04-11 19:53:55');
INSERT INTO `device_status_log` VALUES (96, 28, 'OTH-003', '制冰机C1', 0, 1, 9, '张小华', NULL, NULL, NULL, '2026-04-11 19:53:55');
INSERT INTO `device_status_log` VALUES (97, 28, 'OTH-003', '制冰机C1', 1, 0, 9, '张小华', NULL, NULL, NULL, '2026-04-11 19:53:55');
INSERT INTO `device_status_log` VALUES (98, 103, 'DEV_TEST_004', '烧杯-C1', 0, 1, 21, '王丽', NULL, NULL, NULL, '2026-04-11 19:53:55');
INSERT INTO `device_status_log` VALUES (99, 103, 'DEV_TEST_004', '烧杯-C1', 1, 0, 21, '王丽', NULL, NULL, NULL, '2026-04-11 19:53:55');
INSERT INTO `device_status_log` VALUES (100, 28, 'OTH-003', '制冰机C1', 0, 1, 9, '张小华', NULL, NULL, NULL, '2026-04-11 19:53:55');
INSERT INTO `device_status_log` VALUES (101, 103, 'DEV_TEST_004', '烧杯-C1', 0, 1, 26, '陈技师', NULL, NULL, NULL, '2026-04-11 19:53:55');
INSERT INTO `device_status_log` VALUES (102, 103, 'DEV_TEST_004', '烧杯-C1', 1, 0, 26, '陈技师', NULL, NULL, NULL, '2026-04-11 19:53:55');
INSERT INTO `device_status_log` VALUES (103, 28, 'OTH-003', '制冰机C1', 1, 0, 9, '张小华', NULL, NULL, NULL, '2026-04-11 19:53:55');
INSERT INTO `device_status_log` VALUES (104, 28, 'OTH-003', '制冰机C1', 0, 1, 9, '张小华', NULL, NULL, NULL, '2026-04-11 19:53:55');
INSERT INTO `device_status_log` VALUES (105, 28, 'OTH-003', '制冰机C1', 1, 0, 9, '张小华', NULL, NULL, NULL, '2026-04-11 19:53:55');
INSERT INTO `device_status_log` VALUES (106, 28, 'OTH-003', '制冰机C1', 0, 1, 9, '张小华', NULL, NULL, NULL, '2026-04-11 19:53:55');
INSERT INTO `device_status_log` VALUES (107, 28, 'OTH-003', '制冰机C1', 1, 0, 9, '张小华', NULL, NULL, NULL, '2026-04-11 19:53:55');
INSERT INTO `device_status_log` VALUES (108, 3, 'MIC-003', '光学显微镜A3', 0, 1, 9, '张小华', NULL, NULL, NULL, '2026-04-11 19:53:55');
INSERT INTO `device_status_log` VALUES (109, 3, 'MIC-003', '光学显微镜A3', 1, 0, 9, '张小华', NULL, NULL, NULL, '2026-04-11 19:53:55');
INSERT INTO `device_status_log` VALUES (110, 3, 'MIC-003', '光学显微镜A3', 0, 1, 9, '张小华', NULL, NULL, NULL, '2026-04-11 19:53:55');
INSERT INTO `device_status_log` VALUES (111, 3, 'MIC-003', '光学显微镜A3', 1, 0, 9, '张小华', NULL, NULL, NULL, '2026-04-11 19:53:55');
INSERT INTO `device_status_log` VALUES (112, 27, 'OTH-002', '高压灭菌锅B1', 0, 1, 9, '张小华', NULL, NULL, NULL, '2026-04-11 19:53:55');
INSERT INTO `device_status_log` VALUES (113, 27, 'OTH-002', '高压灭菌锅B1', 1, 0, 9, '张小华', NULL, NULL, NULL, '2026-04-11 19:53:55');
INSERT INTO `device_status_log` VALUES (114, 103, 'DEV_TEST_004', '烧杯-C1', 0, 1, 9, '张小华', NULL, NULL, NULL, '2026-04-11 19:53:55');
INSERT INTO `device_status_log` VALUES (115, 10, 'CEN-003', '大容量离心机B1', 0, 1, 7, '王小明', NULL, NULL, NULL, '2026-04-11 19:53:55');
INSERT INTO `device_status_log` VALUES (116, 102, 'DEV_TEST_003', '示波器-B1', 1, 0, 2, '张实验室', NULL, NULL, NULL, '2026-04-11 19:53:55');
INSERT INTO `device_status_log` VALUES (117, 4, 'MIC-004', '荧光显微镜B1', 0, 1, 7, '王小明', NULL, NULL, NULL, '2026-04-11 19:53:55');
INSERT INTO `device_status_log` VALUES (118, 10, 'CEN-003', '大容量离心机B1', 1, 0, 7, '王小明', NULL, NULL, NULL, '2026-04-11 19:53:55');
INSERT INTO `device_status_log` VALUES (119, 4, 'MIC-004', '荧光显微镜B1', 1, 0, 1, '系统管理员', NULL, NULL, NULL, '2026-04-11 19:53:55');
INSERT INTO `device_status_log` VALUES (120, 4, 'MIC-004', '荧光显微镜B1', 0, 1, 7, '王小明', NULL, NULL, NULL, '2026-04-11 19:53:55');
INSERT INTO `device_status_log` VALUES (121, 105, 'cscsc', 'cscsc', 0, 2, 1, '罗海维', NULL, NULL, NULL, '2026-04-11 19:53:55');
INSERT INTO `device_status_log` VALUES (122, 105, 'cscsc', 'cscsc', 2, 0, 19, '陈维护', NULL, NULL, NULL, '2026-04-11 19:53:55');
INSERT INTO `device_status_log` VALUES (123, 106, 'CSCSCS', 'CSCS', 0, 4, 1, '罗海维', NULL, NULL, NULL, '2026-04-11 19:53:55');
INSERT INTO `device_status_log` VALUES (124, 105, 'cscsc', 'cscsc', 0, 1, 16, '郑十', NULL, NULL, NULL, '2026-04-11 19:53:55');
INSERT INTO `device_status_log` VALUES (125, 106, 'CSCSCS', 'CSCS', 4, 0, 1, '罗海维', NULL, NULL, NULL, '2026-04-11 19:53:55');
INSERT INTO `device_status_log` VALUES (126, 106, 'CSCSCS', 'CSCS', 0, 2, 9, '张三', NULL, NULL, NULL, '2026-04-11 19:53:55');
INSERT INTO `device_status_log` VALUES (127, 107, 'HPLC-1260', '高效液相色谱仪', 0, 1, 2, '张志明', NULL, NULL, NULL, '2026-04-11 19:53:55');
INSERT INTO `device_status_log` VALUES (128, 3, 'MIC-003', '体视显微镜SZX16', 0, 1, 2, '张志明', NULL, NULL, NULL, '2026-04-11 19:53:55');
INSERT INTO `device_status_log` VALUES (129, 3, 'MIC-003', '体视显微镜SZX16', 1, 0, 2, '张志明', NULL, NULL, NULL, '2026-04-11 19:53:55');
INSERT INTO `device_status_log` VALUES (130, 107, 'HPLC-1260', '高效液相色谱仪', 1, 0, 18, '刘毅', NULL, NULL, NULL, '2026-04-11 19:53:55');
INSERT INTO `device_status_log` VALUES (131, 107, 'HPLC-1260', '高效液相色谱仪', 0, 2, 19, '陈维护', NULL, NULL, NULL, '2026-04-11 19:53:55');
INSERT INTO `device_status_log` VALUES (132, 107, 'HPLC-1260', '高效液相色谱仪', 2, 0, 19, '陈维护', NULL, NULL, NULL, '2026-04-11 19:53:55');
INSERT INTO `device_status_log` VALUES (133, 1, 'MIC-001', '光学显微镜OM-2000', 0, 2, 2, '张志明', NULL, NULL, NULL, '2026-04-11 19:53:55');
INSERT INTO `device_status_log` VALUES (134, 109, 'cstp2', '测试图片2', 0, 4, 2, '张志明', NULL, NULL, NULL, '2026-04-11 19:53:55');
INSERT INTO `device_status_log` VALUES (135, 108, 'cstp', '测试图片', 0, 1, 2, '张志明', NULL, NULL, NULL, '2026-04-11 19:53:55');
INSERT INTO `device_status_log` VALUES (136, 108, 'cstp', '测试图片', 1, 2, 15, '吴九', NULL, NULL, NULL, '2026-04-11 19:53:55');
INSERT INTO `device_status_log` VALUES (137, 3, 'MIC-003', '体视显微镜SZX16', 0, 2, 15, '吴九', NULL, NULL, NULL, '2026-04-11 19:53:55');
INSERT INTO `device_status_log` VALUES (138, 10, 'CEN-001', '高速冷冻离心机5810R', 0, 2, 15, '吴九', NULL, NULL, NULL, '2026-04-11 19:53:55');
INSERT INTO `device_status_log` VALUES (139, 10, 'CEN-001', '高速冷冻离心机5810R', 2, 0, 19, '陈维护', NULL, NULL, NULL, '2026-04-11 19:53:55');
INSERT INTO `device_status_log` VALUES (140, 1, 'MIC-001', '光学显微镜OM-2000', 2, 0, 19, '陈维护', NULL, NULL, NULL, '2026-04-11 19:53:55');
INSERT INTO `device_status_log` VALUES (141, 1, 'MIC-001', '光学显微镜OM-2000', 0, 1, 1, '罗海维', NULL, NULL, NULL, '2026-04-11 19:53:55');
INSERT INTO `device_status_log` VALUES (142, 1, 'MIC-001', '光学显微镜OM-2000', 1, 0, 1, '罗海维', NULL, NULL, NULL, '2026-04-11 19:53:55');
INSERT INTO `device_status_log` VALUES (143, 1, 'MIC-001', '光学显微镜OM-2000', 0, 1, 5, '刘思远', NULL, NULL, NULL, '2026-04-11 19:53:55');
INSERT INTO `device_status_log` VALUES (144, 10, 'CEN-001', '高速冷冻离心机5810R', 0, 1, 5, '刘思远', NULL, NULL, NULL, '2026-04-11 19:53:55');
INSERT INTO `device_status_log` VALUES (145, 21, 'OVN-002', '真空干燥箱DZF-6020', 0, 1, 9, '张三', NULL, NULL, NULL, '2026-04-11 19:53:55');
INSERT INTO `device_status_log` VALUES (146, 21, 'OVN-002', '真空干燥箱DZF-6020', 1, 0, 9, '张三', NULL, NULL, NULL, '2026-04-11 19:53:55');
INSERT INTO `device_status_log` VALUES (147, 21, 'OVN-002', '真空干燥箱DZF-6020', 0, 1, 9, '张三', NULL, NULL, NULL, '2026-04-11 19:53:55');
INSERT INTO `device_status_log` VALUES (148, 21, 'OVN-002', '真空干燥箱DZF-6020', 1, 0, 1, '罗海维', NULL, NULL, NULL, '2026-04-11 19:53:55');
INSERT INTO `device_status_log` VALUES (149, 30, 'BAL-001', '分析天平BSA124S', 0, 1, 9, '张三', NULL, NULL, NULL, '2026-04-11 19:53:55');
INSERT INTO `device_status_log` VALUES (150, 21, 'OVN-002', '真空干燥箱DZF-6020', 0, 1, 9, '张三', NULL, NULL, NULL, '2026-04-11 19:53:55');
INSERT INTO `device_status_log` VALUES (151, 31, 'BAL-002', '电子天平JY2002', 0, 1, 9, '张三', NULL, NULL, NULL, '2026-04-11 19:53:55');
INSERT INTO `device_status_log` VALUES (152, 21, 'OVN-002', '真空干燥箱DZF-6020', 1, 0, 9, '张三', NULL, NULL, NULL, '2026-04-11 19:53:55');
INSERT INTO `device_status_log` VALUES (153, 20, 'OVN-001', '电热恒温干燥箱DHG-9070A', 0, 1, 9, '张三', NULL, NULL, NULL, '2026-04-11 19:53:55');
INSERT INTO `device_status_log` VALUES (154, 30, 'BAL-001', '分析天平BSA124S', 1, 0, 9, '张三', NULL, NULL, NULL, '2026-04-11 19:53:55');
INSERT INTO `device_status_log` VALUES (155, 20, 'OVN-001', '电热恒温干燥箱DHG-9070A', 1, 0, 9, '张三', NULL, NULL, NULL, '2026-04-11 19:53:55');
INSERT INTO `device_status_log` VALUES (156, 31, 'BAL-002', '电子天平JY2002', 1, 0, 9, '张三', NULL, NULL, NULL, '2026-04-11 19:53:55');
INSERT INTO `device_status_log` VALUES (157, 20, 'OVN-001', '电热恒温干燥箱DHG-9070A', 0, 1, 9, '张三', NULL, NULL, NULL, '2026-04-11 19:53:55');
INSERT INTO `device_status_log` VALUES (158, 20, 'OVN-001', '电热恒温干燥箱DHG-9070A', 1, 0, 9, '张三', NULL, NULL, NULL, '2026-04-11 19:53:55');
INSERT INTO `device_status_log` VALUES (159, 20, 'OVN-001', '电热恒温干燥箱DHG-9070A', 0, 1, 9, '张三', NULL, NULL, NULL, '2026-04-11 19:53:55');
INSERT INTO `device_status_log` VALUES (160, 20, 'OVN-001', '电热恒温干燥箱DHG-9070A', 1, 0, 9, '张三', NULL, NULL, NULL, '2026-04-11 19:53:55');
INSERT INTO `device_status_log` VALUES (161, 20, 'OVN-001', '电热恒温干燥箱DHG-9070A', 0, 1, 9, '张三', NULL, NULL, NULL, '2026-04-11 19:53:55');
INSERT INTO `device_status_log` VALUES (162, 20, 'OVN-001', '电热恒温干燥箱DHG-9070A', 1, 0, 9, '张三', NULL, NULL, NULL, '2026-04-11 19:53:55');
INSERT INTO `device_status_log` VALUES (163, 20, 'OVN-001', '电热恒温干燥箱DHG-9070A', 0, 1, 9, '张三', NULL, NULL, NULL, '2026-04-11 19:53:55');
INSERT INTO `device_status_log` VALUES (164, 20, 'OVN-001', '电热恒温干燥箱DHG-9070A', 1, 0, 9, '张三', NULL, NULL, NULL, '2026-04-11 19:53:55');
INSERT INTO `device_status_log` VALUES (165, 2, 'MIC-002', '倒置显微镜IX73', 1, 0, 1, '罗海维', NULL, NULL, NULL, '2026-04-11 19:53:55');
INSERT INTO `device_status_log` VALUES (166, 10, 'CEN-001', '高速冷冻离心机5810R', 1, 0, 1, '罗海维', NULL, NULL, NULL, '2026-04-11 19:53:55');
INSERT INTO `device_status_log` VALUES (167, 2, 'MIC-002', '倒置显微镜IX73', 0, 1, 4, '王建国', NULL, NULL, NULL, '2026-04-11 19:53:55');
INSERT INTO `device_status_log` VALUES (168, 2, 'MIC-002', '倒置显微镜IX73', 1, 0, 4, '王建国', NULL, NULL, NULL, '2026-04-11 19:53:55');
INSERT INTO `device_status_log` VALUES (169, 2, 'MIC-002', '倒置显微镜IX73', 0, 1, 4, '王建国', NULL, NULL, NULL, '2026-04-11 19:53:55');
INSERT INTO `device_status_log` VALUES (170, 2, 'MIC-002', '倒置显微镜IX73', 1, 0, 4, '王建国', NULL, NULL, NULL, '2026-04-11 19:53:55');
INSERT INTO `device_status_log` VALUES (171, 2, 'MIC-002', '倒置显微镜IX73', 0, 1, 12, '赵六', NULL, NULL, NULL, '2026-04-11 19:53:55');
INSERT INTO `device_status_log` VALUES (172, 2, 'MIC-002', '倒置显微镜IX73', 1, 0, 12, '赵六', NULL, NULL, NULL, '2026-04-11 19:53:55');
INSERT INTO `device_status_log` VALUES (173, 108, 'cstp', '测试图片', 2, 0, 1, '罗海维', NULL, NULL, NULL, '2026-04-11 19:53:55');
INSERT INTO `device_status_log` VALUES (174, 72, 'COM-003', '台式计算机PC-01~PC-10', 0, 1, 5, '刘思远', NULL, NULL, NULL, '2026-04-11 19:53:55');
INSERT INTO `device_status_log` VALUES (175, 72, 'COM-003', '台式计算机PC-01~PC-10', 1, 0, 17, '王丽', NULL, NULL, NULL, '2026-04-11 19:53:55');
INSERT INTO `device_status_log` VALUES (176, 107, 'HPLC-1260', '高效液相色谱仪', 0, 2, 18, '刘毅', NULL, NULL, NULL, '2026-04-11 19:53:55');
INSERT INTO `device_status_log` VALUES (177, 107, 'HPLC-1260', '高效液相色谱仪', 2, 0, 19, '陈维护', NULL, NULL, NULL, '2026-04-11 19:53:55');
INSERT INTO `device_status_log` VALUES (178, 30, 'BAL-001', '分析天平BSA124S', 0, 1, 2, '张志明', NULL, NULL, NULL, '2026-04-11 19:53:55');
INSERT INTO `device_status_log` VALUES (179, 110, 'cscscs', '测试', 0, 1, 2, '张志明', NULL, NULL, NULL, '2026-04-11 19:53:55');
INSERT INTO `device_status_log` VALUES (180, 110, 'cscscs', '测试', 1, 0, 2, '张志明', NULL, NULL, NULL, '2026-04-11 19:53:55');
INSERT INTO `device_status_log` VALUES (181, 110, 'cscscs', '测试', 0, 2, 1, '罗海维', NULL, NULL, NULL, '2026-04-11 19:53:55');
INSERT INTO `device_status_log` VALUES (182, 1, 'MIC-001', '光学显微镜OM-2000', 1, 0, 1, '罗海维', NULL, NULL, NULL, '2026-04-11 19:53:55');
INSERT INTO `device_status_log` VALUES (183, 1, 'MIC-001', '光学显微镜OM-2000', 0, 1, 1, '罗海维', NULL, NULL, NULL, '2026-04-11 19:53:55');
INSERT INTO `device_status_log` VALUES (184, 1, 'MIC-001', '光学显微镜OM-2000', 1, 0, 1, '罗海维', NULL, NULL, NULL, '2026-04-11 19:53:55');
INSERT INTO `device_status_log` VALUES (185, 1, 'MIC-001', '光学显微镜OM-2000', 0, 1, 1, '罗海维', NULL, NULL, NULL, '2026-04-11 19:53:55');
INSERT INTO `device_status_log` VALUES (186, 1, 'MIC-001', '光学显微镜OM-2000', 1, 0, 1, '罗海维', NULL, NULL, NULL, '2026-04-11 19:53:55');
INSERT INTO `device_status_log` VALUES (187, 1, 'MIC-001', '光学显微镜OM-2000', 0, 1, 9, '张三', NULL, NULL, NULL, '2026-04-11 19:53:55');
INSERT INTO `device_status_log` VALUES (188, 1, 'MIC-001', '光学显微镜OM-2000', 1, 0, 1, '罗海维', NULL, NULL, NULL, '2026-04-11 19:53:55');
INSERT INTO `device_status_log` VALUES (189, 1, 'MIC-001', '光学显微镜OM-2000', 0, 1, 9, '张三', NULL, NULL, NULL, '2026-04-11 19:53:55');
INSERT INTO `device_status_log` VALUES (190, 1, 'MIC-001', '光学显微镜OM-2000', 1, 0, 1, '罗海维', NULL, NULL, NULL, '2026-04-11 19:53:55');
INSERT INTO `device_status_log` VALUES (191, 1, 'MIC-001', '光学显微镜OM-2000', 0, 1, 9, '张三', NULL, NULL, NULL, '2026-04-11 19:53:55');
INSERT INTO `device_status_log` VALUES (192, 1, 'MIC-001', '光学显微镜OM-2000', 1, 0, 9, '张三', NULL, NULL, NULL, '2026-04-11 19:53:55');
INSERT INTO `device_status_log` VALUES (193, 1, 'MIC-001', '光学显微镜OM-2000', 0, 1, 9, '张三', NULL, NULL, NULL, '2026-04-11 19:53:55');
INSERT INTO `device_status_log` VALUES (194, 1, 'MIC-001', '光学显微镜OM-2000', 1, 0, 9, '张三', NULL, NULL, NULL, '2026-04-11 19:53:55');
INSERT INTO `device_status_log` VALUES (195, 1, 'MIC-001', '光学显微镜OM-2000', 0, 1, 9, '张三', NULL, NULL, NULL, '2026-04-11 19:53:55');
INSERT INTO `device_status_log` VALUES (196, 1, 'MIC-001', '光学显微镜OM-2000', 1, 0, 9, '张三', NULL, NULL, NULL, '2026-04-11 19:53:55');
INSERT INTO `device_status_log` VALUES (197, 1, 'MIC-001', '光学显微镜OM-2000', 0, 2, 4, '王建国', NULL, NULL, NULL, '2026-04-11 19:53:55');
INSERT INTO `device_status_log` VALUES (198, 1, 'MIC-001', '光学显微镜OM-2000', 2, 0, 1, '罗海维', NULL, NULL, NULL, '2026-04-11 19:53:55');
INSERT INTO `device_status_log` VALUES (199, 1, 'MIC-001', '光学显微镜OM-2000', 0, 2, 1, '罗海维', NULL, NULL, NULL, '2026-04-11 19:53:55');
INSERT INTO `device_status_log` VALUES (200, 111, 'CS', '测试', 0, 2, 1, '罗海维', NULL, NULL, NULL, '2026-04-11 19:53:55');
INSERT INTO `device_status_log` VALUES (201, 120, 'ELE-003', '信号发生器', 0, 2, 1, '罗海维', NULL, NULL, NULL, '2026-04-11 19:53:55');
INSERT INTO `device_status_log` VALUES (202, 120, 'ELE-003', '信号发生器', 2, 0, 19, '陈维护', NULL, NULL, NULL, '2026-04-11 19:53:55');
INSERT INTO `device_status_log` VALUES (203, 113, 'MIC-004', '倒置显微镜', 0, 2, 1, '罗海维', NULL, NULL, NULL, '2026-04-11 19:53:55');
INSERT INTO `device_status_log` VALUES (204, 114, 'INC-003', '二氧化碳培养箱', 0, 2, 1, '罗海维', NULL, NULL, NULL, '2026-04-11 19:53:55');
INSERT INTO `device_status_log` VALUES (205, 115, 'CEN-004', '高速离心机', 0, 2, 1, '罗海维', NULL, NULL, NULL, '2026-04-11 19:53:55');
INSERT INTO `device_status_log` VALUES (206, 116, 'SPEC-003', '高效液相色谱仪', 0, 2, 1, '罗海维', NULL, NULL, NULL, '2026-04-11 19:53:55');
INSERT INTO `device_status_log` VALUES (207, 115, 'CEN-004', '高速离心机', 2, 0, 1, '罗海维', NULL, NULL, NULL, '2026-04-11 19:53:55');
INSERT INTO `device_status_log` VALUES (208, 121, 'CHE-001', '旋转蒸发仪', 0, 1, 19, '陈维护', NULL, NULL, NULL, '2026-04-11 19:53:55');
INSERT INTO `device_status_log` VALUES (209, 121, 'CHE-001', '旋转蒸发仪', 1, 0, 19, '陈维护', NULL, NULL, NULL, '2026-04-11 19:53:55');
INSERT INTO `device_status_log` VALUES (210, 115, 'CEN-004', '高速离心机', 0, 1, 15, '吴九', NULL, NULL, NULL, '2026-04-11 19:53:55');
INSERT INTO `device_status_log` VALUES (211, 1, 'MIC-001', '光学显微镜OM-2000', 2, 1, 15, '吴九', NULL, NULL, NULL, '2026-04-11 19:53:55');
INSERT INTO `device_status_log` VALUES (212, 1, 'MIC-001', '光学显微镜OM-2000', 1, 0, 15, '吴九', NULL, NULL, NULL, '2026-04-11 19:53:55');
INSERT INTO `device_status_log` VALUES (213, 115, 'CEN-004', '高速离心机', 1, 0, 15, '吴九', NULL, NULL, NULL, '2026-04-11 19:53:55');
INSERT INTO `device_status_log` VALUES (214, 123, 'CSCS', '村上春树', 0, 4, 1, '罗海维', NULL, NULL, NULL, '2026-04-11 21:17:22');
INSERT INTO `device_status_log` VALUES (215, 117, 'ELE-001', '数字示波器', 0, 2, 1, '罗海维', NULL, NULL, NULL, '2026-04-13 21:48:15');
INSERT INTO `device_status_log` VALUES (216, 121, 'CHE-001', '旋转蒸发仪', 0, 2, 1, '罗海维', NULL, NULL, NULL, '2026-04-13 21:48:51');
INSERT INTO `device_status_log` VALUES (217, 1, 'MIC-001', '光学显微镜OM-2000', 0, 1, 15, '吴九', NULL, NULL, NULL, '2026-04-16 03:38:55');
INSERT INTO `device_status_log` VALUES (218, 1, 'MIC-001', '光学显微镜OM-2000', 1, 0, 15, '吴九', NULL, NULL, NULL, '2026-04-16 03:38:58');
INSERT INTO `device_status_log` VALUES (219, 118, 'ELE-002', '数字万用表', 0, 1, 18, '刘毅', NULL, NULL, NULL, '2026-04-19 22:32:50');
INSERT INTO `device_status_log` VALUES (220, 118, 'ELE-002', '数字万用表', 1, 0, 18, '刘毅', NULL, NULL, NULL, '2026-04-19 22:33:01');
INSERT INTO `device_status_log` VALUES (221, 118, 'ELE-002', '数字万用表', 0, 2, 18, '刘毅', NULL, NULL, NULL, '2026-04-19 23:44:30');
INSERT INTO `device_status_log` VALUES (222, 118, 'ELE-002', '数字万用表', 2, 0, 19, '陈维护', NULL, NULL, NULL, '2026-04-19 23:46:32');
INSERT INTO `device_status_log` VALUES (223, 1, 'MIC-001', '光学显微镜OM-2000', 0, 3, 19, '陈维护', NULL, NULL, NULL, '2026-04-19 23:47:53');
INSERT INTO `device_status_log` VALUES (224, 1, 'MIC-001', '光学显微镜OM-2000', 3, 0, 19, '陈维护', NULL, NULL, NULL, '2026-04-19 23:48:09');
INSERT INTO `device_status_log` VALUES (225, 115, 'CEN-004', '高速离心机', 0, 1, 9, '张三', NULL, NULL, NULL, '2026-04-22 19:16:40');
INSERT INTO `device_status_log` VALUES (226, 115, 'CEN-004', '高速离心机', 1, 0, 9, '张三', NULL, NULL, NULL, '2026-04-22 19:16:44');
INSERT INTO `device_status_log` VALUES (227, 122, 'SPEC-004', '原子吸收分光光度计', 0, 1, 4, '王建国', NULL, NULL, NULL, '2026-04-23 01:46:31');
INSERT INTO `device_status_log` VALUES (228, 122, 'SPEC-004', '原子吸收分光光度计', 1, 0, 4, '王建国', NULL, NULL, NULL, '2026-04-23 01:46:37');
INSERT INTO `device_status_log` VALUES (229, 122, 'SPEC-004', '原子吸收分光光度计', 0, 1, 4, '王建国', NULL, NULL, NULL, '2026-04-23 01:47:23');
INSERT INTO `device_status_log` VALUES (230, 122, 'SPEC-004', '原子吸收分光光度计', 1, 0, 4, '王建国', NULL, NULL, NULL, '2026-04-23 01:47:29');
INSERT INTO `device_status_log` VALUES (231, 117, 'ELE-001', '数字示波器', 2, 0, 19, '陈维护', NULL, NULL, NULL, '2026-04-23 01:49:41');
INSERT INTO `device_status_log` VALUES (232, 1, 'MIC-001', '光学显微镜OM-2000', 0, 2, 1, '罗海维', NULL, NULL, NULL, '2026-04-23 01:50:50');
INSERT INTO `device_status_log` VALUES (233, 1, 'MIC-001', '光学显微镜OM-2000', 2, 0, 1, '罗海维', NULL, NULL, NULL, '2026-04-23 01:51:04');
INSERT INTO `device_status_log` VALUES (234, 126, 'HPLC-1260', 'HPLC-1260', 0, 1, 117, 'student', NULL, NULL, NULL, '2026-04-23 21:26:05');
INSERT INTO `device_status_log` VALUES (235, 126, 'HPLC-1260', 'HPLC-1260', 1, 0, 117, 'student', NULL, NULL, NULL, '2026-04-23 21:26:12');
INSERT INTO `device_status_log` VALUES (236, 126, 'HPLC-1260', 'HPLC-1260', 0, 1, 117, 'student', NULL, NULL, NULL, '2026-04-24 20:32:36');
INSERT INTO `device_status_log` VALUES (237, 126, 'HPLC-1260', 'HPLC-1260', 1, 0, 117, 'student', NULL, NULL, NULL, '2026-04-24 20:32:43');
INSERT INTO `device_status_log` VALUES (238, 126, 'HPLC-1260', 'HPLC-1260', 0, 2, 6, '陈晓丽', NULL, NULL, NULL, '2026-04-24 20:34:00');
INSERT INTO `device_status_log` VALUES (239, 126, 'HPLC-1260', 'HPLC-1260', 2, 0, 19, '陈维护', NULL, NULL, NULL, '2026-04-24 20:34:45');
INSERT INTO `device_status_log` VALUES (240, 117, 'ELE-001', '数字示波器', 0, 1, 117, 'student', NULL, NULL, NULL, '2026-04-25 03:16:15');
INSERT INTO `device_status_log` VALUES (241, 117, 'ELE-001', '数字示波器', 1, 0, 117, 'student', NULL, NULL, NULL, '2026-04-25 03:16:24');
INSERT INTO `device_status_log` VALUES (242, 122, 'SPEC-004', '原子吸收分光光度计', 0, 2, 2, '张志明', NULL, NULL, NULL, '2026-04-25 03:21:11');
INSERT INTO `device_status_log` VALUES (243, 122, 'SPEC-004', '原子吸收分光光度计', 2, 0, 19, '陈维护', NULL, NULL, NULL, '2026-04-25 03:22:02');
INSERT INTO `device_status_log` VALUES (244, 117, 'ELE-001', '数字示波器', 0, 1, 117, 'student', NULL, NULL, NULL, '2026-04-25 09:03:50');
INSERT INTO `device_status_log` VALUES (245, 117, 'ELE-001', '数字示波器', 1, 0, 117, 'student', NULL, NULL, NULL, '2026-04-25 09:04:01');
INSERT INTO `device_status_log` VALUES (246, 126, 'HPLC-1260', 'HPLC-1260', 0, 2, 6, '陈晓丽', NULL, NULL, NULL, '2026-04-25 09:04:54');
INSERT INTO `device_status_log` VALUES (247, 126, 'HPLC-1260', 'HPLC-1260', 2, 0, 19, '陈维护', NULL, NULL, NULL, '2026-04-25 09:05:29');

-- ----------------------------
-- Table structure for knowledge_base
-- ----------------------------
DROP TABLE IF EXISTS `knowledge_base`;
CREATE TABLE `knowledge_base`  (
  `id` bigint NOT NULL AUTO_INCREMENT COMMENT '知识ID',
  `category` varchar(50) CHARACTER SET utf8mb4 COLLATE utf8mb4_0900_ai_ci NULL DEFAULT NULL COMMENT '知识分类',
  `device_id` bigint NULL DEFAULT NULL COMMENT '关联设备ID',
  `question` varchar(255) CHARACTER SET utf8mb4 COLLATE utf8mb4_0900_ai_ci NOT NULL COMMENT '问题标题',
  `answer` text CHARACTER SET utf8mb4 COLLATE utf8mb4_0900_ai_ci NOT NULL COMMENT '答案内容',
  `keywords` varchar(255) CHARACTER SET utf8mb4 COLLATE utf8mb4_0900_ai_ci NULL DEFAULT NULL COMMENT '关键词',
  `is_danger` int NULL DEFAULT 0 COMMENT '是否为危险操作提醒：0-否，1-是',
  `guide_type` varchar(20) CHARACTER SET utf8mb4 COLLATE utf8mb4_0900_ai_ci NULL DEFAULT 'TEXT' COMMENT '引导类型：TEXT-纯文本, IMAGE-图文引导',
  `guide_images` text CHARACTER SET utf8mb4 COLLATE utf8mb4_0900_ai_ci NULL COMMENT '引导图片URL列表（JSON数组）',
  `guide_steps` text CHARACTER SET utf8mb4 COLLATE utf8mb4_0900_ai_ci NULL COMMENT '分步骤引导内容（JSON格式）',
  `guide_duration` int NULL DEFAULT NULL COMMENT '预计完成时长（分钟）',
  `sort` int NULL DEFAULT 0 COMMENT '排序号',
  `status` int NULL DEFAULT 1 COMMENT '状态：0-禁用，1-启用',
  `create_time` datetime NULL DEFAULT CURRENT_TIMESTAMP COMMENT '创建时间',
  `update_time` datetime NULL DEFAULT CURRENT_TIMESTAMP ON UPDATE CURRENT_TIMESTAMP COMMENT '更新时间',
  `deleted` int NULL DEFAULT 0 COMMENT '逻辑删除',
  PRIMARY KEY (`id`) USING BTREE,
  INDEX `idx_category`(`category` ASC) USING BTREE,
  INDEX `idx_keywords`(`keywords` ASC) USING BTREE
) ENGINE = InnoDB AUTO_INCREMENT = 62 CHARACTER SET = utf8mb4 COLLATE = utf8mb4_0900_ai_ci COMMENT = '知识库表' ROW_FORMAT = DYNAMIC;

-- ----------------------------
-- Records of knowledge_base
-- ----------------------------
INSERT INTO `knowledge_base` VALUES (1, '设备操作手册', 1, '光学显微镜OM-2000如何操作？', '光学显微镜操作步骤：\n1. 打开显微镜电源开关\n2. 将待观察样本放置在载物台上\n3. 使用粗调旋钮调节焦距，使样本初步清晰\n4. 使用细调旋钮调节至最清晰\n5. 选择合适的目镜和物镜倍数\n6. 观察并记录结果\n7. 使用完毕后关闭电源，清理载物台', '显微镜,光学显微镜,操作', 0, 'IMAGE', '[\"/uploads/device/e25dccc5c1d0412baa6a4566b15a8d23.jpg\"]', '[{\"step\":1,\"title\":\"打开电源\",\"content\":\"打开显微镜电源开关，确保电源连接正常\",\"image\":\"/api/uploads/device/0054596f501d45b1a6fd14371110c1b9.jpg\"},{\"step\":2,\"title\":\"放置样本\",\"content\":\"将待观察样本放置在载物台上，固定好样本\",\"image\":\"/api/uploads/device/cd896d0d6316425498f0b60babc406c5.jpg\"},{\"step\":3,\"title\":\"粗调焦距\",\"content\":\"使用粗调旋钮调节焦距，使样本初步清晰\",\"image\":\"/api/uploads/device/2e4769afa0a84f6995fb0ec647d9a3b0.jpg\"},{\"step\":4,\"title\":\"细调焦距\",\"content\":\"使用细调旋钮调节至最清晰，获得最佳观察效果\",\"image\":\"/api/uploads/device/c5c7a3840eb24198a17d0215b139067b.jpg\"},{\"step\":5,\"title\":\"选择放大倍数\",\"content\":\"选择合适的目镜和物镜倍数，根据观察需求调整\",\"image\":\"/uploads/device/e25dccc5c1d0412baa6a4566b15a8d23.jpg\"},{\"step\":6,\"title\":\"观察记录\",\"content\":\"观察并记录结果，可使用数码摄像头拍照\",\"image\":\"/api/uploads/device/bbb25085e9c54c5696d18e8586b69f41.jpg\"},{\"step\":7,\"title\":\"关闭清理\",\"content\":\"使用完毕后关闭电源，清理载物台，保持设备整洁\",\"image\":\"/api/uploads/device/f5b21b3b79e1443685130803314ae8f0.jpg\"}]', 10, 1, 1, '2026-04-16 03:16:22', '2026-04-16 03:17:25', 0);
INSERT INTO `knowledge_base` VALUES (2, '设备操作手册', 113, '倒置显微镜如何操作？', '倒置显微镜操作步骤：\n1. 打开显微镜电源开关\n2. 将细胞培养皿放置在载物台上\n3. 使用粗调旋钮调节焦距，使样本初步清晰\n4. 使用细调旋钮调节至最清晰\n5. 选择合适的物镜倍数\n6. 观察并记录细胞生长状态\n7. 使用完毕后关闭电源，清理载物台', '倒置显微镜,细胞培养,操作', 0, 'IMAGE', '[\"/uploads/device/f12e2ee980c446b6ade52d6505e093e3.jpg\"]', '[{\"step\":1,\"title\":\"打开显微镜电源开关\",\"content\":\"打开显微镜电源开关，确保电源连接正常\",\"image\":\"/uploads/device/f12e2ee980c446b6ade52d6505e093e3.jpg\"},{\"step\":2,\"title\":\"放置细胞培养皿\",\"content\":\"将细胞培养皿小心放置在载物台上，确保位置正确\",\"image\":\"/uploads/device/f12e2ee980c446b6ade52d6505e093e3.jpg\"},{\"step\":3,\"title\":\"粗调焦距\",\"content\":\"使用粗调旋钮调节焦距，使样本初步清晰\",\"image\":\"/uploads/device/f12e2ee980c446b6ade52d6505e093e3.jpg\"},{\"step\":4,\"title\":\"细调焦距\",\"content\":\"使用细调旋钮调节至最清晰，获得最佳观察效果\",\"image\":\"/uploads/device/f12e2ee980c446b6ade52d6505e093e3.jpg\"},{\"step\":5,\"title\":\"选择物镜倍数\",\"content\":\"根据需要选择合适的物镜倍数，通常从低倍开始\",\"image\":\"/uploads/device/f12e2ee980c446b6ade52d6505e093e3.jpg\"},{\"step\":6,\"title\":\"观察记录\",\"content\":\"观察并记录细胞生长状态，可使用数码摄像头拍照\",\"image\":\"/uploads/device/f12e2ee980c446b6ade52d6505e093e3.jpg\"},{\"step\":7,\"title\":\"关闭清理\",\"content\":\"使用完毕后关闭电源，清理载物台，保持设备整洁\",\"image\":\"/uploads/device/f12e2ee980c446b6ade52d6505e093e3.jpg\"}]', 10, 2, 1, '2026-04-16 03:16:22', '2026-04-16 03:16:22', 0);
INSERT INTO `knowledge_base` VALUES (3, '设备操作手册', 114, '二氧化碳培养箱如何使用？', '二氧化碳培养箱操作步骤：\n1. 打开电源开关\n2. 设置温度（通常37°C）和CO2浓度（通常5%）\n3. 等待温度和CO2浓度稳定\n4. 将培养皿或培养瓶放入箱内\n5. 关闭箱门\n6. 定期观察细胞生长状态\n7. 使用完毕后记录培养情况', '培养箱,CO2培养箱,细胞培养', 0, 'IMAGE', '[\"/uploads/device/d99194af22b34a80b48d3f54e3054e5f.jpg\"]', '[{\"step\":1,\"title\":\"打开电源开关\",\"content\":\"打开CO2培养箱电源开关，确保电源连接正常\",\"image\":\"/uploads/device/d99194af22b34a80b48d3f54e3054e5f.jpg\"},{\"step\":2,\"title\":\"设置参数\",\"content\":\"设置温度（通常37°C）和CO2浓度（通常5%）\",\"image\":\"/uploads/device/d99194af22b34a80b48d3f54e3054e5f.jpg\"},{\"step\":3,\"title\":\"等待稳定\",\"content\":\"等待温度和CO2浓度稳定，通常需要30分钟\",\"image\":\"/uploads/device/d99194af22b34a80b48d3f54e3054e5f.jpg\"},{\"step\":4,\"title\":\"放入样本\",\"content\":\"将培养皿或培养瓶放入箱内，注意保持清洁\",\"image\":\"/uploads/device/d99194af22b34a80b48d3f54e3054e5f.jpg\"},{\"step\":5,\"title\":\"关闭箱门\",\"content\":\"关闭箱门，确保密封良好\",\"image\":\"/uploads/device/d99194af22b34a80b48d3f54e3054e5f.jpg\"},{\"step\":6,\"title\":\"定期观察\",\"content\":\"定期观察细胞生长状态，记录相关数据\",\"image\":\"/uploads/device/d99194af22b34a80b48d3f54e3054e5f.jpg\"},{\"step\":7,\"title\":\"记录情况\",\"content\":\"使用完毕后记录培养情况，便于后续分析\",\"image\":\"/uploads/device/d99194af22b34a80b48d3f54e3054e5f.jpg\"}]', 15, 3, 1, '2026-04-16 03:16:22', '2026-04-16 03:16:22', 0);
INSERT INTO `knowledge_base` VALUES (4, '设备操作手册', 115, '高速离心机如何操作？', '高速离心机操作步骤：\n1. 检查离心机是否平稳放置\n2. 打开机盖，将样品对称放置在转子中\n3. 确保样品管已盖紧且重量相等\n4. 关闭机盖，确保锁紧\n5. 设置转速和时间\n6. 按启动键开始离心\n7. 离心完成后等待完全停止再打开机盖\n8. 小心取出样品，避免离心管破碎', '离心机,高速离心机,操作', 1, 'IMAGE', '[\"/uploads/device/de15ea7a50b24322bbe1bc470333b496.jpg\"]', '[{\"step\":1,\"title\":\"检查设备状态\",\"content\":\"检查离心机是否平稳放置，确保周围无障碍物\",\"image\":\"/uploads/device/de15ea7a50b24322bbe1bc470333b496.jpg\"},{\"step\":2,\"title\":\"放置样品\",\"content\":\"打开机盖，将样品对称放置在转子中，确保平衡\",\"image\":\"/uploads/device/de15ea7a50b24322bbe1bc470333b496.jpg\"},{\"step\":3,\"title\":\"检查样品管\",\"content\":\"确保样品管已盖紧且重量相等，避免离心时失衡\",\"image\":\"/uploads/device/de15ea7a50b24322bbe1bc470333b496.jpg\"},{\"step\":4,\"title\":\"关闭机盖\",\"content\":\"关闭机盖，确保锁紧，防止离心过程中打开\",\"image\":\"/uploads/device/de15ea7a50b24322bbe1bc470333b496.jpg\"},{\"step\":5,\"title\":\"设置参数\",\"content\":\"设置转速和时间，根据样品类型选择合适参数\",\"image\":\"/uploads/device/de15ea7a50b24322bbe1bc470333b496.jpg\"},{\"step\":6,\"title\":\"启动离心\",\"content\":\"按启动键开始离心，观察设备运行状态\",\"image\":\"/uploads/device/de15ea7a50b24322bbe1bc470333b496.jpg\"},{\"step\":7,\"title\":\"等待停止\",\"content\":\"离心完成后等待完全停止再打开机盖，切勿强行开盖\",\"image\":\"/uploads/device/de15ea7a50b24322bbe1bc470333b496.jpg\"},{\"step\":8,\"title\":\"取出样品\",\"content\":\"小心取出样品，避免离心管破碎，清理设备\",\"image\":\"/uploads/device/de15ea7a50b24322bbe1bc470333b496.jpg\"}]', 10, 4, 1, '2026-04-16 03:16:22', '2026-04-16 03:16:22', 0);
INSERT INTO `knowledge_base` VALUES (5, '设备操作手册', 116, '高效液相色谱仪如何操作？', '高效液相色谱仪操作步骤：\n1. 打开仪器电源，预热30分钟\n2. 启动泵，冲洗色谱柱\n3. 设置流动相比例和流速\n4. 注入标准溶液，建立标准曲线\n5. 注入样品溶液\n6. 记录色谱图和数据\n7. 分析完成后冲洗色谱柱\n8. 关闭仪器电源', '色谱仪,高效液相色谱,操作', 0, 'IMAGE', '[\"/uploads/device/557025d48b944ef59fd10d1d5e57a24c.jpg\"]', '[{\"step\":1,\"title\":\"打开电源预热\",\"content\":\"打开仪器电源，预热30分钟，确保仪器稳定\",\"image\":\"/uploads/device/557025d48b944ef59fd10d1d5e57a24c.jpg\"},{\"step\":2,\"title\":\"冲洗色谱柱\",\"content\":\"启动泵，冲洗色谱柱，去除残留杂质\",\"image\":\"/uploads/device/557025d48b944ef59fd10d1d5e57a24c.jpg\"},{\"step\":3,\"title\":\"设置流动相\",\"content\":\"设置流动相比例和流速，根据实验要求调整\",\"image\":\"/uploads/device/557025d48b944ef59fd10d1d5e57a24c.jpg\"},{\"step\":4,\"title\":\"建立标准曲线\",\"content\":\"注入标准溶液，建立标准曲线，用于定量分析\",\"image\":\"/uploads/device/557025d48b944ef59fd10d1d5e57a24c.jpg\"},{\"step\":5,\"title\":\"注入样品\",\"content\":\"注入样品溶液，开始分析\",\"image\":\"/uploads/device/557025d48b944ef59fd10d1d5e57a24c.jpg\"},{\"step\":6,\"title\":\"记录数据\",\"content\":\"记录色谱图和数据，保存分析结果\",\"image\":\"/uploads/device/557025d48b944ef59fd10d1d5e57a24c.jpg\"},{\"step\":7,\"title\":\"冲洗色谱柱\",\"content\":\"分析完成后冲洗色谱柱，延长柱寿命\",\"image\":\"/uploads/device/557025d48b944ef59fd10d1d5e57a24c.jpg\"},{\"step\":8,\"title\":\"关闭电源\",\"content\":\"关闭仪器电源，清理实验台\",\"image\":\"/uploads/device/557025d48b944ef59fd10d1d5e57a24c.jpg\"}]', 20, 5, 1, '2026-04-16 03:16:22', '2026-04-16 03:16:22', 0);
INSERT INTO `knowledge_base` VALUES (6, '设备操作手册', 117, '数字示波器如何操作？', '数字示波器操作步骤：\n1. 打开示波器电源，预热5分钟\n2. 连接测试探头到信号源\n3. 设置垂直灵敏度和水平扫描时间\n4. 调整触发模式和电平\n5. 观察波形，调整波形位置和大小\n6. 使用测量功能测量电压、频率等参数\n7. 保存波形数据（如需）\n8. 关闭示波器电源', '示波器,数字示波器,电子测量', 0, 'IMAGE', '[\"/uploads/device/d2ab6ab18f644e6e9b063a500655be1e.jpg\"]', '[{\"step\":1,\"title\":\"打开电源预热\",\"content\":\"打开示波器电源，预热5分钟，确保仪器稳定\",\"image\":\"/api/uploads/device/3017f633d8db430bbe75bcaf3a2d478e.jpg\"},{\"step\":2,\"title\":\"连接测试探头\",\"content\":\"连接测试探头到信号源，确保连接牢固\",\"image\":\"/api/uploads/device/e8be5a952698428f8e963bc1965cfeda.jpg\"},{\"step\":3,\"title\":\"设置垂直和水平参数\",\"content\":\"设置垂直灵敏度和水平扫描时间，根据信号特性调整\",\"image\":\"/api/uploads/device/ee469a1e5e5241188e92f54c7ab70e33.jpg\"},{\"step\":4,\"title\":\"调整触发设置\",\"content\":\"调整触发模式和电平，使波形稳定显示\",\"image\":\"/api/uploads/device/1153c5a4f717447289a0279653d1c33a.jpg\"},{\"step\":5,\"title\":\"观察调整波形\",\"content\":\"观察波形，调整波形位置和大小，获得清晰显示\",\"image\":\"/api/uploads/device/ada7b25a30b04e2687a1376463a55cbd.jpg\"},{\"step\":6,\"title\":\"测量参数\",\"content\":\"使用测量功能测量电压、频率等参数，记录数据\",\"image\":\"/api/uploads/device/6ad97ff2eb2746b9b350bc512e099aec.jpg\"},{\"step\":7,\"title\":\"保存数据\",\"content\":\"保存波形数据（如需），便于后续分析\",\"image\":\"/api/uploads/device/f3703a90ccee437e8f151cf602246909.jpg\"},{\"step\":8,\"title\":\"关闭电源\",\"content\":\"关闭示波器电源，整理测试探头\",\"image\":\"/uploads/device/d2ab6ab18f644e6e9b063a500655be1e.jpg\"}]', 15, 6, 1, '2026-04-16 03:16:22', '2026-04-16 03:18:07', 0);
INSERT INTO `knowledge_base` VALUES (7, '设备操作手册', 118, '数字万用表如何使用？', '数字万用表操作步骤：\n1. 打开万用表电源\n2. 根据测量需求选择合适的测量模式\n3. 选择合适的量程\n4. 将测试表笔连接到相应的插孔\n5. 将表笔接触测量点\n6. 读取测量值\n7. 测量完成后将量程调至最高档\n8. 关闭万用表电源', '万用表,数字万用表,电子测量', 0, 'IMAGE', '[\"/uploads/device/20ccaabb7aff4ce9ba2c53116a1fbf0b.jpg\"]', '[{\"step\":1,\"title\":\"打开电源\",\"content\":\"打开万用表电源，检查电池电量是否充足\",\"image\":\"/uploads/device/20ccaabb7aff4ce9ba2c53116a1fbf0b.jpg\"},{\"step\":2,\"title\":\"选择测量模式\",\"content\":\"根据测量需求选择合适的测量模式（电压、电流、电阻等）\",\"image\":\"/uploads/device/20ccaabb7aff4ce9ba2c53116a1fbf0b.jpg\"},{\"step\":3,\"title\":\"选择量程\",\"content\":\"选择合适的量程，确保测量值在量程范围内\",\"image\":\"/uploads/device/20ccaabb7aff4ce9ba2c53116a1fbf0b.jpg\"},{\"step\":4,\"title\":\"连接表笔\",\"content\":\"将测试表笔连接到相应的插孔，红表笔接正极，黑表笔接负极\",\"image\":\"/uploads/device/20ccaabb7aff4ce9ba2c53116a1fbf0b.jpg\"},{\"step\":5,\"title\":\"接触测量点\",\"content\":\"将表笔接触测量点，确保接触良好\",\"image\":\"/uploads/device/20ccaabb7aff4ce9ba2c53116a1fbf0b.jpg\"},{\"step\":6,\"title\":\"读取测量值\",\"content\":\"读取测量值，记录数据\",\"image\":\"/uploads/device/20ccaabb7aff4ce9ba2c53116a1fbf0b.jpg\"},{\"step\":7,\"title\":\"调整量程\",\"content\":\"测量完成后将量程调至最高档，保护万用表\",\"image\":\"/uploads/device/20ccaabb7aff4ce9ba2c53116a1fbf0b.jpg\"},{\"step\":8,\"title\":\"关闭电源\",\"content\":\"关闭万用表电源，整理测试表笔\",\"image\":\"/uploads/device/20ccaabb7aff4ce9ba2c53116a1fbf0b.jpg\"}]', 10, 7, 1, '2026-04-16 03:16:22', '2026-04-16 03:16:22', 0);
INSERT INTO `knowledge_base` VALUES (8, '设备操作手册', 119, '显微镜如何操作？', '显微镜操作步骤：\n1. 打开显微镜电源开关\n2. 将待观察标本放置在载物台上\n3. 使用粗调旋钮调节焦距，使标本初步清晰\n4. 使用细调旋钮调节至最清晰\n5. 选择合适的目镜和物镜倍数\n6. 观察并记录结果\n7. 使用完毕后关闭电源，清理载物台', '显微镜,生物显微镜,操作', 0, 'IMAGE', '[\"/uploads/device/221fbad4be134cc1ad2ff6a8c863d8cb.jpg\"]', '[{\"step\":1,\"title\":\"打开电源\",\"content\":\"打开显微镜电源开关，确保电源连接正常\",\"image\":\"/uploads/device/221fbad4be134cc1ad2ff6a8c863d8cb.jpg\"},{\"step\":2,\"title\":\"放置标本\",\"content\":\"将待观察标本放置在载物台上，固定好标本\",\"image\":\"/uploads/device/221fbad4be134cc1ad2ff6a8c863d8cb.jpg\"},{\"step\":3,\"title\":\"粗调焦距\",\"content\":\"使用粗调旋钮调节焦距，使标本初步清晰\",\"image\":\"/uploads/device/221fbad4be134cc1ad2ff6a8c863d8cb.jpg\"},{\"step\":4,\"title\":\"细调焦距\",\"content\":\"使用细调旋钮调节至最清晰，获得最佳观察效果\",\"image\":\"/uploads/device/221fbad4be134cc1ad2ff6a8c863d8cb.jpg\"},{\"step\":5,\"title\":\"选择放大倍数\",\"content\":\"选择合适的目镜和物镜倍数，根据观察需求调整\",\"image\":\"/uploads/device/221fbad4be134cc1ad2ff6a8c863d8cb.jpg\"},{\"step\":6,\"title\":\"观察记录\",\"content\":\"观察并记录结果，可使用数码摄像头拍照\",\"image\":\"/uploads/device/221fbad4be134cc1ad2ff6a8c863d8cb.jpg\"},{\"step\":7,\"title\":\"关闭清理\",\"content\":\"使用完毕后关闭电源，清理载物台，保持设备整洁\",\"image\":\"/uploads/device/221fbad4be134cc1ad2ff6a8c863d8cb.jpg\"}]', 10, 8, 1, '2026-04-16 03:16:22', '2026-04-16 03:16:22', 0);
INSERT INTO `knowledge_base` VALUES (9, '设备操作手册', 120, '信号发生器如何操作？', '信号发生器操作步骤：\n1. 打开信号发生器电源\n2. 选择信号类型（正弦波、方波等）\n3. 设置信号频率\n4. 设置信号 amplitude\n5. 连接输出到测试电路\n6. 开启信号输出\n7. 调整参数直到获得所需信号\n8. 测试完成后关闭输出，关闭电源', '信号发生器,电子测试,信号源', 0, 'IMAGE', '[\"/uploads/device/300ae331a26541c49a4bc2b447fdec08.jpg\"]', '[{\"step\":1,\"title\":\"打开电源\",\"content\":\"打开信号发生器电源，检查设备是否正常启动\",\"image\":\"/uploads/device/300ae331a26541c49a4bc2b447fdec08.jpg\"},{\"step\":2,\"title\":\"选择信号类型\",\"content\":\"选择信号类型（正弦波、方波、三角波等）\",\"image\":\"/uploads/device/300ae331a26541c49a4bc2b447fdec08.jpg\"},{\"step\":3,\"title\":\"设置频率\",\"content\":\"设置信号频率，根据测试需求调整\",\"image\":\"/uploads/device/300ae331a26541c49a4bc2b447fdec08.jpg\"},{\"step\":4,\"title\":\"设置幅度\",\"content\":\"设置信号幅度（amplitude），确保输出合适的电压\",\"image\":\"/uploads/device/300ae331a26541c49a4bc2b447fdec08.jpg\"},{\"step\":5,\"title\":\"连接输出\",\"content\":\"连接输出到测试电路，确保连接正确\",\"image\":\"/uploads/device/300ae331a26541c49a4bc2b447fdec08.jpg\"},{\"step\":6,\"title\":\"开启输出\",\"content\":\"开启信号输出，开始测试\",\"image\":\"/uploads/device/300ae331a26541c49a4bc2b447fdec08.jpg\"},{\"step\":7,\"title\":\"调整参数\",\"content\":\"调整参数直到获得所需信号，观察测试结果\",\"image\":\"/uploads/device/300ae331a26541c49a4bc2b447fdec08.jpg\"},{\"step\":8,\"title\":\"关闭设备\",\"content\":\"测试完成后关闭输出，关闭电源，整理测试线缆\",\"image\":\"/uploads/device/300ae331a26541c49a4bc2b447fdec08.jpg\"}]', 15, 9, 1, '2026-04-16 03:16:22', '2026-04-16 03:16:22', 0);
INSERT INTO `knowledge_base` VALUES (10, '设备操作手册', 121, '旋转蒸发仪如何操作？', '旋转蒸发仪操作步骤：\n1. 连接冷凝水和真空泵\n2. 将样品放入蒸馏瓶中\n3. 将蒸馏瓶连接到旋转蒸发仪\n4. 设置水浴温度和旋转速度\n5. 开启旋转和真空泵\n6. 观察蒸馏过程\n7. 蒸馏完成后关闭真空泵\n8. 关闭旋转，取出样品\n9. 关闭水浴，清理仪器', '旋转蒸发仪,蒸馏,浓缩', 1, 'IMAGE', '[\"/uploads/device/51d37de1526a44a0855aa72c33625cb5.jpg\"]', '[{\"step\":1,\"title\":\"连接设备\",\"content\":\"连接冷凝水和真空泵，确保连接紧密无泄漏\",\"image\":\"/uploads/device/51d37de1526a44a0855aa72c33625cb5.jpg\"},{\"step\":2,\"title\":\"放入样品\",\"content\":\"将样品放入蒸馏瓶中，注意不要超过瓶容量的1/3\",\"image\":\"/uploads/device/51d37de1526a44a0855aa72c33625cb5.jpg\"},{\"step\":3,\"title\":\"连接蒸馏瓶\",\"content\":\"将蒸馏瓶连接到旋转蒸发仪，确保密封良好\",\"image\":\"/uploads/device/51d37de1526a44a0855aa72c33625cb5.jpg\"},{\"step\":4,\"title\":\"设置参数\",\"content\":\"设置水浴温度和旋转速度，根据样品特性调整\",\"image\":\"/uploads/device/51d37de1526a44a0855aa72c33625cb5.jpg\"},{\"step\":5,\"title\":\"开启设备\",\"content\":\"开启旋转和真空泵，开始蒸馏过程\",\"image\":\"/uploads/device/51d37de1526a44a0855aa72c33625cb5.jpg\"},{\"step\":6,\"title\":\"观察蒸馏\",\"content\":\"观察蒸馏过程，注意馏出液的情况\",\"image\":\"/uploads/device/51d37de1526a44a0855aa72c33625cb5.jpg\"},{\"step\":7,\"title\":\"关闭真空泵\",\"content\":\"蒸馏完成后关闭真空泵，防止倒吸\",\"image\":\"/uploads/device/51d37de1526a44a0855aa72c33625cb5.jpg\"},{\"step\":8,\"title\":\"取出样品\",\"content\":\"关闭旋转，取出样品，注意高温烫伤\",\"image\":\"/uploads/device/51d37de1526a44a0855aa72c33625cb5.jpg\"},{\"step\":9,\"title\":\"清理仪器\",\"content\":\"关闭水浴，清理仪器，保持设备整洁\",\"image\":\"/uploads/device/51d37de1526a44a0855aa72c33625cb5.jpg\"}]', 20, 10, 1, '2026-04-16 03:16:22', '2026-04-16 03:16:22', 0);
INSERT INTO `knowledge_base` VALUES (11, '设备操作手册', 122, '原子吸收分光光度计如何操作？', '原子吸收分光光度计操作步骤：\n1. 打开仪器电源，预热30分钟\n2. 点燃空心阴极灯\n3. 调整波长和狭缝宽度\n4. 调整燃烧器高度和位置\n5. 用空白溶液调零\n6. 测量标准溶液，建立标准曲线\n7. 测量样品溶液\n8. 分析完成后关闭仪器', '原子吸收,分光光度计,元素分析', 0, 'IMAGE', '[\"/uploads/device/75d2774256b84b09b161ed015f42cf03.jpg\"]', '[{\"step\":1,\"title\":\"打开电源预热\",\"content\":\"打开仪器电源，预热30分钟，确保仪器稳定\",\"image\":\"/uploads/device/75d2774256b84b09b161ed015f42cf03.jpg\"},{\"step\":2,\"title\":\"点燃空心阴极灯\",\"content\":\"点燃空心阴极灯，选择合适的元素灯\",\"image\":\"/uploads/device/75d2774256b84b09b161ed015f42cf03.jpg\"},{\"step\":3,\"title\":\"调整波长和狭缝\",\"content\":\"调整波长和狭缝宽度，选择最佳分析条件\",\"image\":\"/uploads/device/75d2774256b84b09b161ed015f42cf03.jpg\"},{\"step\":4,\"title\":\"调整燃烧器\",\"content\":\"调整燃烧器高度和位置，优化火焰条件\",\"image\":\"/uploads/device/75d2774256b84b09b161ed015f42cf03.jpg\"},{\"step\":5,\"title\":\"空白溶液调零\",\"content\":\"用空白溶液调零，消除背景干扰\",\"image\":\"/uploads/device/75d2774256b84b09b161ed015f42cf03.jpg\"},{\"step\":6,\"title\":\"建立标准曲线\",\"content\":\"测量标准溶液，建立标准曲线，用于定量分析\",\"image\":\"/uploads/device/75d2774256b84b09b161ed015f42cf03.jpg\"},{\"step\":7,\"title\":\"测量样品\",\"content\":\"测量样品溶液，读取吸光度值\",\"image\":\"/uploads/device/75d2774256b84b09b161ed015f42cf03.jpg\"},{\"step\":8,\"title\":\"关闭仪器\",\"content\":\"分析完成后关闭仪器，清理实验台\",\"image\":\"/uploads/device/75d2774256b84b09b161ed015f42cf03.jpg\"}]', 25, 11, 1, '2026-04-16 03:16:22', '2026-04-16 03:16:22', 0);
INSERT INTO `knowledge_base` VALUES (12, '设备操作手册', 1, '显微镜如何校准？', '显微镜校准操作步骤：\n1. 打开显微镜电源开关，预热5分钟\n2. 清洁物镜和目镜镜头表面\n3. 将载物台降至最低位置\n4. 选择10倍低倍物镜\n5. 放置标准玻片标本\n6. 调节粗调旋钮使图像清晰\n7. 切换到目标倍率物镜重新对焦\n8. 校准完成后记录参数', '显微镜,校准,调节,对焦,操作', 0, 'TEXT', NULL, NULL, 8, 100, 1, '2026-04-16 03:29:37', '2026-04-16 03:29:37', 0);
INSERT INTO `knowledge_base` VALUES (13, '设备操作手册', 18, '光谱仪如何校准？', '分光光度计校准步骤：\n1. 开机预热30分钟确保光源稳定\n2. 准备空白参比溶液放入比色皿\n3. 设置测量波长\n4. 按调零键使吸光度归零\n5. 确认透光率为100%\n6. 如需多点校准建立标准曲线\n7. 记录校准时间和参数\n8. 定期检查校准状态', '光谱仪,校准,调零,波长,分光光度计', 0, 'IMAGE', NULL, '[{\"step\":1,\"title\":\"预热仪器\",\"content\":\"打开电源预热30分钟\",\"image\":\"/uploads/device/557025d48b944ef59fd10d1d5e57a24c.jpg\"},{\"step\":2,\"title\":\"准备空白溶液\",\"content\":\"准备空白参比溶液\"},{\"step\":3,\"title\":\"设置波长\",\"content\":\"选择合适测量波长\"},{\"step\":4,\"title\":\"调零操作\",\"content\":\"空白溶液调零\"},{\"step\":5,\"title\":\"确认校准\",\"content\":\"确认读数正确\"}]', 10, 101, 1, '2026-04-16 03:29:37', '2026-04-16 03:29:37', 0);
INSERT INTO `knowledge_base` VALUES (14, '安全规范', NULL, '这个步骤需要注意什么？', '实验室通用安全注意事项：\n1. 操作前必须仔细阅读设备操作手册\n2. 检查设备是否正常工作有无异常\n3. 确保个人防护装备佩戴齐全\n4. 了解紧急停止按钮和急救设备位置\n5. 操作时保持专注不要离开岗位\n6. 发现异常立即停止并报告\n7. 操作后清理工作区域妥善处理废弃物\n8. 认真填写使用记录', '注意,事项,安全,防护,注意事项,实验室安全', 0, 'TEXT', NULL, '[{\"step\":1,\"title\":\"阅读手册\",\"content\":\"操作前仔细阅读设备操作手册\"},{\"step\":2,\"title\":\"检查设备\",\"content\":\"确认设备正常工作\"},{\"step\":3,\"title\":\"防护装备\",\"content\":\"确保个人防护装备齐全\"},{\"step\":4,\"title\":\"了解应急\",\"content\":\"了解紧急停止按钮位置\"},{\"step\":5,\"title\":\"专注操作\",\"content\":\"保持专注不离开岗位\"}]', 10, 200, 1, '2026-04-16 03:29:37', '2026-04-16 03:29:37', 0);
INSERT INTO `knowledge_base` VALUES (15, '故障排查', NULL, '设备无法开机怎么办？', '设备无法开机故障排查步骤：\n1. 检查电源插头是否插紧插座是否有电\n2. 检查电源开关是否处于开启位置\n3. 检查保险丝是否熔断必要时更换同规格保险丝\n4. 检查设备电源线是否损坏或断裂\n5. 尝试重启设备关闭后等待30秒再开启\n6. 查看设备显示屏是否有错误代码提示\n7. 参考说明书对照错误代码查找原因\n8. 如以上方法无效请联系设备维护人员报修', '故障,无法开机,排查,维修,报修,电源', 0, 'TEXT', NULL, '[{\"step\":1,\"title\":\"检查电源\",\"content\":\"检查插头是否插紧插座是否有电\"},{\"step\":2,\"title\":\"检查开关\",\"content\":\"确认电源开关开启\"},{\"step\":3,\"title\":\"检查保险丝\",\"content\":\"必要时更换同规格保险丝\"},{\"step\":4,\"title\":\"尝试重启\",\"content\":\"关闭等待30秒后再开\"},{\"step\":5,\"title\":\"查看错误码\",\"content\":\"对照说明书查找原因\"},{\"step\":6,\"title\":\"联系报修\",\"content\":\"联系设备维护人员\"}]', 10, 300, 1, '2026-04-16 03:29:37', '2026-04-16 03:29:37', 0);
INSERT INTO `knowledge_base` VALUES (16, '安全规范', NULL, '可以用手直接接触有机溶剂吗？', '⚠️ 绝对不可以！有机溶剂直接接触皮肤的危害：\n\n1. 大多数有机溶剂可通过皮肤吸收导致中毒\n2. 可能引起皮肤过敏红肿化学灼伤\n3. 部分溶剂具有致癌风险\n4. 长期接触可能导致神经系统损伤\n\n正确做法：\n- 必须佩戴耐化学腐蚀手套\n- 在通风橱内操作\n- 皮肤接触后立即用大量清水冲洗15分钟\n- 如有不适立即就医', '有机溶剂,皮肤,接触,危险,警告,中毒', 1, 'TEXT', NULL, NULL, 5, 400, 1, '2026-04-16 03:29:37', '2026-04-16 03:29:37', 0);
INSERT INTO `knowledge_base` VALUES (17, '安全规范', 8, '可以不戴护目镜操作离心机吗？', '🚨 危险！不戴护目镜操作离心机的严重后果：\n\n1. 离心过程中试管破裂可能导致玻璃碎片飞溅\n2. 化学品泄漏可能溅入眼睛造成失明\n3. 样品气溶胶可能携带病原微生物\n4. 高速旋转产生的气溶胶可被吸入肺部\n\n强制要求：\n- 操作离心机必须佩戴护目镜\n- 建议同时佩戴防护面罩\n- 生物危害样品需在生物安全柜内操作\n- 发生眼部异物立即用洗眼器冲洗并就医', '离心机,护目镜,危险,眼睛,安全,禁止,不戴', 1, 'TEXT', NULL, NULL, 5, 401, 1, '2026-04-16 03:29:37', '2026-04-16 03:29:37', 0);
INSERT INTO `knowledge_base` VALUES (18, '安全规范', 125, '测试测试', '测试测试', '测试，11111', 1, 'TEXT', NULL, '', 4, 0, 0, '2026-04-23 02:31:30', '2026-04-23 02:33:25', 1);
INSERT INTO `knowledge_base` VALUES (19, '实验流程', NULL, '细胞培养实验的标准流程是什么？', '细胞培养实验标准流程：\n1. 实验前准备：检查CO2培养箱温度（37℃）和CO2浓度（5%），确认培养基pH和颜色正常\n2. 细胞复苏：从液氮罐取出冻存管，37℃水浴快速融化（1-2分钟内），转移至15mL离心管，加入9mL预热培养基，1000rpm离心5分钟\n3. 细胞传代：吸弃旧培养基，PBS洗涤1-2次，加入0.25%胰蛋白酶消化1-3分钟，显微镜下观察细胞形态变圆后加入含血清培养基终止消化\n4. 细胞计数：取10μL细胞悬液与10μL台盼蓝混合，血球计数板计数，计算活细胞浓度\n5. 接种培养：按所需密度接种至培养瓶/板，加入适量培养基，放入CO2培养箱\n6. 日常观察：每天显微镜观察细胞形态和密度，记录生长状态\n7. 换液：根据细胞生长速度，每2-3天更换一次培养基', '细胞培养,传代,复苏,CO2培养箱,胰蛋白酶,细胞计数', 0, 'TEXT', NULL, '[{\"stepNumber\":1,\"title\":\"实验前准备\",\"content\":\"检查CO2培养箱温度（37℃）和CO2浓度（5%），确认培养基pH和颜色正常\",\"duration\":10},{\"stepNumber\":2,\"title\":\"细胞复苏\",\"content\":\"从液氮罐取出冻存管，37℃水浴快速融化，离心洗涤后接种\",\"duration\":20},{\"stepNumber\":3,\"title\":\"细胞传代\",\"content\":\"胰蛋白酶消化，终止消化后离心，按比例接种新培养瓶\",\"duration\":30},{\"stepNumber\":4,\"title\":\"细胞计数\",\"content\":\"台盼蓝染色计数，计算活细胞浓度和存活率\",\"duration\":10},{\"stepNumber\":5,\"title\":\"接种培养\",\"content\":\"按所需密度接种，放入CO2培养箱培养\",\"duration\":15},{\"stepNumber\":6,\"title\":\"日常观察\",\"content\":\"每天显微镜观察细胞形态和密度，记录生长状态\",\"duration\":5},{\"stepNumber\":7,\"title\":\"换液\",\"content\":\"每2-3天更换一次培养基，保持细胞营养供应\",\"duration\":10}]', 15, 500, 1, '2026-04-24 01:50:07', '2026-04-24 01:50:07', 0);
INSERT INTO `knowledge_base` VALUES (20, '实验流程', NULL, 'PCR扩增实验的操作流程是什么？', 'PCR扩增实验操作流程：\n1. 引物设计：根据目标基因序列设计特异性引物，Tm值55-65℃，长度18-25bp，避免二聚体和发夹结构\n2. 反应体系配制（冰上操作）：模板DNA 1-2μL（10-100ng）、上下游引物各1μL（10μM）、dNTP Mix 2μL（2.5mM each）、10×Buffer 5μL、Taq酶0.5μL（5U/μL）、ddH2O补至50μL\n3. 分装至PCR管：将混合液轻轻混匀，短暂离心，分装至0.2mL PCR管\n4. PCR程序设置：预变性95℃ 5min → 变性95℃ 30s → 退火55-65℃ 30s → 延伸72℃ 1min/kb → 循环30次 → 终延伸72℃ 10min → 4℃保存\n5. 琼脂糖凝胶电泳检测：配制1-2%琼脂糖凝胶，点样后80-120V电泳30-45分钟\n6. 凝胶成像：紫外凝胶成像系统观察条带大小和亮度\n7. 结果分析：比对Marker判断扩增片段大小，评估扩增效率和特异性', 'PCR,DNA扩增,引物设计,琼脂糖电泳,Taq酶,基因扩增,分子生物学', 0, 'TEXT', NULL, '[{\"stepNumber\":1,\"title\":\"引物设计\",\"content\":\"根据目标基因序列设计特异性引物，Tm值55-65℃\",\"duration\":30},{\"stepNumber\":2,\"title\":\"反应体系配制\",\"content\":\"冰上操作，按顺序加入各组分，ddH2O补至50μL\",\"duration\":15},{\"stepNumber\":3,\"title\":\"分装至PCR管\",\"content\":\"混合液轻轻混匀，短暂离心，分装至0.2mL PCR管\",\"duration\":5},{\"stepNumber\":4,\"title\":\"PCR程序设置\",\"content\":\"预变性→变性→退火→延伸循环30次→终延伸\",\"duration\":120},{\"stepNumber\":5,\"title\":\"琼脂糖凝胶电泳\",\"content\":\"配制1-2%凝胶，80-120V电泳30-45分钟\",\"duration\":60},{\"stepNumber\":6,\"title\":\"凝胶成像\",\"content\":\"紫外凝胶成像系统观察条带\",\"duration\":10},{\"stepNumber\":7,\"title\":\"结果分析\",\"content\":\"比对Marker判断扩增片段大小和特异性\",\"duration\":15}]', 12, 501, 1, '2026-04-24 01:50:07', '2026-04-24 01:50:07', 0);
INSERT INTO `knowledge_base` VALUES (21, '实验流程', NULL, '蛋白质提取与定量实验流程是什么？', '蛋白质提取与定量实验流程：\n1. 样品准备：收集细胞或组织样本，预冷PBS洗涤2-3次，离心收集沉淀\n2. 裂解：加入RIPA裂解液（含PMSF蛋白酶抑制剂），冰上裂解30分钟，每10分钟涡旋混匀一次\n3. 离心取上清：4℃ 12000rpm离心15分钟，小心吸取上清至新管，避免吸到沉淀\n4. BCA法蛋白定量：配制BCA工作液，制作BSA标准曲线（0-2000μg/mL），样品适当稀释后加入96孔板，37℃孵育30分钟\n5. 酶标仪检测：562nm波长读取吸光度，根据标准曲线计算蛋白浓度\n6. 蛋白保存：调整浓度后加入Loading Buffer，100℃煮沸5分钟变性，-20℃或-80℃保存备用\n7. 注意事项：全程冰上操作，避免反复冻融，蛋白酶抑制剂现用现加', '蛋白质提取,BCA定量,RIPA裂解液,蛋白定量,Western Blot,蛋白酶抑制剂', 0, 'TEXT', NULL, '[{\"stepNumber\":1,\"title\":\"样品准备\",\"content\":\"收集细胞或组织，预冷PBS洗涤2-3次\",\"duration\":10},{\"stepNumber\":2,\"title\":\"裂解\",\"content\":\"加RIPA裂解液，冰上裂解30分钟，每10分钟涡旋\",\"duration\":35},{\"stepNumber\":3,\"title\":\"离心取上清\",\"content\":\"4℃ 12000rpm离心15分钟，吸取上清\",\"duration\":20},{\"stepNumber\":4,\"title\":\"BCA法蛋白定量\",\"content\":\"配制BCA工作液和BSA标准曲线，37℃孵育30分钟\",\"duration\":45},{\"stepNumber\":5,\"title\":\"酶标仪检测\",\"content\":\"562nm读取吸光度，计算蛋白浓度\",\"duration\":10},{\"stepNumber\":6,\"title\":\"蛋白保存\",\"content\":\"加Loading Buffer煮沸变性，-20℃保存\",\"duration\":15}]', 8, 502, 1, '2026-04-24 01:50:07', '2026-04-24 01:50:07', 0);
INSERT INTO `knowledge_base` VALUES (22, '实验流程', NULL, '紫外分光光度法测定溶液浓度的实验流程？', '紫外分光光度法测定溶液浓度流程：\n1. 仪器预热：打开紫外可见分光光度计，预热30分钟使光源稳定\n2. 选择波长：根据待测物质的最大吸收波长设定检测波长（如核酸260nm，蛋白质280nm）\n3. 比色皿准备：使用配对的石英比色皿（紫外区）或玻璃比色皿（可见光区），用待测溶液润洗2-3次\n4. 空白调零：在参比池和样品池中放入空白溶剂，执行基线校正/调零操作\n5. 标准曲线制作：配制5-7个浓度梯度的标准溶液，分别测定吸光度，绘制A-C标准曲线\n6. 样品测定：将待测样品放入样品池，读取吸光度值，每个样品测定3次取平均值\n7. 结果计算：根据标准曲线方程计算样品浓度，注意稀释倍数的换算\n8. 数据处理：计算R²值验证线性关系（R²≥0.999），报告平均值和标准差', '分光光度法,吸光度,标准曲线,比色皿,浓度测定,紫外光谱,朗伯比尔定律', 0, 'TEXT', NULL, '[{\"stepNumber\":1,\"title\":\"仪器预热\",\"content\":\"打开分光光度计预热30分钟\",\"duration\":30},{\"stepNumber\":2,\"title\":\"选择波长\",\"content\":\"根据待测物质最大吸收波长设定\",\"duration\":5},{\"stepNumber\":3,\"title\":\"比色皿准备\",\"content\":\"配对比色皿，用待测溶液润洗2-3次\",\"duration\":10},{\"stepNumber\":4,\"title\":\"空白调零\",\"content\":\"放入空白溶剂执行基线校正\",\"duration\":5},{\"stepNumber\":5,\"title\":\"标准曲线制作\",\"content\":\"测定5-7个浓度梯度标准溶液\",\"duration\":30},{\"stepNumber\":6,\"title\":\"样品测定\",\"content\":\"读取吸光度，每个样品测3次取平均\",\"duration\":15},{\"stepNumber\":7,\"title\":\"结果计算\",\"content\":\"根据标准曲线计算浓度，注意稀释倍数\",\"duration\":10}]', 10, 503, 1, '2026-04-24 01:50:07', '2026-04-24 01:50:07', 0);
INSERT INTO `knowledge_base` VALUES (23, '实验流程', NULL, '高效液相色谱（HPLC）分析实验流程？', 'HPLC分析实验流程：\n1. 流动相准备：根据方法要求配制流动相，使用色谱纯试剂，0.45μm滤膜过滤，超声脱气15-20分钟\n2. 仪器开机与平衡：启动HPLC各模块，设置流速和柱温，用初始流动相平衡色谱柱30-60分钟至基线平稳\n3. 系统适用性测试：进标准品溶液，检查理论塔板数、分离度、拖尾因子是否符合要求\n4. 标准曲线制作：配制5-7个浓度梯度的标准品溶液，分别进样记录峰面积，绘制标准曲线\n5. 样品前处理：根据样品类型选择合适的前处理方法（稀释、萃取、过滤等），0.22μm滤膜过滤后进样\n6. 样品测定：设置进样体积和梯度洗脱程序，依次进样，记录色谱图和峰面积\n7. 数据分析：根据保留时间定性，根据峰面积和标准曲线定量，计算含量和RSD值', 'HPLC,液相色谱,流动相,色谱柱,标准曲线,梯度洗脱,峰面积,保留时间', 0, 'TEXT', NULL, '[{\"stepNumber\":1,\"title\":\"流动相准备\",\"content\":\"配制流动相，0.45μm滤膜过滤，超声脱气\",\"duration\":30},{\"stepNumber\":2,\"title\":\"仪器平衡\",\"content\":\"启动HPLC，平衡色谱柱30-60分钟\",\"duration\":45},{\"stepNumber\":3,\"title\":\"系统适用性测试\",\"content\":\"进标准品检查塔板数、分离度、拖尾因子\",\"duration\":15},{\"stepNumber\":4,\"title\":\"标准曲线制作\",\"content\":\"5-7个浓度梯度标准品进样，绘制标准曲线\",\"duration\":60},{\"stepNumber\":5,\"title\":\"样品前处理\",\"content\":\"稀释、萃取、0.22μm过滤\",\"duration\":20},{\"stepNumber\":6,\"title\":\"样品测定\",\"content\":\"设置梯度洗脱程序，依次进样\",\"duration\":30},{\"stepNumber\":7,\"title\":\"数据分析\",\"content\":\"保留时间定性，峰面积定量，计算RSD\",\"duration\":20}]', 18, 504, 1, '2026-04-24 01:50:07', '2026-04-24 01:50:07', 0);
INSERT INTO `knowledge_base` VALUES (24, '实验流程', NULL, '微生物接种与培养实验流程？', '微生物接种与培养实验流程：\n1. 培养基准备：根据实验需求选择合适培养基（液体/固体），高压蒸汽灭菌121℃ 20分钟\n2. 无菌操作准备：进入超净工作台/生物安全柜前，开启UV灯照射30分钟，关闭UV后开启风机运行10分钟，用75%酒精擦拭台面和双手\n3. 接种环灭菌：接种环在酒精灯火焰上灼烧至红热，冷却后使用\n4. 接种操作：平板划线法（分离单菌落）或液体接种法（增菌培养），操作时靠近火焰区域\n5. 培养：将接种后的培养基倒置放入恒温培养箱，细菌37℃培养18-24h，真菌28℃培养2-5天\n6. 观察记录：观察菌落形态（大小、形状、颜色、边缘特征），记录生长情况\n7. 纯化：挑取单菌落进行二次划线纯化，必要时进行革兰氏染色鉴定', '微生物,接种,培养,无菌操作,划线,菌落,培养基,灭菌', 0, 'TEXT', NULL, '[{\"stepNumber\":1,\"title\":\"培养基准备\",\"content\":\"选择合适培养基，121℃高压灭菌20分钟\",\"duration\":30},{\"stepNumber\":2,\"title\":\"无菌操作准备\",\"content\":\"UV照射30分钟，75%酒精擦拭\",\"duration\":40},{\"stepNumber\":3,\"title\":\"接种环灭菌\",\"content\":\"火焰灼烧至红热，冷却后使用\",\"duration\":2},{\"stepNumber\":4,\"title\":\"接种操作\",\"content\":\"平板划线或液体接种，靠近火焰操作\",\"duration\":10},{\"stepNumber\":5,\"title\":\"培养\",\"content\":\"放入恒温培养箱，细菌37℃ 18-24h\",\"duration\":1440},{\"stepNumber\":6,\"title\":\"观察记录\",\"content\":\"观察菌落形态，记录生长情况\",\"duration\":15},{\"stepNumber\":7,\"title\":\"纯化鉴定\",\"content\":\"挑取单菌落二次划线，必要时染色鉴定\",\"duration\":30}]', 10, 505, 1, '2026-04-24 01:50:07', '2026-04-24 01:50:07', 0);
INSERT INTO `knowledge_base` VALUES (25, '实验流程', NULL, '电子电路基础实验流程？', '电子电路基础实验流程：\n1. 实验预习：阅读实验指导书，理解电路原理，计算理论参数值，画出电路接线图\n2. 仪器准备：检查数字示波器、信号发生器、万用表和直流电源是否正常，校准探头\n3. 电路搭建：按照电路图在面包板/实验板上连接元器件，注意极性（电解电容、二极管等），检查接线无误\n4. 通电前检查：用万用表电阻档检查电源端对地是否短路，确认无短路后再通电\n5. 静态测量：通电后先测量各节点静态工作点（直流电压、电流），与理论值对比\n6. 动态测试：信号发生器输入测试信号，示波器观察输入输出波形，测量增益、频响等参数\n7. 数据记录与处理：记录测量数据，绘制波形图和特性曲线，分析误差原因\n8. 拆线整理：先关电源再拆线，元器件归位，整理实验台', '电路实验,示波器,信号发生器,万用表,面包板,电路搭建,电子测量', 0, 'TEXT', NULL, '[{\"stepNumber\":1,\"title\":\"实验预习\",\"content\":\"阅读指导书，理解原理，计算理论值\",\"duration\":30},{\"stepNumber\":2,\"title\":\"仪器准备\",\"content\":\"检查示波器、信号源、万用表，校准探头\",\"duration\":15},{\"stepNumber\":3,\"title\":\"电路搭建\",\"content\":\"按电路图连接元器件，注意极性\",\"duration\":30},{\"stepNumber\":4,\"title\":\"通电前检查\",\"content\":\"万用表检查电源端对地是否短路\",\"duration\":5},{\"stepNumber\":5,\"title\":\"静态测量\",\"content\":\"测量各节点直流工作点\",\"duration\":20},{\"stepNumber\":6,\"title\":\"动态测试\",\"content\":\"输入信号，示波器观察波形，测量参数\",\"duration\":30},{\"stepNumber\":7,\"title\":\"数据记录\",\"content\":\"记录数据，绘制曲线，分析误差\",\"duration\":20},{\"stepNumber\":8,\"title\":\"拆线整理\",\"content\":\"先关电源再拆线，整理实验台\",\"duration\":10}]', 10, 506, 1, '2026-04-24 01:50:07', '2026-04-24 01:50:07', 0);
INSERT INTO `knowledge_base` VALUES (26, '实验流程', NULL, '样品干燥与称量实验流程？', '样品干燥与称量实验流程：\n1. 干燥箱准备：检查电热恒温干燥箱是否清洁，设置所需温度（通常105-110℃），预热至设定温度稳定\n2. 称量瓶处理：将洁净称量瓶放入干燥箱，105℃烘1-2小时，取出放入干燥器中冷却至室温（约30分钟）\n3. 空瓶称量：在分析天平上准确称量干燥称量瓶质量（m1），精确至0.1mg，记录数据\n4. 样品称量：用减量法或直接称量法加入样品，记录称量瓶+样品质量（m2），样品质量=m2-m1\n5. 干燥处理：将含样品的称量瓶放入干燥箱，按标准要求干燥至恒重（通常2-4小时）\n6. 冷却称量：取出放入干燥器冷却30分钟，称量（m3），再次干燥1小时冷却称量，两次差值≤0.3mg即为恒重\n7. 结果计算：水分含量=(m2-m3)/(m2-m1)×100%，记录平行实验数据', '干燥,称量,分析天平,恒重,减量法,水分测定,称量瓶,干燥器', 0, 'TEXT', NULL, '[{\"stepNumber\":1,\"title\":\"干燥箱准备\",\"content\":\"设置温度105-110℃，预热至稳定\",\"duration\":20},{\"stepNumber\":2,\"title\":\"称量瓶处理\",\"content\":\"洁净称量瓶105℃烘1-2小时，干燥器冷却\",\"duration\":90},{\"stepNumber\":3,\"title\":\"空瓶称量\",\"content\":\"分析天平称量，精确至0.1mg\",\"duration\":5},{\"stepNumber\":4,\"title\":\"样品称量\",\"content\":\"减量法或直接称量法加入样品\",\"duration\":10},{\"stepNumber\":5,\"title\":\"干燥处理\",\"content\":\"放入干燥箱干燥至恒重\",\"duration\":180},{\"stepNumber\":6,\"title\":\"冷却称量\",\"content\":\"干燥器冷却30分钟后称量至恒重\",\"duration\":40},{\"stepNumber\":7,\"title\":\"结果计算\",\"content\":\"计算水分含量，记录平行实验数据\",\"duration\":10}]', 8, 507, 1, '2026-04-24 01:50:07', '2026-04-24 01:50:07', 0);
INSERT INTO `knowledge_base` VALUES (27, '故障排查', NULL, '离心机运行时异常振动怎么办？', '离心机异常振动排查步骤：\n1. 立即停止运行：按下停止键，不要强行开盖，等待转子完全停止\n2. 检查样品平衡：确认对称位置的离心管重量是否相等（差异应<0.1g），溶液体积是否一致\n3. 检查转子安装：确认转子是否安装到位，转子盖是否拧紧，转子与轴的配合面是否清洁\n4. 检查离心管：确认离心管是否有裂纹或变形，管盖是否密封，管内是否有气泡\n5. 检查水平：用水平仪检查离心机是否放置在水平台面上，调整底脚螺丝\n6. 检查减震系统：查看减震垫是否老化或损坏，必要时更换\n7. 重新运行：确认以上问题排除后，从低速开始逐步升速，观察是否仍有振动\n\n⚠️ 严重振动时禁止继续运行，可能导致转子飞出造成人身伤害！', '离心机,振动,不平衡,转子,故障,排查,安全', 1, 'TEXT', NULL, '[{\"stepNumber\":1,\"title\":\"立即停机\",\"content\":\"按下停止键，等待转子完全停止\",\"duration\":2},{\"stepNumber\":2,\"title\":\"检查样品平衡\",\"content\":\"确认对称位置离心管重量相等\",\"duration\":5},{\"stepNumber\":3,\"title\":\"检查转子安装\",\"content\":\"确认转子安装到位，盖拧紧\",\"duration\":5},{\"stepNumber\":4,\"title\":\"检查离心管\",\"content\":\"确认无裂纹变形，管盖密封\",\"duration\":3},{\"stepNumber\":5,\"title\":\"检查水平\",\"content\":\"用水平仪检查，调整底脚螺丝\",\"duration\":5},{\"stepNumber\":6,\"title\":\"检查减震系统\",\"content\":\"查看减震垫是否老化损坏\",\"duration\":5},{\"stepNumber\":7,\"title\":\"重新运行\",\"content\":\"从低速逐步升速观察\",\"duration\":10}]', 12, 600, 1, '2026-04-24 01:50:07', '2026-04-24 01:50:07', 0);
INSERT INTO `knowledge_base` VALUES (28, '故障排查', NULL, '显微镜成像模糊怎么排查？', '显微镜成像模糊排查步骤：\n1. 检查物镜：确认物镜是否正确旋入转盘并卡位，物镜前透镜是否清洁（用擦镜纸蘸无水乙醇轻擦）\n2. 检查样品：确认盖玻片朝上放置，样品切片是否过厚（应<10μm），封片剂是否均匀无气泡\n3. 调焦操作：先用低倍物镜粗调找到大致焦面，再转换高倍物镜微调，注意勿压碎盖玻片\n4. 检查聚光镜：调节聚光镜高度和孔径光阑，柯勒照明是否正确设置\n5. 检查目镜：目镜镜片是否清洁，屈光度是否调节正确（双眼分别调节至十字线清晰）\n6. 检查光源：卤素灯亮度是否足够，LED光源是否正常，滤光片是否正确放置\n7. 检查相机：如使用数码摄像头，检查接口是否松动，软件设置是否正确\n8. 环境因素：检查工作台是否稳定，有无振动源干扰', '显微镜,模糊,调焦,物镜,成像,清洁,故障排查', 0, 'TEXT', NULL, '[{\"stepNumber\":1,\"title\":\"检查物镜\",\"content\":\"确认物镜卡位正确，前透镜清洁\",\"duration\":3},{\"stepNumber\":2,\"title\":\"检查样品\",\"content\":\"盖玻片朝上，切片厚度<10μm\",\"duration\":2},{\"stepNumber\":3,\"title\":\"调焦操作\",\"content\":\"低倍粗调→高倍微调\",\"duration\":5},{\"stepNumber\":4,\"title\":\"检查聚光镜\",\"content\":\"调节聚光镜高度和孔径光阑\",\"duration\":5},{\"stepNumber\":5,\"title\":\"检查目镜\",\"content\":\"清洁目镜，调节屈光度\",\"duration\":3},{\"stepNumber\":6,\"title\":\"检查光源\",\"content\":\"确认光源亮度和滤光片\",\"duration\":3},{\"stepNumber\":7,\"title\":\"检查相机\",\"content\":\"接口和软件设置\",\"duration\":5}]', 10, 601, 1, '2026-04-24 01:50:07', '2026-04-24 01:50:07', 0);
INSERT INTO `knowledge_base` VALUES (29, '故障排查', NULL, 'CO2培养箱温度或CO2浓度异常怎么处理？', 'CO2培养箱异常排查步骤：\n1. 温度异常：\n   - 检查温度设定值是否正确（通常37℃）\n   - 检查门密封条是否完好，关门是否严密\n   - 检查水盘水位是否正常（维持箱内湿度）\n   - 检查周围环境温度是否过高或通风不良\n   - 用独立温度计校验显示温度是否准确\n2. CO2浓度异常：\n   - 检查CO2气瓶是否有气（压力表读数），减压阀输出压力是否为0.05-0.1MPa\n   - 检查CO2气管路连接是否漏气（用肥皂水检测接口）\n   - 检查红外CO2传感器是否需要校准（建议每6个月校准一次）\n   - 检查HEPA过滤器是否堵塞需要更换\n3. 通用措施：重启培养箱，让系统自检和重新校准；如仍异常，联系设备维护人员', 'CO2培养箱,温度异常,CO2浓度,气瓶,传感器,校准,故障排查', 0, 'TEXT', NULL, '[{\"stepNumber\":1,\"title\":\"检查温度设定\",\"content\":\"确认设定值37℃，门密封完好\",\"duration\":5},{\"stepNumber\":2,\"title\":\"检查水盘水位\",\"content\":\"确认水盘水位正常维持湿度\",\"duration\":3},{\"stepNumber\":3,\"title\":\"检查环境\",\"content\":\"周围环境温度和通风情况\",\"duration\":5},{\"stepNumber\":4,\"title\":\"检查CO2气瓶\",\"content\":\"气瓶压力，减压阀输出0.05-0.1MPa\",\"duration\":5},{\"stepNumber\":5,\"title\":\"检查气路密封\",\"content\":\"肥皂水检测接口是否漏气\",\"duration\":10},{\"stepNumber\":6,\"title\":\"传感器校准\",\"content\":\"红外CO2传感器每6个月校准一次\",\"duration\":30},{\"stepNumber\":7,\"title\":\"重启自检\",\"content\":\"重启培养箱，系统自检和重新校准\",\"duration\":15}]', 8, 602, 1, '2026-04-24 01:50:07', '2026-04-24 01:50:07', 0);
INSERT INTO `knowledge_base` VALUES (30, '故障排查', NULL, 'HPLC基线漂移或噪声过大怎么处理？', 'HPLC基线问题排查步骤：\n1. 基线漂移：\n   - 检查流动相是否充分脱气（重新超声脱气15-20分钟）\n   - 检查柱温是否稳定（柱温波动会导致基线漂移）\n   - 检查流动相比例是否变化（梯度洗脱时属正常现象）\n   - 检查检测器流通池是否有气泡（用流动相冲洗排气）\n   - 检查色谱柱是否污染（用强溶剂冲洗再生）\n2. 基线噪声过大：\n   - 检查检测器灯源是否老化（氘灯寿命约2000小时，需更换）\n   - 检查流动相纯度（使用色谱纯试剂）\n   - 检查系统是否有漏液（检查各接头）\n   - 检查泵脉动（是否需要更换密封圈）\n   - 检查电气干扰（确保仪器良好接地）\n3. 预防措施：定期维护检测器，更换在线过滤器，使用保护柱', 'HPLC,基线漂移,噪声,脱气,检测器,色谱柱,故障排查,液相色谱', 0, 'TEXT', NULL, '[{\"stepNumber\":1,\"title\":\"检查流动相脱气\",\"content\":\"重新超声脱气15-20分钟\",\"duration\":25},{\"stepNumber\":2,\"title\":\"检查柱温\",\"content\":\"确认柱温箱温度稳定\",\"duration\":5},{\"stepNumber\":3,\"title\":\"检查流通池气泡\",\"content\":\"用流动相冲洗排气\",\"duration\":10},{\"stepNumber\":4,\"title\":\"检查检测器灯源\",\"content\":\"氘灯寿命约2000小时，老化需更换\",\"duration\":10},{\"stepNumber\":5,\"title\":\"检查流动相纯度\",\"content\":\"使用色谱纯试剂和超纯水\",\"duration\":5},{\"stepNumber\":6,\"title\":\"检查系统漏液\",\"content\":\"检查各接头和管路\",\"duration\":10},{\"stepNumber\":7,\"title\":\"检查电气干扰\",\"content\":\"确保仪器良好接地\",\"duration\":5}]', 12, 603, 1, '2026-04-24 01:50:07', '2026-04-24 01:50:07', 0);
INSERT INTO `knowledge_base` VALUES (31, '故障排查', NULL, '分析天平读数不稳定怎么排查？', '分析天平读数不稳定排查步骤：\n1. 环境因素：\n   - 检查天平是否放在防震台上，远离空调出风口和门窗\n   - 检查室内温度是否剧烈变化（温差<2℃/小时）\n   - 检查室内湿度是否合适（相对湿度45-60%）\n2. 操作因素：\n   - 确认天平预热时间充足（至少30分钟）\n   - 确认称量容器温度与天平室一致（烘干的器皿需冷却后称量）\n   - 确认称量时关闭天平门，避免气流影响\n   - 避免手直接接触称量器皿（使用手套或镊子）\n3. 仪器因素：\n   - 执行校准操作（内校或外校砝码校准）\n   - 检查称量盘是否清洁，有无异物\n   - 检查防风罩是否完好\n4. 静电干扰：干燥季节易产生静电，使用静电消除器或增加室内湿度', '天平,读数不稳定,校准,防震,静电,称量,故障排查', 0, 'TEXT', NULL, '[{\"stepNumber\":1,\"title\":\"检查环境\",\"content\":\"防震台、远离空调、温湿度适宜\",\"duration\":10},{\"stepNumber\":2,\"title\":\"检查预热\",\"content\":\"预热至少30分钟\",\"duration\":30},{\"stepNumber\":3,\"title\":\"检查操作\",\"content\":\"关门称量，戴手套，器皿恒温\",\"duration\":5},{\"stepNumber\":4,\"title\":\"执行校准\",\"content\":\"内校或外校砝码校准\",\"duration\":10},{\"stepNumber\":5,\"title\":\"检查称量盘\",\"content\":\"清洁称量盘和防风罩\",\"duration\":5},{\"stepNumber\":6,\"title\":\"消除静电\",\"content\":\"使用静电消除器或增加湿度\",\"duration\":5}]', 8, 604, 1, '2026-04-24 01:50:07', '2026-04-24 01:50:07', 0);
INSERT INTO `knowledge_base` VALUES (32, '故障排查', NULL, 'PCR扩增没有条带或条带弱怎么排查？', 'PCR扩增失败排查步骤：\n1. 无条带：\n   - 检查模板DNA质量（跑凝胶看是否降解，OD260/280应在1.8-2.0）\n   - 检查引物是否正确（序列、方向、浓度），重新设计或更换引物\n   - 优化退火温度（梯度PCR测试54-68℃范围）\n   - 检查Taq酶活性（阳性对照验证）\n   - 检查dNTP和Buffer是否过期\n2. 条带弱：\n   - 增加模板量（10-100ng→100-500ng）\n   - 增加循环数（30→35，但不超过40）\n   - 降低退火温度（降低2-5℃）\n   - 延长延伸时间（1min/kb→1.5min/kb）\n3. 非特异性条带：\n   - 提高退火温度\n   - 减少模板量\n   - 使用热启动Taq酶\n   - 优化Mg²⁺浓度（1.5-3.0mM）', 'PCR,无条带,扩增失败,引物,退火温度,Taq酶,模板DNA,非特异性', 0, 'TEXT', NULL, '[{\"stepNumber\":1,\"title\":\"检查模板质量\",\"content\":\"凝胶检查DNA完整性，OD260/280=1.8-2.0\",\"duration\":15},{\"stepNumber\":2,\"title\":\"检查引物\",\"content\":\"确认序列方向浓度正确\",\"duration\":10},{\"stepNumber\":3,\"title\":\"优化退火温度\",\"content\":\"梯度PCR测试54-68℃\",\"duration\":120},{\"stepNumber\":4,\"title\":\"验证酶活性\",\"content\":\"阳性对照验证Taq酶\",\"duration\":120},{\"stepNumber\":5,\"title\":\"调整循环数\",\"content\":\"增加至35循环，不超过40\",\"duration\":5},{\"stepNumber\":6,\"title\":\"优化Mg²⁺浓度\",\"content\":\"测试1.5-3.0mM范围\",\"duration\":120}]', 10, 605, 1, '2026-04-24 01:50:07', '2026-04-24 01:50:07', 0);
INSERT INTO `knowledge_base` VALUES (33, '故障排查', NULL, '干燥箱温度达不到设定值怎么办？', '干燥箱温度异常排查步骤：\n1. 检查设定值：确认温度设定值是否正确，是否超出设备量程范围\n2. 检查加热元件：\n   - 用万用表测量加热丝电阻，判断是否断路\n   - 检查固态继电器（SSR）是否正常工作\n3. 检查传感器：\n   - PT100温度传感器是否准确（用标准温度计对比）\n   - 传感器接线是否松动或氧化\n4. 检查密封性：箱门密封条是否老化变形，关门后有无缝隙漏热\n5. 检查通风：排气孔是否被堵塞，鼓风机是否正常运转\n6. 检查PID参数：温度控制器PID参数是否需要重新自整定\n7. 环境因素：环境温度过低或通风散热不良可能影响升温速度', '干燥箱,温度异常,加热元件,传感器,PID,密封,故障排查', 0, 'TEXT', NULL, '[{\"stepNumber\":1,\"title\":\"检查设定值\",\"content\":\"确认温度设定正确，未超量程\",\"duration\":2},{\"stepNumber\":2,\"title\":\"检查加热元件\",\"content\":\"万用表测加热丝电阻，检查SSR\",\"duration\":15},{\"stepNumber\":3,\"title\":\"检查传感器\",\"content\":\"PT100对比标准温度计\",\"duration\":10},{\"stepNumber\":4,\"title\":\"检查密封性\",\"content\":\"密封条是否老化，有无漏热\",\"duration\":5},{\"stepNumber\":5,\"title\":\"检查通风\",\"content\":\"排气孔和鼓风机是否正常\",\"duration\":5},{\"stepNumber\":6,\"title\":\"PID自整定\",\"content\":\"温度控制器PID参数重新自整定\",\"duration\":30}]', 6, 606, 1, '2026-04-24 01:50:07', '2026-04-24 01:50:07', 0);
INSERT INTO `knowledge_base` VALUES (34, '故障排查', NULL, '示波器无法显示波形怎么排查？', '示波器无波形显示排查步骤：\n1. 检查信号连接：确认探头BNC接头是否插紧，探头接地夹是否连接到电路地\n2. 检查探头补偿：探头补偿电容是否调节正确（方波顶部平直无过冲/欠冲）\n3. 检查通道设置：\n   - 确认通道是否打开（CH1/CH2按钮亮起）\n   - 检查垂直刻度（V/div）是否设置过大导致波形太小看不见\n   - 检查水平刻度（S/div）是否设置不当\n   - 检查触发电平是否在信号范围内\n4. 按Auto键：让示波器自动设置参数，确认信号是否正常\n5. 检查耦合方式：确认不是设置在GND耦合模式（应设为DC或AC）\n6. 检查信号源：用万用表确认被测点确实有信号输出\n7. 检查探头：更换已知好的探头测试，排除探头损坏', '示波器,无波形,探头,触发,通道,补偿,故障排查', 0, 'TEXT', NULL, '[{\"stepNumber\":1,\"title\":\"检查信号连接\",\"content\":\"BNC接头插紧，接地夹连接\",\"duration\":3},{\"stepNumber\":2,\"title\":\"检查探头补偿\",\"content\":\"调节补偿电容，方波顶部平直\",\"duration\":5},{\"stepNumber\":3,\"title\":\"检查通道设置\",\"content\":\"通道打开，V/div和S/div适当\",\"duration\":5},{\"stepNumber\":4,\"title\":\"按Auto键\",\"content\":\"自动设置参数确认信号\",\"duration\":3},{\"stepNumber\":5,\"title\":\"检查耦合方式\",\"content\":\"确认不是GND模式\",\"duration\":2},{\"stepNumber\":6,\"title\":\"检查信号源\",\"content\":\"万用表确认被测点有信号\",\"duration\":5},{\"stepNumber\":7,\"title\":\"更换探头\",\"content\":\"排除探头损坏\",\"duration\":5}]', 8, 607, 1, '2026-04-24 01:50:07', '2026-04-24 01:50:07', 0);
INSERT INTO `knowledge_base` VALUES (35, '故障排查', NULL, '设备漏电怎么处理？', '⚠️ 安全警告：设备漏电属于紧急危险情况！\n\n漏电处理步骤：\n1. 立即断电：不要触碰设备金属外壳！先断开电源插头或拉下空气开关\n2. 人员安全：如有人触电，切勿直接拉拽！用干燥木棒或绝缘物将人与电源分离，拨打120急救\n3. 标识警示：在设备上张贴\"漏电危险 禁止使用\"标识，通知实验室管理人员\n4. 排查原因：\n   - 检查电源线绝缘层是否破损老化\n   - 检查设备内部是否有液体泼洒导致短路\n   - 检查接地线是否断开或接触不良\n   - 检查插头插座是否进水或氧化\n5. 绝缘测试：用兆欧表（绝缘电阻测试仪）测量设备绝缘电阻，应≥2MΩ\n6. 维修确认：由专业维修人员修复后，再次测量绝缘电阻合格方可重新使用\n\n⚠️ 严禁带电操作！严禁用水灭火！严禁私自拆修！', '漏电,触电,安全,断电,绝缘,接地,紧急,危险', 1, 'TEXT', NULL, '[{\"stepNumber\":1,\"title\":\"立即断电\",\"content\":\"不要触碰设备！断开电源插头或空气开关\",\"duration\":1},{\"stepNumber\":2,\"title\":\"人员安全\",\"content\":\"用绝缘物分离触电者，拨打120\",\"duration\":2},{\"stepNumber\":3,\"title\":\"标识警示\",\"content\":\"张贴危险标识，通知管理人员\",\"duration\":3},{\"stepNumber\":4,\"title\":\"排查原因\",\"content\":\"检查电源线、液体泼洒、接地线\",\"duration\":15},{\"stepNumber\":5,\"title\":\"绝缘测试\",\"content\":\"兆欧表测量绝缘电阻≥2MΩ\",\"duration\":10},{\"stepNumber\":6,\"title\":\"维修确认\",\"content\":\"专业维修后复测合格方可使用\",\"duration\":60}]', 15, 608, 1, '2026-04-24 01:50:07', '2026-04-24 01:50:07', 0);
INSERT INTO `knowledge_base` VALUES (36, '故障排查', NULL, '分光光度计读数异常怎么排查？', '分光光度计读数异常排查步骤：\n1. 无法调零/调百：\n   - 检查光源灯是否点亮（可见光钨灯/紫外氘灯），灯丝是否老化发黑\n   - 检查比色皿是否配对（同一批次石英/玻璃比色皿）\n   - 检查比色皿是否清洁无指纹和残留液\n   - 检查样品室盖是否关紧，有无漏光\n2. 读数不稳定：\n   - 检查电源电压是否稳定（建议使用稳压电源）\n   - 检查环境是否有强振动源\n   - 检查比色皿中是否有气泡\n   - 预热时间是否充足（至少30分钟）\n3. 线性不好：\n   - 检查浓度范围是否在朗伯-比尔定律线性范围内\n   - 检查比色皿光程是否准确\n   - 检查狭缝宽度设置是否合适\n4. 波长不准：用镨钕滤光片或汞灯特征峰校验波长精度', '分光光度计,读数异常,调零,光源,比色皿,波长校准,故障排查', 0, 'TEXT', NULL, '[{\"stepNumber\":1,\"title\":\"检查光源\",\"content\":\"灯是否点亮，灯丝是否老化\",\"duration\":5},{\"stepNumber\":2,\"title\":\"检查比色皿\",\"content\":\"配对比色皿，清洁无指纹\",\"duration\":5},{\"stepNumber\":3,\"title\":\"检查样品室\",\"content\":\"盖是否关紧，有无漏光\",\"duration\":3},{\"stepNumber\":4,\"title\":\"检查电源环境\",\"content\":\"电压稳定，无振动源\",\"duration\":5},{\"stepNumber\":5,\"title\":\"检查预热\",\"content\":\"预热至少30分钟\",\"duration\":30},{\"stepNumber\":6,\"title\":\"波长校验\",\"content\":\"用镨钕滤光片校验波长精度\",\"duration\":15}]', 8, 609, 1, '2026-04-24 01:50:07', '2026-04-24 01:50:07', 0);
INSERT INTO `knowledge_base` VALUES (37, '安全规范', NULL, '实验室通用安全规范有哪些？', '实验室通用安全规范：\n1. 个人防护：进入实验室必须穿实验服、佩戴护目镜；长发须扎起；禁止穿拖鞋凉鞋；禁止佩戴隐形眼镜（化学品溅入时更危险）\n2. 化学品安全：\n   - 使用前阅读SDS（安全数据表），了解化学品危害和应急措施\n   - 易挥发、有毒化学品必须在通风橱内操作\n   - 严禁口吸移液管，必须使用洗耳球或移液器\n   - 化学品按相容性分类存放，酸碱分开，氧化剂与还原剂分开\n3. 电气安全：\n   - 湿手不触碰电器开关和插头\n   - 不私拉乱接电线，不超负荷使用插座\n   - 大功率设备使用独立回路和接地保护\n4. 紧急处理：\n   - 熟悉实验室紧急出口、灭火器、洗眼器、紧急喷淋位置\n   - 化学品溅入眼睛立即用洗眼器冲洗15分钟\n   - 发生火灾先报警再灭火，小火用灭火器，大火立即撤离\n5. 废弃物处理：分类收集，含重金属废液、有机废液、生物废料分别收集处理', '安全规范,实验室安全,个人防护,化学品,电气安全,紧急处理,废弃物', 0, 'TEXT', NULL, '[{\"stepNumber\":1,\"title\":\"个人防护\",\"content\":\"实验服、护目镜、扎发、禁止拖鞋\"},{\"stepNumber\":2,\"title\":\"化学品安全\",\"content\":\"阅读SDS，通风橱操作，分类存放\"},{\"stepNumber\":3,\"title\":\"电气安全\",\"content\":\"湿手不触电，不私拉电线，接地保护\"},{\"stepNumber\":4,\"title\":\"紧急处理\",\"content\":\"熟悉安全设施位置，化学品溅眼冲洗15分钟\"},{\"stepNumber\":5,\"title\":\"废弃物处理\",\"content\":\"分类收集，分别处理\"}]', 20, 700, 1, '2026-04-24 01:50:07', '2026-04-24 01:50:07', 0);
INSERT INTO `knowledge_base` VALUES (38, '安全规范', NULL, '化学品泄漏的应急处理流程？', '⚠️ 化学品泄漏应急处理流程：\n1. 评估危险：判断泄漏化学品种类、数量和危险程度，小量泄漏可自行处理，大量或有毒泄漏立即撤离并报警\n2. 个人防护：处理泄漏前必须佩戴适当PPE（防化手套、护目镜、防护面罩、防化服）\n3. 控制泄漏源：关闭阀门、扶正倒伏容器、用吸附棉围堵防止扩散\n4. 酸类泄漏：用沙土或碳酸氢钠覆盖中和，收集后作为危险废物处理\n5. 碱类泄漏：用沙土覆盖，用稀醋酸中和后收集处理\n6. 有机溶剂泄漏：用吸附棉或蛭石吸附，避免明火（多数有机溶剂易燃），收集至密封容器\n7. 通风处理：打开通风系统和窗户，人员撤离至安全区域等待空气置换\n8. 报告记录：填写事故报告，记录泄漏化学品、时间、处理措施和人员暴露情况\n\n⚠️ 不确定如何处理时，立即撤离并拨打校园报警电话！', '化学品泄漏,应急,酸碱,有机溶剂,吸附,中和,危险,安全', 1, 'TEXT', NULL, '[{\"stepNumber\":1,\"title\":\"评估危险\",\"content\":\"判断化学品种类和危险程度\"},{\"stepNumber\":2,\"title\":\"个人防护\",\"content\":\"佩戴防化手套、护目镜、面罩\"},{\"stepNumber\":3,\"title\":\"控制泄漏源\",\"content\":\"关闭阀门，围堵防止扩散\"},{\"stepNumber\":4,\"title\":\"酸类处理\",\"content\":\"碳酸氢钠覆盖中和\"},{\"stepNumber\":5,\"title\":\"碱类处理\",\"content\":\"稀醋酸中和后收集\"},{\"stepNumber\":6,\"title\":\"有机溶剂处理\",\"content\":\"吸附棉吸附，避免明火\"},{\"stepNumber\":7,\"title\":\"通风处理\",\"content\":\"打开通风系统，人员撤离\"},{\"stepNumber\":8,\"title\":\"报告记录\",\"content\":\"填写事故报告\"}]', 15, 701, 1, '2026-04-24 01:50:07', '2026-04-24 01:50:07', 0);
INSERT INTO `knowledge_base` VALUES (39, '安全规范', NULL, '高压灭菌锅的安全操作规范？', '⚠️ 高压灭菌锅安全操作规范：\n1. 操作前检查：\n   - 检查安全阀是否灵活，压力表是否在零位\n   - 检查密封圈是否完好，锅门关闭是否严密\n   - 确认锅内加水至规定水位线\n2. 装载规范：\n   - 物品不要堆放过密，留出蒸汽流通空间\n   - 液体容器装量不超过2/3，瓶口不要密封（用棉塞或松盖）\n   - 禁止灭菌易燃易爆物品和腐蚀性化学品\n3. 操作流程：\n   - 关门确认密封→设定温度121℃和时间20min→启动加热→排冷气→升压→灭菌→自然冷却降压→压力归零后开盖\n4. ⚠️ 严禁事项：\n   - 严禁在压力未归零时强行开盖（可能导致爆炸！）\n   - 严禁超温超压运行\n   - 严禁无人值守运行\n   - 严禁私自改装安全阀\n5. 维护保养：每周检查密封圈，每月检查安全阀，每年校验压力表', '高压灭菌锅,灭菌,安全操作,压力,安全阀,121℃,危险', 1, 'TEXT', NULL, '[{\"stepNumber\":1,\"title\":\"操作前检查\",\"content\":\"安全阀、压力表、密封圈、水位\"},{\"stepNumber\":2,\"title\":\"装载规范\",\"content\":\"留蒸汽空间，液体不超2/3，松盖\"},{\"stepNumber\":3,\"title\":\"操作流程\",\"content\":\"关门→设定→排冷气→升压→灭菌→冷却→开盖\"},{\"stepNumber\":4,\"title\":\"严禁事项\",\"content\":\"压力未归零禁开盖！禁超温超压！禁无人值守！\"},{\"stepNumber\":5,\"title\":\"维护保养\",\"content\":\"每周密封圈，每月安全阀，每年压力表\"}]', 12, 702, 1, '2026-04-24 01:50:07', '2026-04-24 01:50:07', 0);
INSERT INTO `knowledge_base` VALUES (40, '安全规范', NULL, '离心机安全操作规范有哪些？', '⚠️ 离心机安全操作规范：\n1. 使用前检查：确认转子无裂纹、无腐蚀，离心管完好无损\n2. 严格配平：对称位置的离心管重量必须相等（差异<0.1g），液体体积一致\n3. 选择合适转子：根据转速和样品量选择合适转子，不超过转子最大转速\n4. 超速离心机必须使用专用离心管，普通离心管在高速下可能破裂\n5. 运行中：\n   - 盖紧转子盖和机盖\n   - 从低速逐步升速，观察有无异常振动\n   - 有异常振动或异响立即停止\n   - 运行中不得强行开盖\n6. 使用后：\n   - 等待转子完全停止再开盖\n   - 取出离心管后清洁转子，擦干水分\n   - 转子定期检查和更换（按厂家建议的使用寿命）\n7. ⚠️ 危险操作警告：\n   - 禁止不平衡运行！可能导致转子飞出\n   - 禁止超速运行！可能导致转子破裂\n   - 禁止在转子未停止时开盖！', '离心机,安全操作,配平,转子,平衡,超速,危险', 1, 'TEXT', NULL, '[{\"stepNumber\":1,\"title\":\"使用前检查\",\"content\":\"转子无裂纹，离心管完好\"},{\"stepNumber\":2,\"title\":\"严格配平\",\"content\":\"对称位置重量差<0.1g\"},{\"stepNumber\":3,\"title\":\"选择转子\",\"content\":\"合适转速和样品量，不超最大转速\"},{\"stepNumber\":4,\"title\":\"运行监控\",\"content\":\"盖紧盖子，逐步升速，异常即停\"},{\"stepNumber\":5,\"title\":\"使用后\",\"content\":\"等待停止再开盖，清洁擦干转子\"},{\"stepNumber\":6,\"title\":\"危险警告\",\"content\":\"禁不平衡！禁超速！禁未停开盖！\"}]', 12, 703, 1, '2026-04-24 01:50:07', '2026-04-24 01:50:07', 0);
INSERT INTO `knowledge_base` VALUES (41, '安全规范', NULL, '实验室火灾应急处理流程？', '⚠️ 实验室火灾应急处理流程：\n1. 发现火情：大声呼喊\"着火了\"，按下火灾报警按钮，拨打119报警\n2. 初期灭火（火势较小时）：\n   - 电器火灾：先断电！用CO2灭火器或干粉灭火器，严禁用水！\n   - 油类火灾：用泡沫灭火器或沙土覆盖，严禁用水！\n   - 一般火灾：用干粉灭火器或水基灭火器\n3. 灭火器使用方法（PASS法则）：\n   - P(Pull)：拔出保险销\n   - A(Aim)：对准火焰根部\n   - S(Squeeze)：压下压把\n   - S(Sweep)：左右扫射\n4. 无法控制时：\n   - 立即撤离！关闭房门阻止火势蔓延\n   - 用湿毛巾捂住口鼻，低姿沿安全通道撤离\n   - 不乘坐电梯，不返回取物\n5. 集合点名：到达安全集合点后清点人数，报告失踪人员\n6. 协助救援：向消防人员提供实验室化学品存放信息和建筑布局', '火灾,灭火器,应急,撤离,报警,电器火灾,油类火灾,安全', 1, 'TEXT', NULL, '[{\"stepNumber\":1,\"title\":\"发现火情\",\"content\":\"大声呼喊，按报警器，拨打119\"},{\"stepNumber\":2,\"title\":\"初期灭火\",\"content\":\"电器断电用CO2，油类用泡沫，严禁用水\"},{\"stepNumber\":3,\"title\":\"灭火器使用\",\"content\":\"PASS法则：拔销→瞄准→压把→扫射\"},{\"stepNumber\":4,\"title\":\"紧急撤离\",\"content\":\"湿毛巾捂口鼻，低姿沿通道撤离\"},{\"stepNumber\":5,\"title\":\"集合点名\",\"content\":\"安全点清点人数，报告失踪人员\"},{\"stepNumber\":6,\"title\":\"协助救援\",\"content\":\"提供化学品信息和建筑布局\"}]', 18, 704, 1, '2026-04-24 01:50:07', '2026-04-24 01:50:07', 0);
INSERT INTO `knowledge_base` VALUES (42, '安全规范', NULL, '有毒化学品的安全使用规范？', '⚠️ 有毒化学品安全使用规范：\n1. 使用前准备：\n   - 阅读SDS了解毒性、暴露限值和急救措施\n   - 在通风橱内操作，确保面风速0.4-0.6m/s\n   - 佩戴适当PPE：防化手套（丁腈/氯丁橡胶）、护目镜、防护面罩\n2. 剧毒化学品（如氰化物、汞化合物）：\n   - 双人双锁管理，使用需审批登记\n   - 操作时必须有第二人在场监护\n   - 备有专用解毒剂（如氰化物备亚硝酸异戊酯）\n3. 操作规范：\n   - 严禁口吸移液，使用移液器或注射器\n   - 称量时使用密闭容器或手套箱\n   - 操作完毕立即洗手，脱下手套后再次洗手\n4. 应急处理：\n   - 皮肤接触：立即脱去污染衣物，大量清水冲洗15分钟以上\n   - 吸入：转移至空气新鲜处，如呼吸困难立即就医\n   - 误食：不要催吐（腐蚀性化学品），立即就医并携带SDS\n5. 废弃处理：含毒废液单独收集，交由有资质的危废处理单位处置', '有毒化学品,安全,通风橱,SDS,剧毒,防护,解毒,应急', 1, 'TEXT', NULL, '[{\"stepNumber\":1,\"title\":\"使用前准备\",\"content\":\"阅读SDS，通风橱操作，佩戴PPE\"},{\"stepNumber\":2,\"title\":\"剧毒管理\",\"content\":\"双人双锁，操作时监护人在场\"},{\"stepNumber\":3,\"title\":\"操作规范\",\"content\":\"禁口吸，密闭称量，操作后洗手\"},{\"stepNumber\":4,\"title\":\"应急-皮肤接触\",\"content\":\"脱去衣物，清水冲洗15分钟\"},{\"stepNumber\":5,\"title\":\"应急-吸入\",\"content\":\"转移至新鲜空气处，呼吸困难就医\"},{\"stepNumber\":6,\"title\":\"废弃处理\",\"content\":\"单独收集，交危废处理单位\"}]', 12, 705, 1, '2026-04-24 01:50:07', '2026-04-24 01:50:07', 0);
INSERT INTO `knowledge_base` VALUES (43, '安全规范', NULL, '生物安全实验室操作规范？', '生物安全实验室操作规范：\n1. 进入要求：穿专用实验服、戴手套、护目镜；长发扎起；禁止穿露趾鞋；个人物品不得带入实验区\n2. 生物安全柜使用：\n   - 开机运行5分钟后方可操作\n   - 工作面风速0.36-0.54m/s\n   - 前窗开启高度不超过安全线（通常18-20cm）\n   - 柜内物品摆放不超过总面积的50%\n   - 操作区域在安全柜内至少10cm处\n3. 微生物操作规范：\n   - 所有操作尽量在生物安全柜内完成\n   - 减少气溶胶产生（避免剧烈振荡、快速移液）\n   - 污染的器具和材料需高压灭菌后再清洗或丢弃\n4. 意外暴露处理：\n   - 针刺伤：立即挤血、冲洗、消毒，报告并就医\n   - 溢洒：覆盖消毒纸巾，倾倒消毒液（含氯消毒液），30分钟后清理\n5. 废弃物处理：\n   - 锐器放入专用锐器盒\n   - 生物废料高压灭菌后按医疗废物处理\n   - 实验服单独清洗，不与日常衣物混洗', '生物安全,安全柜,微生物,气溶胶,针刺伤,消毒,废弃物', 0, 'TEXT', NULL, '[{\"stepNumber\":1,\"title\":\"进入要求\",\"content\":\"实验服、手套、护目镜，禁止露趾鞋\"},{\"stepNumber\":2,\"title\":\"安全柜使用\",\"content\":\"运行5分钟后操作，前窗不超过安全线\"},{\"stepNumber\":3,\"title\":\"微生物操作\",\"content\":\"安全柜内操作，减少气溶胶产生\"},{\"stepNumber\":4,\"title\":\"意外暴露\",\"content\":\"针刺伤挤血冲洗消毒，溢洒消毒液覆盖\"},{\"stepNumber\":5,\"title\":\"废弃物处理\",\"content\":\"锐器盒、高压灭菌、实验服单独清洗\"}]', 10, 706, 1, '2026-04-24 01:50:07', '2026-04-24 01:50:07', 0);
INSERT INTO `knowledge_base` VALUES (44, '安全规范', NULL, '放射性实验的安全防护规范？', '⚠️ 放射性实验安全防护规范：\n1. 基本原则：时间防护（缩短接触时间）、距离防护（增大与源的距离）、屏蔽防护（使用铅板/铅玻璃）\n2. 进入要求：\n   - 佩戴个人剂量计，定期读取记录\n   - 穿专用防护服，戴防护手套和防护眼镜\n   - 在指定区域操作，禁止在放射区饮食、化妆\n3. 操作规范：\n   - 使用长柄工具操作放射源，避免直接接触\n   - 操作前检查工作区域是否有污染（用表面污染仪检测）\n   - 操作后进行全身污染检测\n4. 应急处理：\n   - 放射源泄漏：立即撤离，封锁区域，通知辐射安全负责人\n   - 人员污染：脱去污染衣物，用大量清水冲洗，不要擦伤皮肤\n5. 废弃处理：放射性废物按半衰期分类收集，由专业机构回收处理', '放射性,辐射防护,剂量计,屏蔽,铅板,污染检测,应急', 1, 'TEXT', NULL, '[{\"stepNumber\":1,\"title\":\"防护原则\",\"content\":\"时间、距离、屏蔽三大防护原则\"},{\"stepNumber\":2,\"title\":\"进入要求\",\"content\":\"佩戴剂量计，穿防护服，禁止饮食\"},{\"stepNumber\":3,\"title\":\"操作规范\",\"content\":\"长柄工具，操作前后污染检测\"},{\"stepNumber\":4,\"title\":\"应急-泄漏\",\"content\":\"立即撤离，封锁区域，通知负责人\"},{\"stepNumber\":5,\"title\":\"应急-人员污染\",\"content\":\"脱去衣物，大量清水冲洗\"},{\"stepNumber\":6,\"title\":\"废弃处理\",\"content\":\"按半衰期分类，专业机构回收\"}]', 8, 707, 1, '2026-04-24 01:50:07', '2026-04-24 01:50:07', 0);
INSERT INTO `knowledge_base` VALUES (45, '安全规范', NULL, '实验室紧急洗眼器和喷淋装置使用规范？', '紧急洗眼器和喷淋装置使用规范：\n1. 位置要求：安装在实验室出口附近，到达时间不超过10秒步行距离，通道无障碍物\n2. 洗眼器使用：\n   - 化学品溅入眼睛时立即使用\n   - 推开洗眼器盖板，水自动流出\n   - 用手撑开眼睑，眼球转动，冲洗至少15分钟\n   - 冲洗时避免污染水流到另一只眼\n   - 冲洗后立即就医，携带化学品SDS\n3. 紧急喷淋使用：\n   - 大面积化学品沾染时立即使用\n   - 拉下喷淋拉杆，站在水流下\n   - 脱去污染衣物（边冲边脱）\n   - 冲洗至少15分钟\n   - 冲洗后就医\n4. 日常维护：\n   - 每周放水测试1次（检查水压和水质）\n   - 每年全面检测1次\n   - 保持周围无障碍物\n   - 冬季防冻保护', '洗眼器,喷淋,化学品溅入,冲洗,应急,安全设施,维护', 0, 'TEXT', NULL, '[{\"stepNumber\":1,\"title\":\"位置要求\",\"content\":\"10秒内到达，通道无障碍\"},{\"stepNumber\":2,\"title\":\"洗眼器使用\",\"content\":\"撑开眼睑冲洗至少15分钟，冲洗后就医\"},{\"stepNumber\":3,\"title\":\"紧急喷淋\",\"content\":\"拉下拉杆，边冲边脱衣物，冲洗15分钟\"},{\"stepNumber\":4,\"title\":\"日常维护\",\"content\":\"每周放水测试，每年全面检测\"}]', 8, 708, 1, '2026-04-24 01:50:07', '2026-04-24 01:50:07', 0);
INSERT INTO `knowledge_base` VALUES (46, '安全规范', NULL, '易燃易爆化学品的存储和使用规范？', '⚠️ 易燃易爆化学品存储使用规范：\n1. 存储规范：\n   - 存放在专用防爆柜中，柜体接地防静电\n   - 易燃液体总量不超过实验室允许的最大存储量\n   - 远离热源、明火和电气设备\n   - 与氧化剂、强酸等分开存放\n   - 保持良好通风，温度不超过30℃\n2. 使用规范：\n   - 使用前检查容器是否完好，标签是否清晰\n   - 在通风橱内操作，远离明火和热源\n   - 使用防爆冰箱存储需冷藏的易燃液体\n   - 取用后立即盖紧瓶盖\n   - 禁止用明火直接加热易燃液体，使用水浴或油浴\n3. 应急处理：\n   - 小面积着火：用灭火毯覆盖或干粉灭火器\n   - 大面积着火：立即撤离并报警\n   - 泄漏：用吸附棉吸附，保持通风，严禁明火\n4. 常见易燃品：乙醚（闪点-45℃）、丙酮（闪点-20℃）、甲醇、乙醇、甲苯等', '易燃易爆,防爆柜,化学品存储,通风橱,灭火毯,闪点,危险', 1, 'TEXT', NULL, '[{\"stepNumber\":1,\"title\":\"存储规范\",\"content\":\"防爆柜存放，接地防静电，远离热源\"},{\"stepNumber\":2,\"title\":\"使用规范\",\"content\":\"通风橱操作，远离明火，用后盖紧\"},{\"stepNumber\":3,\"title\":\"加热规范\",\"content\":\"禁明火直接加热，使用水浴或油浴\"},{\"stepNumber\":4,\"title\":\"应急-着火\",\"content\":\"小火用灭火毯，大火撤离报警\"},{\"stepNumber\":5,\"title\":\"应急-泄漏\",\"content\":\"吸附棉吸附，保持通风，严禁明火\"}]', 10, 709, 1, '2026-04-24 01:50:07', '2026-04-24 01:50:07', 0);
INSERT INTO `knowledge_base` VALUES (47, '安全规范', NULL, '可以不戴手套操作化学试剂吗？', '⚠️ 安全警告：严禁不戴手套操作化学试剂！\n\n操作化学试剂必须佩戴防护手套，原因如下：\n1. 皮肤吸收：许多化学试剂可通过皮肤渗透进入体内，如苯、苯胺、有机磷等，即使少量也可能导致中毒\n2. 腐蚀伤害：强酸（硫酸、盐酸、硝酸）和强碱（氢氧化钠）可在数秒内造成皮肤严重灼伤\n3. 过敏反应：部分化学品可引起接触性皮炎或过敏反应\n4. 手套选择：\n   - 一般化学品：丁腈手套（耐大部分有机溶剂）\n   - 强腐蚀性：氯丁橡胶手套或丁基橡胶手套\n   - 剧毒化学品：双层手套（内层丁腈+外层氯丁）\n5. 手套使用注意：\n   - 使用前检查有无破损穿孔\n   - 接触不同化学品需更换手套\n   - 脱手套时由内向外翻卷，避免接触污染面\n   - 一次性手套不可重复使用', '手套,化学试剂,防护,皮肤吸收,腐蚀,丁腈手套,安全,禁止', 1, 'TEXT', NULL, NULL, 8, 710, 1, '2026-04-24 01:50:07', '2026-04-24 01:50:07', 0);
INSERT INTO `knowledge_base` VALUES (48, '安全规范', NULL, '实验室废液如何正确处理？', '实验室废液正确处理规范：\n1. 分类收集（严禁混合！）：\n   - 含重金属废液（含汞、铬、铅、镉等）：单独收集，贴\"含重金属废液\"标签\n   - 有机废液（含卤代烃、非卤代烃）：分开收集，贴\"有机废液\"标签\n   - 酸性废液：收集至专用酸液桶\n   - 碱性废液：收集至专用碱液桶\n   - 含氰废液：单独收集，调pH>10防止产生HCN气体\n   - 生物废液：高压灭菌后处理\n2. 收集容器要求：\n   - 使用专用废液桶，材质与废液相容\n   - 桶内废液不超过容器容积的3/4\n   - 贴标签注明：废液成分、收集人、收集日期\n3. ⚠️ 严禁事项：\n   - 严禁将不同类别废液混合（可能发生剧烈反应！）\n   - 严禁直接倒入下水道\n   - 严禁在实验室外随意倾倒\n4. 处置流程：收集满后联系有资质的危废处理单位统一回收处置', '废液,废弃物,分类收集,重金属,有机废液,危险废物,环保', 0, 'TEXT', NULL, '[{\"stepNumber\":1,\"title\":\"分类收集\",\"content\":\"重金属、有机、酸、碱、含氰分别收集\"},{\"stepNumber\":2,\"title\":\"容器要求\",\"content\":\"专用废液桶，不超3/4，贴标签\"},{\"stepNumber\":3,\"title\":\"严禁混合\",\"content\":\"不同类别废液严禁混合！\"},{\"stepNumber\":4,\"title\":\"处置流程\",\"content\":\"联系有资质危废处理单位回收\"}]', 10, 711, 1, '2026-04-24 01:50:07', '2026-04-24 01:50:07', 0);
INSERT INTO `knowledge_base` VALUES (49, '常见问题', NULL, '如何预约实验室设备？', '设备预约操作步骤：\n1. 登录系统：使用学号/工号和密码登录实验室预约管理系统\n2. 选择设备：在设备列表中浏览或搜索需要的设备，点击设备查看详情和可用时间段\n3. 提交预约：\n   - 选择预约日期和时间段（开始时间-结束时间）\n   - 填写实验项目名称和预约事由\n   - 填写参与人数\n   - 确认提交\n4. 等待审核：提交后状态为\"待审核\"，实验室管理员会在1个工作日内审核\n5. 审核结果：\n   - 通过：收到通知，按预约时间使用设备\n   - 拒绝：查看拒绝原因，修改后可重新提交\n6. 使用设备：按预约时间到达实验室，签到使用\n7. 完成确认：使用完毕后在系统中确认完成\n\n注意事项：\n- 需提前24小时预约\n- 单次预约不超过8小时\n- 如需取消，至少提前2小时操作\n- 连续3次爽约将限制预约权限7天', '预约,设备预约,审核,时间段,预约流程,常见问题', 0, 'TEXT', NULL, '[{\"stepNumber\":1,\"title\":\"登录系统\",\"content\":\"使用学号/工号登录\"},{\"stepNumber\":2,\"title\":\"选择设备\",\"content\":\"浏览搜索设备，查看可用时段\"},{\"stepNumber\":3,\"title\":\"提交预约\",\"content\":\"选择日期时段，填写项目信息\"},{\"stepNumber\":4,\"title\":\"等待审核\",\"content\":\"管理员1个工作日内审核\"},{\"stepNumber\":5,\"title\":\"使用设备\",\"content\":\"按预约时间到达签到使用\"},{\"stepNumber\":6,\"title\":\"完成确认\",\"content\":\"使用完毕确认完成\"}]', 15, 800, 1, '2026-04-24 01:50:07', '2026-04-24 01:50:07', 0);
INSERT INTO `knowledge_base` VALUES (50, '常见问题', NULL, '设备预约时间冲突怎么办？', '预约时间冲突解决方案：\n1. 查看冲突原因：系统提示时间冲突表示该设备在您选择的时间段内已有其他预约\n2. 解决方法：\n   - 更换时间段：查看设备可用时间段，选择其他空闲时段预约\n   - 缩短预约时间：缩短使用时长，避开已预约时段\n   - 更换日期：选择其他日期预约\n   - 更换同类设备：查看是否有同类型设备可用\n3. 查看预约日历：在设备详情页查看预约日历，直观了解设备占用情况\n4. 预约规则：\n   - 同一设备同一时间段只能有一个预约\n   - 时间冲突判断规则：新预约时段与已有预约时段有重叠即冲突\n   - 冲突公式：新开始时间 < 已有结束时间 AND 新结束时间 > 已有开始时间\n5. 建议：提前规划实验时间，错峰预约热门设备', '预约冲突,时间段,设备预约,冲突检测,常见问题', 0, 'TEXT', NULL, '[{\"stepNumber\":1,\"title\":\"查看冲突原因\",\"content\":\"该时段已有其他预约\"},{\"stepNumber\":2,\"title\":\"更换时间段\",\"content\":\"选择其他空闲时段\"},{\"stepNumber\":3,\"title\":\"缩短预约时间\",\"content\":\"避开已预约时段\"},{\"stepNumber\":4,\"title\":\"更换同类设备\",\"content\":\"查看同类型设备可用性\"},{\"stepNumber\":5,\"title\":\"查看预约日历\",\"content\":\"直观了解设备占用情况\"}]', 10, 801, 1, '2026-04-24 01:50:07', '2026-04-24 01:50:07', 0);
INSERT INTO `knowledge_base` VALUES (51, '常见问题', NULL, '设备报修流程是什么？', '设备报修操作流程：\n1. 发现故障：使用设备时发现异常或故障，立即停止使用\n2. 提交报修：\n   - 在系统中进入设备详情页，点击\"报修\"按钮\n   - 或在维修管理模块中点击\"新建工单\"\n   - 填写故障描述（尽量详细：现象、发生时间、操作步骤等）\n   - 上传故障照片（如有）\n   - 选择优先级：紧急/高/中/低\n3. 工单处理：\n   - 待处理：等待维修人员接单\n   - 处理中：维修人员已接单正在处理\n   - 已完成：维修完成，确认设备恢复正常\n4. 确认验收：设备修复后，预约使用验证是否正常\n5. 评价反馈：对维修服务进行评价\n\n注意：紧急故障（如漏电、冒烟、异响）请立即断电并电话通知实验室管理员！', '报修,维修,故障,工单,报修流程,常见问题', 0, 'TEXT', NULL, '[{\"stepNumber\":1,\"title\":\"发现故障\",\"content\":\"立即停止使用设备\"},{\"stepNumber\":2,\"title\":\"提交报修\",\"content\":\"填写故障描述，上传照片，选优先级\"},{\"stepNumber\":3,\"title\":\"等待处理\",\"content\":\"维修人员接单处理\"},{\"stepNumber\":4,\"title\":\"确认验收\",\"content\":\"设备修复后验证是否正常\"},{\"stepNumber\":5,\"title\":\"评价反馈\",\"content\":\"对维修服务进行评价\"}]', 10, 802, 1, '2026-04-24 01:50:07', '2026-04-24 01:50:07', 0);
INSERT INTO `knowledge_base` VALUES (52, '常见问题', NULL, '设备校准到期了怎么办？', '设备校准到期处理流程：\n1. 查看校准状态：在设备详情页查看校准日期和下次校准日期\n2. 系统提醒：校准到期前15天，系统会自动发送提醒通知\n3. 校准流程：\n   - 联系设备管理员或校准机构\n   - 安排校准时间（校准期间设备状态变为\"校准中\"）\n   - 校准完成后更新校准记录：校准日期、校准结果、校准证书编号、校准机构\n   - 更新下次校准日期（本次校准日期+校准周期）\n4. 校准结果：\n   - 合格：设备恢复正常可用状态\n   - 不合格：设备需维修或降级使用，贴\"校准不合格\"标识\n5. 注意事项：\n   - 校准过期设备不得用于精密测量和出具检测报告\n   - 常见设备校准周期：分析天平90天，分光光度计180天，pH计30天\n   - 校准记录需存档备查', '校准,校准到期,校准记录,合格,不合格,常见问题', 0, 'TEXT', NULL, '[{\"stepNumber\":1,\"title\":\"查看校准状态\",\"content\":\"设备详情页查看校准日期\"},{\"stepNumber\":2,\"title\":\"系统提醒\",\"content\":\"到期前15天自动通知\"},{\"stepNumber\":3,\"title\":\"安排校准\",\"content\":\"联系校准机构，设备状态变为校准中\"},{\"stepNumber\":4,\"title\":\"更新记录\",\"content\":\"校准日期、结果、证书、下次校准日期\"},{\"stepNumber\":5,\"title\":\"校准结果处理\",\"content\":\"合格恢复使用，不合格维修或降级\"}]', 8, 803, 1, '2026-04-24 01:50:07', '2026-04-24 01:50:07', 0);
INSERT INTO `knowledge_base` VALUES (53, '常见问题', NULL, '如何查看设备的使用记录和状态？', '查看设备使用记录和状态的方法：\n1. 设备列表页：在设备管理模块查看所有设备列表，可按分类、状态、实验室筛选\n2. 设备详情页：点击设备名称进入详情页，查看：\n   - 基本信息：名称、型号、编号、位置、购置日期\n   - 当前状态：可用/使用中/维修中/校准中/已报废\n   - 校准信息：上次校准日期、下次校准日期、校准周期\n   - 预约记录：该设备的所有预约历史\n   - 维修记录：该设备的所有维修工单\n   - 状态变更日志：设备状态变更历史\n3. 不同角色的查看权限：\n   - 学生：查看自己预约的设备记录\n   - 教师：查看本部门设备记录\n   - 实验室管理员：查看本实验室所有设备记录\n   - 系统管理员：查看所有设备记录\n4. 数据导出：支持导出设备使用统计报表（Excel格式）', '设备状态,使用记录,预约记录,维修记录,查看权限,常见问题', 0, 'TEXT', NULL, '[{\"stepNumber\":1,\"title\":\"设备列表页\",\"content\":\"按分类、状态、实验室筛选\"},{\"stepNumber\":2,\"title\":\"设备详情页\",\"content\":\"基本信息、状态、校准、预约、维修记录\"},{\"stepNumber\":3,\"title\":\"查看权限\",\"content\":\"不同角色查看不同范围数据\"},{\"stepNumber\":4,\"title\":\"数据导出\",\"content\":\"支持导出Excel统计报表\"}]', 8, 804, 1, '2026-04-24 01:50:07', '2026-04-24 01:50:07', 0);
INSERT INTO `knowledge_base` VALUES (54, '常见问题', NULL, '如何修改个人信息和密码？', '修改个人信息和密码操作：\n1. 修改个人信息：\n   - 登录系统后，点击右上角头像 → 个人中心\n   - 可修改：真实姓名、邮箱、手机号、所属部门、头像\n   - 修改后点击保存\n2. 修改密码：\n   - 个人中心 → 修改密码\n   - 输入当前密码\n   - 输入新密码（要求：8-20位，包含字母和数字）\n   - 确认新密码\n   - 点击确认修改\n3. 忘记密码：\n   - 在登录页面点击\"忘记密码\"\n   - 输入注册邮箱\n   - 系统发送重置链接到邮箱\n   - 通过链接设置新密码\n4. 安全建议：\n   - 密码不要使用生日、学号等简单组合\n   - 定期更换密码（建议每3个月）\n   - 不要与他人共享账号密码', '修改密码,个人信息,忘记密码,安全,常见问题', 0, 'TEXT', NULL, '[{\"stepNumber\":1,\"title\":\"修改个人信息\",\"content\":\"头像→个人中心→修改→保存\"},{\"stepNumber\":2,\"title\":\"修改密码\",\"content\":\"个人中心→修改密码→输入新旧密码\"},{\"stepNumber\":3,\"title\":\"忘记密码\",\"content\":\"登录页→忘记密码→邮箱重置\"},{\"stepNumber\":4,\"title\":\"安全建议\",\"content\":\"定期更换，不共享密码\"}]', 10, 805, 1, '2026-04-24 01:50:07', '2026-04-24 01:50:07', 0);
INSERT INTO `knowledge_base` VALUES (55, '常见问题', NULL, '系统支持哪些角色？各有什么权限？', '系统角色和权限说明：\n1. 系统管理员（SYSTEM_ADMIN）：\n   - 全部功能权限\n   - 用户管理、角色管理、系统配置\n   - 所有设备、预约、维修数据查看\n2. 实验室管理员（LAB_ADMIN）：\n   - 本实验室设备管理（增删改查）\n   - 预约审核、维修工单分配\n   - 本实验室数据统计和导出\n   - 知识库管理\n3. 教师（TEACHER）：\n   - 预约设备、查看本部门设备\n   - 审核学生预约（如设为审核人）\n   - 提交设备报修\n   - 使用AI助手\n4. 学生（STUDENT）：\n   - 预约设备（仅查看自己的预约）\n   - 提交设备报修\n   - 使用AI助手\n   - 查看设备基本信息\n5. 维护人员（MAINTAINER）：\n   - 接收和处修工单\n   - 更新维修进度和结果\n   - 设备校准管理\n   - 查看设备状态和维护记录', '角色,权限,管理员,教师,学生,维护人员,RBAC,常见问题', 0, 'TEXT', NULL, '[{\"stepNumber\":1,\"title\":\"系统管理员\",\"content\":\"全部权限，用户角色系统管理\"},{\"stepNumber\":2,\"title\":\"实验室管理员\",\"content\":\"本实验室设备预约维修管理\"},{\"stepNumber\":3,\"title\":\"教师\",\"content\":\"预约审核报修AI助手\"},{\"stepNumber\":4,\"title\":\"学生\",\"content\":\"预约报修AI助手\"},{\"stepNumber\":5,\"title\":\"维护人员\",\"content\":\"维修工单校准管理\"}]', 12, 806, 1, '2026-04-24 01:50:07', '2026-04-24 01:50:07', 0);
INSERT INTO `knowledge_base` VALUES (56, '常见问题', NULL, '如何导出统计数据？', '数据导出操作说明：\n1. 统计导出入口：\n   - 数据统计模块 → 导出按钮\n   - 支持导出：预约统计、设备使用统计、维修统计、用户活跃度\n2. 导出格式：Excel（.xlsx）\n3. 导出步骤：\n   - 选择统计类型（预约/设备/维修/用户）\n   - 选择时间范围（近7天/近30天/近90天/自定义）\n   - 选择导出维度（按设备/按用户/按实验室）\n   - 点击\"导出\"按钮\n   - 等待生成完成，自动下载\n4. 权限说明：\n   - 系统管理员：可导出所有数据\n   - 实验室管理员：可导出本实验室数据\n   - 教师/学生：无导出权限\n5. 数据库备份导出：\n   - 系统管理 → 数据库备份\n   - 支持手动备份和自动定时备份\n   - 备份文件格式：.sql\n   - 可设置备份保留天数（默认30天）', '导出,统计,Excel,数据备份,常见问题', 0, 'TEXT', NULL, '[{\"stepNumber\":1,\"title\":\"选择统计类型\",\"content\":\"预约/设备/维修/用户统计\"},{\"stepNumber\":2,\"title\":\"选择时间范围\",\"content\":\"7天/30天/90天/自定义\"},{\"stepNumber\":3,\"title\":\"选择导出维度\",\"content\":\"按设备/用户/实验室\"},{\"stepNumber\":4,\"title\":\"点击导出\",\"content\":\"等待生成，自动下载Excel\"},{\"stepNumber\":5,\"title\":\"数据库备份\",\"content\":\"系统管理→数据库备份→手动/定时\"}]', 8, 807, 1, '2026-04-24 01:50:07', '2026-04-24 01:50:07', 0);
INSERT INTO `knowledge_base` VALUES (57, '设备操作手册', 60, '实时荧光定量PCR仪如何操作？', '实时荧光定量PCR仪操作步骤：\n1. 开机预热：打开仪器电源，启动QuantStudio软件，预热15分钟\n2. 准备反应板：在96孔板中按顺序加入PCR反应体系，每孔20-50μL，用光学膜密封\n3. 离心：将反应板放入离心机，1000rpm离心1分钟，排除气泡\n4. 放入仪器：打开仪器盖，将反应板放入样品槽（A1角对准左上角），关闭盖子\n5. 设置程序：\n   - 选择实验类型（相对定量/绝对定量/基因分型）\n   - 设置热循环程序和荧光采集步骤\n   - 选择检测通道（FAM/VIC/ROX/Cy5等）\n   - 设置参比染料（通常ROX）\n6. 运行实验：确认设置无误后点击Run，运行时间约1.5-2小时\n7. 数据分析：运行结束后查看扩增曲线、Ct值、熔解曲线，导出数据报告', 'PCR仪,荧光定量,qPCR,QuantStudio,扩增曲线,Ct值,操作', 0, 'TEXT', NULL, '[{\"stepNumber\":1,\"title\":\"开机预热\",\"content\":\"打开电源，启动软件，预热15分钟\",\"duration\":15},{\"stepNumber\":2,\"title\":\"准备反应板\",\"content\":\"96孔板加反应体系，光学膜密封\",\"duration\":20},{\"stepNumber\":3,\"title\":\"离心排气泡\",\"content\":\"1000rpm离心1分钟\",\"duration\":2},{\"stepNumber\":4,\"title\":\"放入仪器\",\"content\":\"A1角对准左上角放入\",\"duration\":2},{\"stepNumber\":5,\"title\":\"设置程序\",\"content\":\"实验类型、热循环、检测通道\",\"duration\":10},{\"stepNumber\":6,\"title\":\"运行实验\",\"content\":\"确认设置后Run，约1.5-2小时\",\"duration\":120},{\"stepNumber\":7,\"title\":\"数据分析\",\"content\":\"扩增曲线、Ct值、熔解曲线\",\"duration\":15}]', 10, 102, 1, '2026-04-24 01:50:07', '2026-04-24 01:50:07', 0);
INSERT INTO `knowledge_base` VALUES (58, '设备操作手册', 30, '分析天平如何正确使用？', '分析天平操作步骤：\n1. 预热：开机预热至少30分钟（精密称量需预热1小时以上）\n2. 调水平：观察天平上的水平气泡，调节底脚螺丝使气泡居中\n3. 校准：执行内部校准（按CAL键）或外部校准（用标准砝码），校准完毕显示零点\n4. 去皮：放上称量纸或称量容器，按Tare/Zero键去皮\n5. 称量：\n   - 直接称量法：将样品直接放在称量纸上\n   - 减量法：先称量瓶+样品总重，倒出部分样品后再称量，差值即为样品量\n   - 加量法：去皮后逐步加入样品至目标重量\n6. 读数：待读数稳定标志出现后记录数据，精确至0.1mg\n7. 清理：称量完毕后用软毛刷清理称量盘，关闭天平门\n8. 关机：短时间不用按Standby，长时间不用关机并盖上防尘罩', '分析天平,称量,校准,去皮,减量法,精密称量,操作', 0, 'TEXT', NULL, '[{\"stepNumber\":1,\"title\":\"预热\",\"content\":\"开机预热至少30分钟\",\"duration\":30},{\"stepNumber\":2,\"title\":\"调水平\",\"content\":\"调节底脚螺丝使气泡居中\",\"duration\":2},{\"stepNumber\":3,\"title\":\"校准\",\"content\":\"内校或外校砝码校准\",\"duration\":5},{\"stepNumber\":4,\"title\":\"去皮\",\"content\":\"放称量纸/容器，按Tare键\",\"duration\":3},{\"stepNumber\":5,\"title\":\"称量\",\"content\":\"直接法/减量法/加量法\",\"duration\":10},{\"stepNumber\":6,\"title\":\"读数\",\"content\":\"稳定标志出现后记录\",\"duration\":3},{\"stepNumber\":7,\"title\":\"清理关机\",\"content\":\"软毛刷清理，盖防尘罩\",\"duration\":5}]', 10, 103, 1, '2026-04-24 01:50:07', '2026-04-24 01:50:07', 0);
INSERT INTO `knowledge_base` VALUES (59, '设备操作手册', 20, '电热恒温干燥箱如何操作？', '电热恒温干燥箱操作步骤：\n1. 放入样品：将需干燥的样品放入干燥箱内，物品间留有间隙，利于热风循环\n2. 关门：确认箱门关闭严密\n3. 设定温度：按SET键进入温度设定，用上下键调整至所需温度（常用105℃烘干玻璃器皿）\n4. 启动加热：确认设定后开始加热，观察温度上升\n5. 设定时间：如需定时，设置干燥时间（通常2-4小时）\n6. 干燥过程：观察温度显示是否稳定在设定值，PID自整定后温度波动应≤±1℃\n7. 取出样品：\n   - 干燥完成后等待自然降温至60℃以下\n   - 戴隔热手套取出物品\n   - 热物品放入干燥器中冷却\n8. 关机：关闭电源开关，长期不用拔掉电源插头\n\n⚠️ 注意：易燃易爆物品禁止放入干燥箱！温度不超过300℃！', '干燥箱,恒温,烘干,温度设定,玻璃器皿,操作', 0, 'TEXT', NULL, '[{\"stepNumber\":1,\"title\":\"放入样品\",\"content\":\"物品间留间隙，利于热风循环\",\"duration\":5},{\"stepNumber\":2,\"title\":\"设定温度\",\"content\":\"常用105℃烘干玻璃器皿\",\"duration\":3},{\"stepNumber\":3,\"title\":\"启动加热\",\"content\":\"观察温度上升至设定值\",\"duration\":20},{\"stepNumber\":4,\"title\":\"设定时间\",\"content\":\"通常2-4小时\",\"duration\":2},{\"stepNumber\":5,\"title\":\"干燥过程\",\"content\":\"观察温度稳定，波动≤±1℃\",\"duration\":120},{\"stepNumber\":6,\"title\":\"取出样品\",\"content\":\"降温至60℃以下，戴隔热手套\",\"duration\":30},{\"stepNumber\":7,\"title\":\"关机\",\"content\":\"关闭电源，长期不用拔插头\",\"duration\":2}]', 8, 104, 1, '2026-04-24 01:50:07', '2026-04-24 01:50:07', 0);
INSERT INTO `knowledge_base` VALUES (60, '设备操作手册', 40, '紫外可见分光光度计如何操作？', '紫外可见分光光度计操作步骤：\n1. 开机预热：打开仪器电源和电脑，启动操作软件，预热30分钟\n2. 选择测量模式：根据实验需求选择吸光度(Abs)、透射率(T%)或浓度模式\n3. 设置波长：输入测定波长（如核酸260nm，蛋白质280nm，或全波长扫描模式）\n4. 空白调零：\n   - 在两个比色皿中放入空白溶剂\n   - 放入参比池和样品池\n   - 点击\"调零\"或\"基线校正\"\n5. 样品测定：\n   - 将样品池中的空白溶剂替换为待测样品\n   - 点击\"测量\"读取吸光度值\n   - 每个样品测定3次取平均值\n6. 全波长扫描（可选）：设置扫描范围（如190-800nm），执行扫描获取吸收光谱\n7. 数据处理：导出测量数据，绘制标准曲线或吸收光谱图\n8. 关机：先关闭软件，再关闭仪器电源，取出比色皿清洗', '分光光度计,紫外,吸光度,波长,比色皿,调零,操作', 0, 'TEXT', NULL, '[{\"stepNumber\":1,\"title\":\"开机预热\",\"content\":\"打开电源和软件，预热30分钟\",\"duration\":30},{\"stepNumber\":2,\"title\":\"选择模式\",\"content\":\"吸光度/透射率/浓度模式\",\"duration\":2},{\"stepNumber\":3,\"title\":\"设置波长\",\"content\":\"输入测定波长或全波长扫描\",\"duration\":3},{\"stepNumber\":4,\"title\":\"空白调零\",\"content\":\"空白溶剂放入后调零\",\"duration\":5},{\"stepNumber\":5,\"title\":\"样品测定\",\"content\":\"替换样品后测量，3次取平均\",\"duration\":10},{\"stepNumber\":6,\"title\":\"全波长扫描\",\"content\":\"190-800nm范围扫描\",\"duration\":10},{\"stepNumber\":7,\"title\":\"数据处理\",\"content\":\"导出数据，绘制曲线\",\"duration\":10},{\"stepNumber\":8,\"title\":\"关机\",\"content\":\"先关软件再关仪器，清洗比色皿\",\"duration\":5}]', 10, 105, 1, '2026-04-24 01:50:07', '2026-04-24 01:50:07', 0);
INSERT INTO `knowledge_base` VALUES (61, '设备操作手册', 80, '高效液相色谱仪HPLC-1260如何操作？', 'Agilent 1260 HPLC操作步骤：\n1. 准备流动相：配制所需流动相，0.45μm滤膜过滤，超声脱气15分钟\n2. 开机：依次打开脱气机→泵→柱温箱→检测器→自动进样器，启动ChemStation软件\n3. 系统冲洗：用初始流动相冲洗系统10-15分钟，流速1mL/min，排除管路气泡\n4. 平衡色谱柱：以分析流速平衡色谱柱30-60分钟，观察基线平稳\n5. 设置方法：\n   - 设定流速、柱温、检测波长\n   - 设置梯度洗脱程序（如需）\n   - 设置进样体积（通常10-20μL）\n6. 系统适用性：进标准品溶液，检查理论塔板数≥2000，分离度≥1.5，拖尾因子0.8-1.5\n7. 样品分析：依次进样标准品和样品，记录色谱图\n8. 关机：先用高水相冲洗10分钟→再用甲醇/乙腈冲洗20分钟→停泵→关闭各模块', 'HPLC,1260,色谱仪,流动相,梯度洗脱,进样,操作', 0, 'TEXT', NULL, '[{\"stepNumber\":1,\"title\":\"准备流动相\",\"content\":\"配制过滤脱气\",\"duration\":30},{\"stepNumber\":2,\"title\":\"开机\",\"content\":\"脱气机→泵→柱温箱→检测器→进样器\",\"duration\":10},{\"stepNumber\":3,\"title\":\"系统冲洗\",\"content\":\"初始流动相冲洗10-15分钟\",\"duration\":15},{\"stepNumber\":4,\"title\":\"平衡色谱柱\",\"content\":\"分析流速平衡30-60分钟\",\"duration\":45},{\"stepNumber\":5,\"title\":\"设置方法\",\"content\":\"流速、柱温、波长、梯度程序\",\"duration\":10},{\"stepNumber\":6,\"title\":\"系统适用性\",\"content\":\"进标准品检查塔板数和分离度\",\"duration\":15},{\"stepNumber\":7,\"title\":\"样品分析\",\"content\":\"依次进样，记录色谱图\",\"duration\":30},{\"stepNumber\":8,\"title\":\"关机冲洗\",\"content\":\"高水相→有机相冲洗后停泵关机\",\"duration\":30}]', 15, 106, 1, '2026-04-24 01:50:07', '2026-04-24 01:50:07', 0);

-- ----------------------------
-- Table structure for knowledge_graph_edge
-- ----------------------------
DROP TABLE IF EXISTS `knowledge_graph_edge`;
CREATE TABLE `knowledge_graph_edge`  (
  `id` bigint NOT NULL AUTO_INCREMENT COMMENT '边ID',
  `source_node_id` bigint NOT NULL COMMENT '源节点ID',
  `target_node_id` bigint NOT NULL COMMENT '目标节点ID',
  `edge_type` varchar(30) CHARACTER SET utf8mb4 COLLATE utf8mb4_0900_ai_ci NOT NULL COMMENT '边类型：BELONGS_TO-属于，RELATED_TO-关联，CONTAINS-包含，DEPENDS_ON-依赖',
  `edge_label` varchar(50) CHARACTER SET utf8mb4 COLLATE utf8mb4_0900_ai_ci NULL DEFAULT NULL COMMENT '边标签（如：操作手册、注意事项）',
  `weight` decimal(5, 2) NULL DEFAULT 1.00 COMMENT '权重（用于图算法）',
  `description` varchar(255) CHARACTER SET utf8mb4 COLLATE utf8mb4_0900_ai_ci NULL DEFAULT NULL COMMENT '关系描述',
  `sort` int NULL DEFAULT 0 COMMENT '排序号',
  `status` int NULL DEFAULT 1 COMMENT '状态：0-隐藏，1-显示',
  `create_time` datetime NULL DEFAULT CURRENT_TIMESTAMP COMMENT '创建时间',
  `update_time` datetime NULL DEFAULT CURRENT_TIMESTAMP ON UPDATE CURRENT_TIMESTAMP COMMENT '更新时间',
  `deleted` int NULL DEFAULT 0 COMMENT '逻辑删除',
  PRIMARY KEY (`id`) USING BTREE,
  INDEX `idx_source`(`source_node_id` ASC) USING BTREE,
  INDEX `idx_target`(`target_node_id` ASC) USING BTREE,
  INDEX `idx_edge_type`(`edge_type` ASC) USING BTREE,
  CONSTRAINT `fk_edge_source` FOREIGN KEY (`source_node_id`) REFERENCES `knowledge_graph_node` (`id`) ON DELETE CASCADE ON UPDATE RESTRICT,
  CONSTRAINT `fk_edge_target` FOREIGN KEY (`target_node_id`) REFERENCES `knowledge_graph_node` (`id`) ON DELETE CASCADE ON UPDATE RESTRICT
) ENGINE = InnoDB AUTO_INCREMENT = 96 CHARACTER SET = utf8mb4 COLLATE = utf8mb4_0900_ai_ci COMMENT = '知识图谱边表' ROW_FORMAT = DYNAMIC;

-- ----------------------------
-- Records of knowledge_graph_edge
-- ----------------------------
INSERT INTO `knowledge_graph_edge` VALUES (1, 23, 24, 'RELATED_TO', '操作手册', 1.00, '光学显微镜OM-2000操作手册', 1, 1, '2026-04-16 03:16:22', '2026-04-23 02:41:14', 0);
INSERT INTO `knowledge_graph_edge` VALUES (2, 2, 13, 'BELONGS_TO', '操作手册', 1.00, '倒置显微镜操作手册', 2, 1, '2026-04-16 03:16:22', '2026-04-16 03:16:22', 0);
INSERT INTO `knowledge_graph_edge` VALUES (3, 3, 14, 'BELONGS_TO', '操作手册', 1.00, '二氧化碳培养箱操作手册', 3, 1, '2026-04-16 03:16:22', '2026-04-16 03:16:22', 0);
INSERT INTO `knowledge_graph_edge` VALUES (4, 4, 15, 'BELONGS_TO', '操作手册', 1.00, '高速离心机操作手册', 4, 1, '2026-04-16 03:16:22', '2026-04-16 03:16:22', 0);
INSERT INTO `knowledge_graph_edge` VALUES (5, 5, 16, 'BELONGS_TO', '操作手册', 1.00, '高效液相色谱仪操作手册', 5, 1, '2026-04-16 03:16:22', '2026-04-16 03:16:22', 0);
INSERT INTO `knowledge_graph_edge` VALUES (6, 6, 17, 'BELONGS_TO', '操作手册', 1.00, '数字示波器操作手册', 6, 1, '2026-04-16 03:16:22', '2026-04-16 03:16:22', 0);
INSERT INTO `knowledge_graph_edge` VALUES (7, 7, 18, 'BELONGS_TO', '操作手册', 1.00, '数字万用表操作手册', 7, 1, '2026-04-16 03:16:22', '2026-04-16 03:16:22', 0);
INSERT INTO `knowledge_graph_edge` VALUES (8, 8, 19, 'BELONGS_TO', '操作手册', 1.00, '显微镜操作手册', 8, 1, '2026-04-16 03:16:22', '2026-04-16 03:16:22', 0);
INSERT INTO `knowledge_graph_edge` VALUES (9, 9, 20, 'BELONGS_TO', '操作手册', 1.00, '信号发生器操作手册', 9, 1, '2026-04-16 03:16:22', '2026-04-16 03:16:22', 0);
INSERT INTO `knowledge_graph_edge` VALUES (10, 10, 21, 'BELONGS_TO', '操作手册', 1.00, '旋转蒸发仪操作手册', 10, 1, '2026-04-16 03:16:22', '2026-04-16 03:16:22', 0);
INSERT INTO `knowledge_graph_edge` VALUES (11, 11, 22, 'BELONGS_TO', '操作手册', 1.00, '原子吸收分光光度计操作手册', 11, 1, '2026-04-16 03:16:22', '2026-04-16 03:16:22', 0);
INSERT INTO `knowledge_graph_edge` VALUES (12, 12, 23, 'BELONGS_TO', '所属分类', 1.00, '属于设备操作手册分类', 1, 1, '2026-04-16 03:16:22', '2026-04-16 03:16:22', 0);
INSERT INTO `knowledge_graph_edge` VALUES (13, 13, 23, 'BELONGS_TO', '所属分类', 1.00, '属于设备操作手册分类', 2, 1, '2026-04-16 03:16:22', '2026-04-16 03:16:22', 0);
INSERT INTO `knowledge_graph_edge` VALUES (14, 14, 23, 'BELONGS_TO', '所属分类', 1.00, '属于设备操作手册分类', 3, 1, '2026-04-16 03:16:22', '2026-04-16 03:16:22', 0);
INSERT INTO `knowledge_graph_edge` VALUES (15, 15, 23, 'BELONGS_TO', '所属分类', 1.00, '属于设备操作手册分类', 4, 1, '2026-04-16 03:16:22', '2026-04-16 03:16:22', 0);
INSERT INTO `knowledge_graph_edge` VALUES (16, 16, 23, 'BELONGS_TO', '所属分类', 1.00, '属于设备操作手册分类', 5, 1, '2026-04-16 03:16:22', '2026-04-16 03:16:22', 0);
INSERT INTO `knowledge_graph_edge` VALUES (17, 17, 23, 'BELONGS_TO', '所属分类', 1.00, '属于设备操作手册分类', 6, 1, '2026-04-16 03:16:22', '2026-04-16 03:16:22', 0);
INSERT INTO `knowledge_graph_edge` VALUES (18, 18, 23, 'BELONGS_TO', '所属分类', 1.00, '属于设备操作手册分类', 7, 1, '2026-04-16 03:16:22', '2026-04-16 03:16:22', 0);
INSERT INTO `knowledge_graph_edge` VALUES (19, 19, 23, 'BELONGS_TO', '所属分类', 1.00, '属于设备操作手册分类', 8, 1, '2026-04-16 03:16:22', '2026-04-16 03:16:22', 0);
INSERT INTO `knowledge_graph_edge` VALUES (20, 20, 23, 'BELONGS_TO', '所属分类', 1.00, '属于设备操作手册分类', 9, 1, '2026-04-16 03:16:22', '2026-04-16 03:16:22', 0);
INSERT INTO `knowledge_graph_edge` VALUES (21, 21, 23, 'BELONGS_TO', '所属分类', 1.00, '属于设备操作手册分类', 10, 1, '2026-04-16 03:16:22', '2026-04-16 03:16:22', 0);
INSERT INTO `knowledge_graph_edge` VALUES (22, 22, 23, 'BELONGS_TO', '所属分类', 1.00, '属于设备操作手册分类', 11, 1, '2026-04-16 03:16:22', '2026-04-16 03:16:22', 0);
INSERT INTO `knowledge_graph_edge` VALUES (23, 1, 8, 'RELATED_TO', '同类设备', 0.90, '都是显微镜设备', 1, 1, '2026-04-16 03:16:22', '2026-04-23 02:40:17', 1);
INSERT INTO `knowledge_graph_edge` VALUES (24, 1, 2, 'RELATED_TO', '同类设备', 0.90, '都是显微镜设备', 2, 1, '2026-04-16 03:16:22', '2026-04-23 02:40:17', 1);
INSERT INTO `knowledge_graph_edge` VALUES (25, 3, 2, 'RELATED_TO', '实验关联', 0.80, '细胞培养与显微镜观察相关', 3, 1, '2026-04-16 03:16:22', '2026-04-16 03:16:22', 0);
INSERT INTO `knowledge_graph_edge` VALUES (26, 4, 10, 'RELATED_TO', '样品处理', 0.70, '离心后常需浓缩样品', 4, 1, '2026-04-16 03:16:22', '2026-04-16 03:16:22', 0);
INSERT INTO `knowledge_graph_edge` VALUES (27, 5, 11, 'RELATED_TO', '分析关联', 0.85, '色谱分析与元素分析相关', 5, 1, '2026-04-16 03:16:22', '2026-04-16 03:16:22', 0);
INSERT INTO `knowledge_graph_edge` VALUES (28, 6, 9, 'RELATED_TO', '电子测试', 0.90, '示波器与信号发生器配套使用', 6, 1, '2026-04-16 03:16:22', '2026-04-16 03:16:22', 0);
INSERT INTO `knowledge_graph_edge` VALUES (29, 6, 7, 'RELATED_TO', '电子测试', 0.85, '示波器与万用表都用于电子测试', 7, 1, '2026-04-16 03:16:22', '2026-04-16 03:16:22', 0);
INSERT INTO `knowledge_graph_edge` VALUES (30, 1, 20, 'CONTAINS', '', 1.00, '超出是', 0, 1, '2026-04-23 02:38:32', '2026-04-23 02:40:17', 1);
INSERT INTO `knowledge_graph_edge` VALUES (31, 29, 25, 'BELONGS_TO', '所属分类', 1.00, '属于实验流程分类', 1, 1, '2026-04-24 01:50:07', '2026-04-24 01:50:07', 0);
INSERT INTO `knowledge_graph_edge` VALUES (32, 30, 25, 'BELONGS_TO', '所属分类', 1.00, '属于实验流程分类', 2, 1, '2026-04-24 01:50:07', '2026-04-24 01:50:07', 0);
INSERT INTO `knowledge_graph_edge` VALUES (33, 31, 25, 'BELONGS_TO', '所属分类', 1.00, '属于实验流程分类', 3, 1, '2026-04-24 01:50:07', '2026-04-24 01:50:07', 0);
INSERT INTO `knowledge_graph_edge` VALUES (34, 32, 25, 'BELONGS_TO', '所属分类', 1.00, '属于实验流程分类', 4, 1, '2026-04-24 01:50:07', '2026-04-24 01:50:07', 0);
INSERT INTO `knowledge_graph_edge` VALUES (35, 33, 25, 'BELONGS_TO', '所属分类', 1.00, '属于实验流程分类', 5, 1, '2026-04-24 01:50:07', '2026-04-24 01:50:07', 0);
INSERT INTO `knowledge_graph_edge` VALUES (36, 34, 25, 'BELONGS_TO', '所属分类', 1.00, '属于实验流程分类', 6, 1, '2026-04-24 01:50:07', '2026-04-24 01:50:07', 0);
INSERT INTO `knowledge_graph_edge` VALUES (37, 35, 25, 'BELONGS_TO', '所属分类', 1.00, '属于实验流程分类', 7, 1, '2026-04-24 01:50:07', '2026-04-24 01:50:07', 0);
INSERT INTO `knowledge_graph_edge` VALUES (38, 36, 25, 'BELONGS_TO', '所属分类', 1.00, '属于实验流程分类', 8, 1, '2026-04-24 01:50:07', '2026-04-24 01:50:07', 0);
INSERT INTO `knowledge_graph_edge` VALUES (39, 37, 26, 'BELONGS_TO', '所属分类', 1.00, '属于故障排查分类', 1, 1, '2026-04-24 01:50:07', '2026-04-24 01:50:07', 0);
INSERT INTO `knowledge_graph_edge` VALUES (40, 38, 26, 'BELONGS_TO', '所属分类', 1.00, '属于故障排查分类', 2, 1, '2026-04-24 01:50:07', '2026-04-24 01:50:07', 0);
INSERT INTO `knowledge_graph_edge` VALUES (41, 39, 26, 'BELONGS_TO', '所属分类', 1.00, '属于故障排查分类', 3, 1, '2026-04-24 01:50:07', '2026-04-24 01:50:07', 0);
INSERT INTO `knowledge_graph_edge` VALUES (42, 40, 26, 'BELONGS_TO', '所属分类', 1.00, '属于故障排查分类', 4, 1, '2026-04-24 01:50:07', '2026-04-24 01:50:07', 0);
INSERT INTO `knowledge_graph_edge` VALUES (43, 41, 26, 'BELONGS_TO', '所属分类', 1.00, '属于故障排查分类', 5, 1, '2026-04-24 01:50:07', '2026-04-24 01:50:07', 0);
INSERT INTO `knowledge_graph_edge` VALUES (44, 42, 26, 'BELONGS_TO', '所属分类', 1.00, '属于故障排查分类', 6, 1, '2026-04-24 01:50:07', '2026-04-24 01:50:07', 0);
INSERT INTO `knowledge_graph_edge` VALUES (45, 43, 26, 'BELONGS_TO', '所属分类', 1.00, '属于故障排查分类', 7, 1, '2026-04-24 01:50:07', '2026-04-24 01:50:07', 0);
INSERT INTO `knowledge_graph_edge` VALUES (46, 44, 27, 'BELONGS_TO', '所属分类', 1.00, '属于安全规范分类', 1, 1, '2026-04-24 01:50:07', '2026-04-24 01:50:07', 0);
INSERT INTO `knowledge_graph_edge` VALUES (47, 45, 27, 'BELONGS_TO', '所属分类', 1.00, '属于安全规范分类', 2, 1, '2026-04-24 01:50:07', '2026-04-24 01:50:07', 0);
INSERT INTO `knowledge_graph_edge` VALUES (48, 46, 27, 'BELONGS_TO', '所属分类', 1.00, '属于安全规范分类', 3, 1, '2026-04-24 01:50:07', '2026-04-24 01:50:07', 0);
INSERT INTO `knowledge_graph_edge` VALUES (49, 47, 27, 'BELONGS_TO', '所属分类', 1.00, '属于安全规范分类', 4, 1, '2026-04-24 01:50:07', '2026-04-24 01:50:07', 0);
INSERT INTO `knowledge_graph_edge` VALUES (50, 48, 27, 'BELONGS_TO', '所属分类', 1.00, '属于安全规范分类', 5, 1, '2026-04-24 01:50:07', '2026-04-24 01:50:07', 0);
INSERT INTO `knowledge_graph_edge` VALUES (51, 49, 28, 'BELONGS_TO', '所属分类', 1.00, '属于常见问题分类', 1, 1, '2026-04-24 01:50:07', '2026-04-24 01:50:07', 0);
INSERT INTO `knowledge_graph_edge` VALUES (52, 50, 28, 'BELONGS_TO', '所属分类', 1.00, '属于常见问题分类', 2, 1, '2026-04-24 01:50:07', '2026-04-24 01:50:07', 0);
INSERT INTO `knowledge_graph_edge` VALUES (53, 51, 28, 'BELONGS_TO', '所属分类', 1.00, '属于常见问题分类', 3, 1, '2026-04-24 01:50:07', '2026-04-24 01:50:07', 0);
INSERT INTO `knowledge_graph_edge` VALUES (54, 52, 28, 'BELONGS_TO', '所属分类', 1.00, '属于常见问题分类', 4, 1, '2026-04-24 01:50:07', '2026-04-24 01:50:07', 0);
INSERT INTO `knowledge_graph_edge` VALUES (55, 58, 23, 'BELONGS_TO', '所属分类', 1.00, '属于设备操作手册分类', 12, 1, '2026-04-24 01:50:07', '2026-04-24 01:50:07', 0);
INSERT INTO `knowledge_graph_edge` VALUES (56, 59, 23, 'BELONGS_TO', '所属分类', 1.00, '属于设备操作手册分类', 13, 1, '2026-04-24 01:50:07', '2026-04-24 01:50:07', 0);
INSERT INTO `knowledge_graph_edge` VALUES (57, 60, 23, 'BELONGS_TO', '所属分类', 1.00, '属于设备操作手册分类', 14, 1, '2026-04-24 01:50:07', '2026-04-24 01:50:07', 0);
INSERT INTO `knowledge_graph_edge` VALUES (58, 61, 23, 'BELONGS_TO', '所属分类', 1.00, '属于设备操作手册分类', 15, 1, '2026-04-24 01:50:07', '2026-04-24 01:50:07', 0);
INSERT INTO `knowledge_graph_edge` VALUES (59, 62, 23, 'BELONGS_TO', '所属分类', 1.00, '属于设备操作手册分类', 16, 1, '2026-04-24 01:50:07', '2026-04-24 01:50:07', 0);
INSERT INTO `knowledge_graph_edge` VALUES (60, 53, 58, 'BELONGS_TO', '操作手册', 1.00, 'qPCR仪操作手册', 1, 1, '2026-04-24 01:50:07', '2026-04-24 01:50:07', 0);
INSERT INTO `knowledge_graph_edge` VALUES (61, 54, 59, 'BELONGS_TO', '操作手册', 1.00, '分析天平操作手册', 2, 1, '2026-04-24 01:50:07', '2026-04-24 01:50:07', 0);
INSERT INTO `knowledge_graph_edge` VALUES (62, 55, 60, 'BELONGS_TO', '操作手册', 1.00, '干燥箱操作手册', 3, 1, '2026-04-24 01:50:07', '2026-04-24 01:50:07', 0);
INSERT INTO `knowledge_graph_edge` VALUES (63, 56, 61, 'BELONGS_TO', '操作手册', 1.00, '分光光度计操作手册', 4, 1, '2026-04-24 01:50:07', '2026-04-24 01:50:07', 0);
INSERT INTO `knowledge_graph_edge` VALUES (64, 57, 62, 'BELONGS_TO', '操作手册', 1.00, 'HPLC-1260操作手册', 5, 1, '2026-04-24 01:50:07', '2026-04-24 01:50:07', 0);
INSERT INTO `knowledge_graph_edge` VALUES (65, 29, 3, 'RELATED_TO', '实验设备', 0.90, '细胞培养需要CO2培养箱', 1, 1, '2026-04-24 01:50:07', '2026-04-24 01:50:07', 0);
INSERT INTO `knowledge_graph_edge` VALUES (66, 29, 4, 'RELATED_TO', '实验设备', 0.85, '细胞培养需要离心机', 2, 1, '2026-04-24 01:50:07', '2026-04-24 01:50:07', 0);
INSERT INTO `knowledge_graph_edge` VALUES (67, 29, 2, 'RELATED_TO', '实验设备', 0.80, '细胞培养需要显微镜观察', 3, 1, '2026-04-24 01:50:07', '2026-04-24 01:50:07', 0);
INSERT INTO `knowledge_graph_edge` VALUES (68, 30, 53, 'RELATED_TO', '实验设备', 0.95, 'PCR实验使用qPCR仪', 4, 1, '2026-04-24 01:50:07', '2026-04-24 01:50:07', 0);
INSERT INTO `knowledge_graph_edge` VALUES (69, 30, 4, 'RELATED_TO', '实验设备', 0.75, 'PCR前处理需要离心机', 5, 1, '2026-04-24 01:50:07', '2026-04-24 01:50:07', 0);
INSERT INTO `knowledge_graph_edge` VALUES (70, 32, 56, 'RELATED_TO', '实验设备', 0.95, '分光光度法使用分光光度计', 6, 1, '2026-04-24 01:50:07', '2026-04-24 01:50:07', 0);
INSERT INTO `knowledge_graph_edge` VALUES (71, 33, 5, 'RELATED_TO', '实验设备', 0.90, 'HPLC分析使用色谱仪', 7, 1, '2026-04-24 01:50:07', '2026-04-24 01:50:07', 0);
INSERT INTO `knowledge_graph_edge` VALUES (72, 33, 57, 'RELATED_TO', '实验设备', 0.95, 'HPLC分析使用HPLC-1260', 8, 1, '2026-04-24 01:50:07', '2026-04-24 01:50:07', 0);
INSERT INTO `knowledge_graph_edge` VALUES (73, 36, 55, 'RELATED_TO', '实验设备', 0.90, '干燥称量使用干燥箱', 9, 1, '2026-04-24 01:50:07', '2026-04-24 01:50:07', 0);
INSERT INTO `knowledge_graph_edge` VALUES (74, 36, 54, 'RELATED_TO', '实验设备', 0.95, '干燥称量使用分析天平', 10, 1, '2026-04-24 01:50:07', '2026-04-24 01:50:07', 0);
INSERT INTO `knowledge_graph_edge` VALUES (75, 37, 4, 'RELATED_TO', '故障设备', 0.95, '离心机振动故障', 11, 1, '2026-04-24 01:50:07', '2026-04-24 01:50:07', 0);
INSERT INTO `knowledge_graph_edge` VALUES (76, 38, 2, 'RELATED_TO', '故障设备', 0.90, '显微镜成像故障', 12, 1, '2026-04-24 01:50:07', '2026-04-24 01:50:07', 0);
INSERT INTO `knowledge_graph_edge` VALUES (77, 39, 3, 'RELATED_TO', '故障设备', 0.95, 'CO2培养箱异常', 13, 1, '2026-04-24 01:50:07', '2026-04-24 01:50:07', 0);
INSERT INTO `knowledge_graph_edge` VALUES (78, 40, 5, 'RELATED_TO', '故障设备', 0.90, 'HPLC基线故障', 14, 1, '2026-04-24 01:50:07', '2026-04-24 01:50:07', 0);
INSERT INTO `knowledge_graph_edge` VALUES (79, 41, 54, 'RELATED_TO', '故障设备', 0.95, '天平读数故障', 15, 1, '2026-04-24 01:50:07', '2026-04-24 01:50:07', 0);
INSERT INTO `knowledge_graph_edge` VALUES (80, 42, 53, 'RELATED_TO', '故障设备', 0.90, 'PCR扩增故障', 16, 1, '2026-04-24 01:50:07', '2026-04-24 01:50:07', 0);
INSERT INTO `knowledge_graph_edge` VALUES (81, 46, 4, 'RELATED_TO', '安全设备', 0.90, '高压灭菌锅安全操作', 17, 1, '2026-04-24 01:50:07', '2026-04-24 01:50:07', 0);
INSERT INTO `knowledge_graph_edge` VALUES (82, 47, 4, 'RELATED_TO', '安全设备', 0.95, '离心机安全操作', 18, 1, '2026-04-24 01:50:07', '2026-04-24 01:50:07', 0);
INSERT INTO `knowledge_graph_edge` VALUES (83, 29, 30, 'DEPENDS_ON', '前置实验', 0.70, '细胞培养后常需PCR检测', 1, 1, '2026-04-24 01:50:07', '2026-04-24 01:50:07', 0);
INSERT INTO `knowledge_graph_edge` VALUES (84, 29, 31, 'DEPENDS_ON', '前置实验', 0.75, '细胞培养后常需蛋白提取', 2, 1, '2026-04-24 01:50:07', '2026-04-24 01:50:07', 0);
INSERT INTO `knowledge_graph_edge` VALUES (85, 30, 32, 'DEPENDS_ON', '后续检测', 0.65, 'PCR产物可用分光光度法检测', 3, 1, '2026-04-24 01:50:07', '2026-04-24 01:50:07', 0);
INSERT INTO `knowledge_graph_edge` VALUES (86, 34, 29, 'DEPENDS_ON', '前置实验', 0.60, '微生物培养与细胞培养技术相关', 4, 1, '2026-04-24 01:50:07', '2026-04-24 01:50:07', 0);
INSERT INTO `knowledge_graph_edge` VALUES (87, 53, 4, 'RELATED_TO', '同类设备', 0.70, 'PCR前处理需离心', 1, 1, '2026-04-24 01:50:07', '2026-04-24 01:50:07', 0);
INSERT INTO `knowledge_graph_edge` VALUES (88, 56, 5, 'RELATED_TO', '同类设备', 0.80, '都是光谱分析设备', 2, 1, '2026-04-24 01:50:07', '2026-04-24 01:50:07', 0);
INSERT INTO `knowledge_graph_edge` VALUES (89, 57, 5, 'RELATED_TO', '同类设备', 0.85, '都是色谱分析设备', 3, 1, '2026-04-24 01:50:07', '2026-04-24 01:50:07', 0);
INSERT INTO `knowledge_graph_edge` VALUES (90, 55, 54, 'RELATED_TO', '配套使用', 0.85, '干燥箱与天平常配套使用', 4, 1, '2026-04-24 01:50:07', '2026-04-24 01:50:07', 0);
INSERT INTO `knowledge_graph_edge` VALUES (91, 43, 44, 'RELATED_TO', '安全关联', 0.90, '漏电处理需遵守安全规范', 1, 1, '2026-04-24 01:50:07', '2026-04-24 01:50:07', 0);
INSERT INTO `knowledge_graph_edge` VALUES (92, 37, 47, 'RELATED_TO', '安全关联', 0.85, '离心机故障涉及安全操作', 2, 1, '2026-04-24 01:50:07', '2026-04-24 01:50:07', 0);
INSERT INTO `knowledge_graph_edge` VALUES (93, 49, 29, 'RELATED_TO', '操作指引', 0.70, '预约设备后进行实验', 1, 1, '2026-04-24 01:50:07', '2026-04-24 01:50:07', 0);
INSERT INTO `knowledge_graph_edge` VALUES (94, 51, 37, 'RELATED_TO', '故障报修', 0.80, '设备故障可提交报修', 2, 1, '2026-04-24 01:50:07', '2026-04-24 01:50:07', 0);
INSERT INTO `knowledge_graph_edge` VALUES (95, 50, 49, 'RELATED_TO', '相关问题', 0.75, '预约冲突与预约操作相关', 3, 1, '2026-04-24 01:50:07', '2026-04-24 01:50:07', 0);

-- ----------------------------
-- Table structure for knowledge_graph_node
-- ----------------------------
DROP TABLE IF EXISTS `knowledge_graph_node`;
CREATE TABLE `knowledge_graph_node`  (
  `id` bigint NOT NULL AUTO_INCREMENT COMMENT '节点ID',
  `node_type` varchar(20) CHARACTER SET utf8mb4 COLLATE utf8mb4_0900_ai_ci NOT NULL COMMENT '节点类型：DEVICE-设备，KNOWLEDGE-知识，CATEGORY-分类',
  `node_id` bigint NULL DEFAULT NULL COMMENT '关联实体ID（device_info.id 或 knowledge_base.id）',
  `node_name` varchar(100) CHARACTER SET utf8mb4 COLLATE utf8mb4_0900_ai_ci NOT NULL COMMENT '节点名称',
  `node_label` varchar(50) CHARACTER SET utf8mb4 COLLATE utf8mb4_0900_ai_ci NULL DEFAULT NULL COMMENT '节点标签（如：光学显微镜）',
  `description` varchar(255) CHARACTER SET utf8mb4 COLLATE utf8mb4_0900_ai_ci NULL DEFAULT NULL COMMENT '描述',
  `extra_data` text CHARACTER SET utf8mb4 COLLATE utf8mb4_0900_ai_ci NULL COMMENT '扩展数据（JSON，如设备图片URL）',
  `x_position` decimal(10, 2) NULL DEFAULT NULL COMMENT '布局X坐标',
  `y_position` decimal(10, 2) NULL DEFAULT NULL COMMENT '布局Y坐标',
  `size` int NULL DEFAULT 40 COMMENT '节点大小',
  `color` varchar(20) CHARACTER SET utf8mb4 COLLATE utf8mb4_0900_ai_ci NULL DEFAULT NULL COMMENT '节点颜色',
  `sort` int NULL DEFAULT 0 COMMENT '排序号',
  `status` int NULL DEFAULT 1 COMMENT '状态：0-隐藏，1-显示',
  `create_time` datetime NULL DEFAULT CURRENT_TIMESTAMP COMMENT '创建时间',
  `update_time` datetime NULL DEFAULT CURRENT_TIMESTAMP ON UPDATE CURRENT_TIMESTAMP COMMENT '更新时间',
  `deleted` int NULL DEFAULT 0 COMMENT '逻辑删除',
  PRIMARY KEY (`id`) USING BTREE,
  INDEX `idx_node_type`(`node_type` ASC) USING BTREE,
  INDEX `idx_node_id`(`node_id` ASC) USING BTREE,
  INDEX `idx_status`(`status` ASC) USING BTREE
) ENGINE = InnoDB AUTO_INCREMENT = 63 CHARACTER SET = utf8mb4 COLLATE = utf8mb4_0900_ai_ci COMMENT = '知识图谱节点表' ROW_FORMAT = DYNAMIC;

-- ----------------------------
-- Records of knowledge_graph_node
-- ----------------------------
INSERT INTO `knowledge_graph_node` VALUES (1, 'DEVICE', 1, '光学显微镜OM-2000', '光学显微镜', '高性能光学显微镜，支持40-1000倍放大，配备数码摄像头', '{\"image\":\"/uploads/device/e25dccc5c1d0412baa6a4566b15a8d23.jpg\"}', 100.00, 100.00, 50, '#409EFF', 1, 1, '2026-04-16 03:16:22', '2026-04-23 02:40:17', 1);
INSERT INTO `knowledge_graph_node` VALUES (2, 'DEVICE', 113, '倒置显微镜', '倒置显微镜', '倒置显微镜，适合活细胞培养观察，配有相差和荧光附件', '{\"image\":\"/uploads/device/f12e2ee980c446b6ade52d6505e093e3.jpg\"}', 300.00, 100.00, 50, '#409EFF', 2, 1, '2026-04-16 03:16:22', '2026-04-16 03:16:22', 0);
INSERT INTO `knowledge_graph_node` VALUES (3, 'DEVICE', 114, '二氧化碳培养箱', 'CO2培养箱', '温度范围室温+7~60℃，CO2控制精度±0.1%，HEPA过滤', '{\"image\":\"/uploads/device/d99194af22b34a80b48d3f54e3054e5f.jpg\"}', 500.00, 100.00, 50, '#409EFF', 3, 1, '2026-04-16 03:16:22', '2026-04-16 03:16:22', 0);
INSERT INTO `knowledge_graph_node` VALUES (4, 'DEVICE', 115, '高速离心机', '高速离心机', '最高转速15000rpm，温控范围-10~40℃，可配多种转子', '{\"image\":\"/uploads/device/de15ea7a50b24322bbe1bc470333b496.jpg\"}', 100.00, 300.00, 50, '#409EFF', 4, 1, '2026-04-16 03:16:22', '2026-04-16 03:16:22', 0);
INSERT INTO `knowledge_graph_node` VALUES (5, 'DEVICE', 116, '高效液相色谱仪', '色谱仪', '二元高压梯度系统，自动进样器，UV-Vis检测器', '{\"image\":\"/uploads/device/557025d48b944ef59fd10d1d5e57a24c.jpg\"}', 300.00, 300.00, 50, '#409EFF', 5, 1, '2026-04-16 03:16:22', '2026-04-16 03:16:22', 0);
INSERT INTO `knowledge_graph_node` VALUES (6, 'DEVICE', 117, '数字示波器', '示波器', '带宽200MHz，4通道，采样率2GSa/s', '{\"image\":\"/uploads/device/d2ab6ab18f644e6e9b063a500655be1e.jpg\"}', 500.00, 300.00, 50, '#409EFF', 6, 1, '2026-04-16 03:16:22', '2026-04-16 03:16:22', 0);
INSERT INTO `knowledge_graph_node` VALUES (7, 'DEVICE', 118, '数字万用表', '万用表', '6.5位精度，直流电压、交流电压、电阻测量', '{\"image\":\"/uploads/device/20ccaabb7aff4ce9ba2c53116a1fbf0b.jpg\"}', 100.00, 500.00, 50, '#409EFF', 7, 1, '2026-04-16 03:16:22', '2026-04-16 03:16:22', 0);
INSERT INTO `knowledge_graph_node` VALUES (8, 'DEVICE', 119, '显微镜', '生物显微镜', '生物显微镜，支持40-400倍放大，明场观察', '{\"image\":\"/uploads/device/221fbad4be134cc1ad2ff6a8c863d8cb.jpg\"}', 300.00, 500.00, 50, '#409EFF', 8, 1, '2026-04-16 03:16:22', '2026-04-16 03:16:22', 0);
INSERT INTO `knowledge_graph_node` VALUES (9, 'DEVICE', 120, '信号发生器', '信号源', '任意波形发生器，25MHz带宽，125MSa/s采样率', '{\"image\":\"/uploads/device/300ae331a26541c49a4bc2b447fdec08.jpg\"}', 500.00, 500.00, 50, '#409EFF', 9, 1, '2026-04-16 03:16:22', '2026-04-16 03:16:22', 0);
INSERT INTO `knowledge_graph_node` VALUES (10, 'DEVICE', 121, '旋转蒸发仪', '蒸发器', '0.5-2L，温度范围室温-99℃，自动升降', '{\"image\":\"/uploads/device/51d37de1526a44a0855aa72c33625cb5.jpg\"}', 700.00, 100.00, 50, '#409EFF', 10, 1, '2026-04-16 03:16:22', '2026-04-16 03:16:22', 0);
INSERT INTO `knowledge_graph_node` VALUES (11, 'DEVICE', 122, '原子吸收分光光度计', '原子吸收', '火焰原子化器，波长范围190-900nm', '{\"image\":\"/uploads/device/75d2774256b84b09b161ed015f42cf03.jpg\"}', 700.00, 300.00, 50, '#409EFF', 11, 1, '2026-04-16 03:16:22', '2026-04-16 03:16:22', 0);
INSERT INTO `knowledge_graph_node` VALUES (12, 'KNOWLEDGE', 1, '光学显微镜OM-2000操作', '操作手册', '光学显微镜操作步骤和注意事项', NULL, 100.00, 200.00, 45, '#67C23A', 1, 1, '2026-04-16 03:16:22', '2026-04-16 03:16:22', 0);
INSERT INTO `knowledge_graph_node` VALUES (13, 'KNOWLEDGE', 2, '倒置显微镜操作', '操作手册', '倒置显微镜操作步骤和注意事项', NULL, 300.00, 200.00, 45, '#67C23A', 2, 1, '2026-04-16 03:16:22', '2026-04-16 03:16:22', 0);
INSERT INTO `knowledge_graph_node` VALUES (14, 'KNOWLEDGE', 3, '二氧化碳培养箱使用', '操作手册', 'CO2培养箱操作步骤和注意事项', NULL, 500.00, 200.00, 45, '#67C23A', 3, 1, '2026-04-16 03:16:22', '2026-04-16 03:16:22', 0);
INSERT INTO `knowledge_graph_node` VALUES (15, 'KNOWLEDGE', 4, '高速离心机操作', '操作手册', '高速离心机操作步骤和注意事项', NULL, 100.00, 400.00, 45, '#67C23A', 4, 1, '2026-04-16 03:16:22', '2026-04-16 03:16:22', 0);
INSERT INTO `knowledge_graph_node` VALUES (16, 'KNOWLEDGE', 5, '高效液相色谱仪操作', '操作手册', '高效液相色谱仪操作步骤和注意事项', NULL, 300.00, 400.00, 45, '#67C23A', 5, 1, '2026-04-16 03:16:22', '2026-04-16 03:16:22', 0);
INSERT INTO `knowledge_graph_node` VALUES (17, 'KNOWLEDGE', 6, '数字示波器操作', '操作手册', '数字示波器操作步骤和注意事项', NULL, 500.00, 400.00, 45, '#67C23A', 6, 1, '2026-04-16 03:16:22', '2026-04-16 03:16:22', 0);
INSERT INTO `knowledge_graph_node` VALUES (18, 'KNOWLEDGE', 7, '数字万用表使用', '操作手册', '数字万用表操作步骤和注意事项', NULL, 100.00, 600.00, 45, '#67C23A', 7, 1, '2026-04-16 03:16:22', '2026-04-16 03:16:22', 0);
INSERT INTO `knowledge_graph_node` VALUES (19, 'KNOWLEDGE', 8, '显微镜操作', '操作手册', '显微镜操作步骤和注意事项', NULL, 300.00, 600.00, 45, '#67C23A', 8, 1, '2026-04-16 03:16:22', '2026-04-16 03:16:22', 0);
INSERT INTO `knowledge_graph_node` VALUES (20, 'KNOWLEDGE', 9, '信号发生器操作', '操作手册', '信号发生器操作步骤和注意事项', NULL, 500.00, 600.00, 45, '#67C23A', 9, 1, '2026-04-16 03:16:22', '2026-04-16 03:16:22', 0);
INSERT INTO `knowledge_graph_node` VALUES (21, 'KNOWLEDGE', 10, '旋转蒸发仪操作', '操作手册', '旋转蒸发仪操作步骤和注意事项', NULL, 700.00, 200.00, 45, '#67C23A', 10, 1, '2026-04-16 03:16:22', '2026-04-16 03:16:22', 0);
INSERT INTO `knowledge_graph_node` VALUES (22, 'KNOWLEDGE', 11, '原子吸收分光光度计操作', '操作手册', '原子吸收分光光度计操作步骤和注意事项', NULL, 700.00, 400.00, 45, '#67C23A', 11, 1, '2026-04-16 03:16:22', '2026-04-16 03:16:22', 0);
INSERT INTO `knowledge_graph_node` VALUES (23, 'CATEGORY', NULL, '设备操作手册', '操作手册', '设备操作相关知识', NULL, 900.00, 300.00, 60, '#E6A23C', 1, 1, '2026-04-16 03:16:22', '2026-04-16 03:16:22', 0);
INSERT INTO `knowledge_graph_node` VALUES (24, 'KNOWLEDGE', 12, '显微镜如何校准？', '显微镜如何校准？', '', '', NULL, NULL, 36, '#ba2c2c', 1, 1, '2026-04-23 02:36:53', '2026-04-23 02:36:53', 0);
INSERT INTO `knowledge_graph_node` VALUES (25, 'CATEGORY', NULL, '实验流程', '实验流程', '实验操作流程相关知识', NULL, 900.00, 100.00, 60, '#E6A23C', 2, 1, '2026-04-24 01:50:07', '2026-04-24 01:50:07', 0);
INSERT INTO `knowledge_graph_node` VALUES (26, 'CATEGORY', NULL, '故障排查', '故障排查', '设备故障诊断与排查知识', NULL, 900.00, 200.00, 60, '#E6A23C', 3, 1, '2026-04-24 01:50:07', '2026-04-24 01:50:07', 0);
INSERT INTO `knowledge_graph_node` VALUES (27, 'CATEGORY', NULL, '安全规范', '安全规范', '实验室安全操作规范', NULL, 900.00, 400.00, 60, '#E6A23C', 4, 1, '2026-04-24 01:50:07', '2026-04-24 01:50:07', 0);
INSERT INTO `knowledge_graph_node` VALUES (28, 'CATEGORY', NULL, '常见问题', '常见问题', '系统使用常见问题解答', NULL, 900.00, 500.00, 60, '#E6A23C', 5, 1, '2026-04-24 01:50:07', '2026-04-24 01:50:07', 0);
INSERT INTO `knowledge_graph_node` VALUES (29, 'KNOWLEDGE', 19, '细胞培养实验流程', '实验流程', '细胞培养实验标准操作流程', NULL, 700.00, 50.00, 40, '#67C23A', 19, 1, '2026-04-24 01:50:07', '2026-04-24 01:50:07', 0);
INSERT INTO `knowledge_graph_node` VALUES (30, 'KNOWLEDGE', 20, 'PCR扩增实验流程', '实验流程', 'PCR扩增实验操作流程', NULL, 700.00, 150.00, 40, '#67C23A', 20, 1, '2026-04-24 01:50:07', '2026-04-24 01:50:07', 0);
INSERT INTO `knowledge_graph_node` VALUES (31, 'KNOWLEDGE', 21, '蛋白质提取与定量', '实验流程', '蛋白质提取与BCA定量流程', NULL, 700.00, 250.00, 40, '#67C23A', 21, 1, '2026-04-24 01:50:07', '2026-04-24 01:50:07', 0);
INSERT INTO `knowledge_graph_node` VALUES (32, 'KNOWLEDGE', 22, '分光光度法测定', '实验流程', '紫外分光光度法测定溶液浓度', NULL, 700.00, 350.00, 40, '#67C23A', 22, 1, '2026-04-24 01:50:07', '2026-04-24 01:50:07', 0);
INSERT INTO `knowledge_graph_node` VALUES (33, 'KNOWLEDGE', 23, 'HPLC分析流程', '实验流程', '高效液相色谱分析实验流程', NULL, 700.00, 450.00, 40, '#67C23A', 23, 1, '2026-04-24 01:50:07', '2026-04-24 01:50:07', 0);
INSERT INTO `knowledge_graph_node` VALUES (34, 'KNOWLEDGE', 24, '微生物接种培养', '实验流程', '微生物接种与培养实验流程', NULL, 700.00, 550.00, 40, '#67C23A', 24, 1, '2026-04-24 01:50:07', '2026-04-24 01:50:07', 0);
INSERT INTO `knowledge_graph_node` VALUES (35, 'KNOWLEDGE', 25, '电子电路实验', '实验流程', '电子电路基础实验流程', NULL, 700.00, 650.00, 40, '#67C23A', 25, 1, '2026-04-24 01:50:07', '2026-04-24 01:50:07', 0);
INSERT INTO `knowledge_graph_node` VALUES (36, 'KNOWLEDGE', 26, '干燥称量实验', '实验流程', '样品干燥与称量实验流程', NULL, 700.00, 750.00, 40, '#67C23A', 26, 1, '2026-04-24 01:50:07', '2026-04-24 01:50:07', 0);
INSERT INTO `knowledge_graph_node` VALUES (37, 'KNOWLEDGE', 27, '离心机异常振动', '故障排查', '离心机运行时异常振动排查', NULL, 500.00, 50.00, 40, '#F56C6C', 27, 1, '2026-04-24 01:50:07', '2026-04-24 01:50:07', 0);
INSERT INTO `knowledge_graph_node` VALUES (38, 'KNOWLEDGE', 28, '显微镜成像模糊', '故障排查', '显微镜成像模糊排查', NULL, 500.00, 150.00, 40, '#F56C6C', 28, 1, '2026-04-24 01:50:07', '2026-04-24 01:50:07', 0);
INSERT INTO `knowledge_graph_node` VALUES (39, 'KNOWLEDGE', 29, 'CO2培养箱异常', '故障排查', 'CO2培养箱温度浓度异常', NULL, 500.00, 250.00, 40, '#F56C6C', 29, 1, '2026-04-24 01:50:07', '2026-04-24 01:50:07', 0);
INSERT INTO `knowledge_graph_node` VALUES (40, 'KNOWLEDGE', 30, 'HPLC基线问题', '故障排查', 'HPLC基线漂移或噪声过大', NULL, 500.00, 350.00, 40, '#F56C6C', 30, 1, '2026-04-24 01:50:07', '2026-04-24 01:50:07', 0);
INSERT INTO `knowledge_graph_node` VALUES (41, 'KNOWLEDGE', 31, '天平读数不稳定', '故障排查', '分析天平读数不稳定排查', NULL, 500.00, 450.00, 40, '#F56C6C', 31, 1, '2026-04-24 01:50:07', '2026-04-24 01:50:07', 0);
INSERT INTO `knowledge_graph_node` VALUES (42, 'KNOWLEDGE', 32, 'PCR扩增失败', '故障排查', 'PCR无条带或条带弱排查', NULL, 500.00, 550.00, 40, '#F56C6C', 32, 1, '2026-04-24 01:50:07', '2026-04-24 01:50:07', 0);
INSERT INTO `knowledge_graph_node` VALUES (43, 'KNOWLEDGE', 35, '设备漏电处理', '故障排查', '设备漏电紧急处理流程', NULL, 500.00, 650.00, 40, '#F56C6C', 35, 1, '2026-04-24 01:50:07', '2026-04-24 01:50:07', 0);
INSERT INTO `knowledge_graph_node` VALUES (44, 'KNOWLEDGE', 37, '实验室通用安全', '安全规范', '实验室通用安全规范', NULL, 700.00, 350.00, 45, '#F56C6C', 37, 1, '2026-04-24 01:50:07', '2026-04-24 01:50:07', 0);
INSERT INTO `knowledge_graph_node` VALUES (45, 'KNOWLEDGE', 38, '化学品泄漏应急', '安全规范', '化学品泄漏应急处理', NULL, 700.00, 450.00, 45, '#F56C6C', 38, 1, '2026-04-24 01:50:07', '2026-04-24 01:50:07', 0);
INSERT INTO `knowledge_graph_node` VALUES (46, 'KNOWLEDGE', 39, '高压灭菌锅安全', '安全规范', '高压灭菌锅安全操作', NULL, 700.00, 550.00, 45, '#F56C6C', 39, 1, '2026-04-24 01:50:07', '2026-04-24 01:50:07', 0);
INSERT INTO `knowledge_graph_node` VALUES (47, 'KNOWLEDGE', 40, '离心机安全', '安全规范', '离心机安全操作规范', NULL, 700.00, 650.00, 45, '#F56C6C', 40, 1, '2026-04-24 01:50:07', '2026-04-24 01:50:07', 0);
INSERT INTO `knowledge_graph_node` VALUES (48, 'KNOWLEDGE', 41, '火灾应急处理', '安全规范', '实验室火灾应急处理', NULL, 700.00, 750.00, 45, '#F56C6C', 41, 1, '2026-04-24 01:50:07', '2026-04-24 01:50:07', 0);
INSERT INTO `knowledge_graph_node` VALUES (49, 'KNOWLEDGE', 49, '设备预约方法', '常见问题', '如何预约实验室设备', NULL, 700.00, 450.00, 40, '#909399', 49, 1, '2026-04-24 01:50:07', '2026-04-24 01:50:07', 0);
INSERT INTO `knowledge_graph_node` VALUES (50, 'KNOWLEDGE', 50, '预约冲突处理', '常见问题', '预约时间冲突怎么办', NULL, 700.00, 550.00, 40, '#909399', 50, 1, '2026-04-24 01:50:07', '2026-04-24 01:50:07', 0);
INSERT INTO `knowledge_graph_node` VALUES (51, 'KNOWLEDGE', 51, '设备报修流程', '常见问题', '设备报修操作流程', NULL, 700.00, 650.00, 40, '#909399', 51, 1, '2026-04-24 01:50:07', '2026-04-24 01:50:07', 0);
INSERT INTO `knowledge_graph_node` VALUES (52, 'KNOWLEDGE', 55, '角色权限说明', '常见问题', '系统角色和权限说明', NULL, 700.00, 750.00, 40, '#909399', 55, 1, '2026-04-24 01:50:07', '2026-04-24 01:50:07', 0);
INSERT INTO `knowledge_graph_node` VALUES (53, 'DEVICE', 60, '实时荧光定量PCR仪', 'qPCR仪', '96孔模块，支持Taqman探针和SYBR Green', NULL, 100.00, 700.00, 50, '#409EFF', 12, 1, '2026-04-24 01:50:07', '2026-04-24 01:50:07', 0);
INSERT INTO `knowledge_graph_node` VALUES (54, 'DEVICE', 30, '分析天平BSA124S', '分析天平', '最大称量120g，精度0.1mg', NULL, 300.00, 700.00, 50, '#409EFF', 13, 1, '2026-04-24 01:50:07', '2026-04-24 01:50:07', 0);
INSERT INTO `knowledge_graph_node` VALUES (55, 'DEVICE', 20, '电热恒温干燥箱', '干燥箱', '温度范围RT+10~300℃，PID温控', NULL, 500.00, 700.00, 50, '#409EFF', 14, 1, '2026-04-24 01:50:07', '2026-04-24 01:50:07', 0);
INSERT INTO `knowledge_graph_node` VALUES (56, 'DEVICE', 40, '紫外可见分光光度计', '分光光度计', '波长范围190-1100nm，带宽1nm', NULL, 700.00, 700.00, 50, '#409EFF', 15, 1, '2026-04-24 01:50:07', '2026-04-24 01:50:07', 0);
INSERT INTO `knowledge_graph_node` VALUES (57, 'DEVICE', 80, '高效液相色谱仪HPLC-1260', 'HPLC', '二元高压梯度泵，DAD检测器', NULL, 100.00, 800.00, 50, '#409EFF', 16, 1, '2026-04-24 01:50:07', '2026-04-24 01:50:07', 0);
INSERT INTO `knowledge_graph_node` VALUES (58, 'KNOWLEDGE', 57, 'qPCR仪操作', '操作手册', '实时荧光定量PCR仪操作步骤', NULL, 100.00, 750.00, 40, '#67C23A', 57, 1, '2026-04-24 01:50:07', '2026-04-24 01:50:07', 0);
INSERT INTO `knowledge_graph_node` VALUES (59, 'KNOWLEDGE', 58, '分析天平操作', '操作手册', '分析天平正确使用方法', NULL, 300.00, 750.00, 40, '#67C23A', 58, 1, '2026-04-24 01:50:07', '2026-04-24 01:50:07', 0);
INSERT INTO `knowledge_graph_node` VALUES (60, 'KNOWLEDGE', 59, '干燥箱操作', '操作手册', '电热恒温干燥箱操作步骤', NULL, 500.00, 750.00, 40, '#67C23A', 59, 1, '2026-04-24 01:50:07', '2026-04-24 01:50:07', 0);
INSERT INTO `knowledge_graph_node` VALUES (61, 'KNOWLEDGE', 60, '分光光度计操作', '操作手册', '紫外可见分光光度计操作', NULL, 700.00, 750.00, 40, '#67C23A', 60, 1, '2026-04-24 01:50:07', '2026-04-24 01:50:07', 0);
INSERT INTO `knowledge_graph_node` VALUES (62, 'KNOWLEDGE', 61, 'HPLC-1260操作', '操作手册', 'Agilent 1260 HPLC操作步骤', NULL, 100.00, 850.00, 40, '#67C23A', 61, 1, '2026-04-24 01:50:07', '2026-04-24 01:50:07', 0);

-- ----------------------------
-- Table structure for laboratory
-- ----------------------------
DROP TABLE IF EXISTS `laboratory`;
CREATE TABLE `laboratory`  (
  `id` bigint NOT NULL AUTO_INCREMENT COMMENT '瀹為獙瀹?D',
  `lab_code` varchar(50) CHARACTER SET utf8mb4 COLLATE utf8mb4_0900_ai_ci NOT NULL COMMENT '瀹為獙瀹ょ紪鐮',
  `lab_name` varchar(100) CHARACTER SET utf8mb4 COLLATE utf8mb4_0900_ai_ci NOT NULL COMMENT '瀹為獙瀹ゅ悕绉',
  `lab_type` varchar(50) CHARACTER SET utf8mb4 COLLATE utf8mb4_0900_ai_ci NULL DEFAULT NULL COMMENT '瀹為獙瀹ょ被鍨嬶紙鐗╃悊/鍖栧?/鐢熺墿/璁＄畻鏈?鍏朵粬锛',
  `location` varchar(200) CHARACTER SET utf8mb4 COLLATE utf8mb4_0900_ai_ci NULL DEFAULT NULL COMMENT '瀹為獙瀹や綅缃',
  `floor` varchar(20) CHARACTER SET utf8mb4 COLLATE utf8mb4_0900_ai_ci NULL DEFAULT NULL COMMENT '鎵?湪妤煎眰',
  `building` varchar(100) CHARACTER SET utf8mb4 COLLATE utf8mb4_0900_ai_ci NULL DEFAULT NULL COMMENT '鎵?湪寤虹瓚',
  `area` decimal(10, 2) NULL DEFAULT NULL COMMENT '闈㈢Н锛堝钩鏂圭背锛',
  `capacity` int NULL DEFAULT NULL COMMENT '瀹圭撼浜烘暟',
  `responsible_name` varchar(50) CHARACTER SET utf8mb4 COLLATE utf8mb4_0900_ai_ci NULL DEFAULT NULL COMMENT '璐熻矗浜哄?鍚',
  `responsible_phone` varchar(20) CHARACTER SET utf8mb4 COLLATE utf8mb4_0900_ai_ci NULL DEFAULT NULL COMMENT '璐熻矗浜虹數璇',
  `responsible_email` varchar(100) CHARACTER SET utf8mb4 COLLATE utf8mb4_0900_ai_ci NULL DEFAULT NULL COMMENT '璐熻矗浜洪偖绠',
  `open_time` varchar(10) CHARACTER SET utf8mb4 COLLATE utf8mb4_0900_ai_ci NULL DEFAULT '08:00' COMMENT '寮?斁鏃堕棿寮??',
  `close_time` varchar(10) CHARACTER SET utf8mb4 COLLATE utf8mb4_0900_ai_ci NULL DEFAULT '20:00' COMMENT '寮?斁鏃堕棿缁撴潫',
  `description` text CHARACTER SET utf8mb4 COLLATE utf8mb4_0900_ai_ci NULL COMMENT '瀹為獙瀹ょ畝浠',
  `equipment_count` int NULL DEFAULT 0 COMMENT '璁惧?鏁伴噺',
  `status` int NULL DEFAULT 1 COMMENT '鐘舵?锛?-鍋滅敤锛?-姝ｅ父',
  `create_time` datetime NULL DEFAULT CURRENT_TIMESTAMP COMMENT '鍒涘缓鏃堕棿',
  `update_time` datetime NULL DEFAULT CURRENT_TIMESTAMP ON UPDATE CURRENT_TIMESTAMP COMMENT '鏇存柊鏃堕棿',
  PRIMARY KEY (`id`) USING BTREE,
  UNIQUE INDEX `uk_lab_code`(`lab_code` ASC) USING BTREE,
  INDEX `idx_lab_name`(`lab_name` ASC) USING BTREE,
  INDEX `idx_status`(`status` ASC) USING BTREE
) ENGINE = InnoDB AUTO_INCREMENT = 16 CHARACTER SET = utf8mb4 COLLATE = utf8mb4_0900_ai_ci COMMENT = '瀹為獙瀹や俊鎭?〃' ROW_FORMAT = DYNAMIC;

-- ----------------------------
-- Records of laboratory
-- ----------------------------
INSERT INTO `laboratory` VALUES (1, 'LAB-PHYS-001', '物理实验室A', '物理', '301', '3楼', '博学楼', 150.00, 20, '张实验师', '13800001001', 'zhang@lab.com', '08:00', '20:00', '主要用于大学物理实验教学，配备精密测量仪器', 8, 1, '2026-04-11 19:53:55', '2026-04-11 19:53:55');
INSERT INTO `laboratory` VALUES (2, 'LAB-CHEM-001', '化学实验室B', '化学', '401', '4楼', '博学楼', 200.00, 30, '李教授', '13800001002', 'li@lab.com', '08:00', '22:00', '有机化学与无机化学实验教学实验室，配备通风橱和实验台', 10, 1, '2026-04-11 19:53:55', '2026-04-11 19:53:55');
INSERT INTO `laboratory` VALUES (3, 'LAB-BIO-001', '生物实验室C', '生物', '501', '5楼', '博学楼', 180.00, 35, '王老师', '13800001003', 'wang@lab.com', '08:00', '20:00', '微生物学和细胞生物学实验室，配备显微镜和培养箱', 6, 1, '2026-04-11 19:53:55', '2026-04-11 19:53:55');
INSERT INTO `laboratory` VALUES (15, 'LAB-COMP-001', '计算机实验室', '计算机', '201', '2楼', '博学楼', 50.00, 40, '陈老师', '13800001004', 'chen@lab.com', '08:00', '20:00', '', 0, 0, '2026-04-13 20:59:18', '2026-04-13 20:59:18');

-- ----------------------------
-- Table structure for prediction_config
-- ----------------------------
DROP TABLE IF EXISTS `prediction_config`;
CREATE TABLE `prediction_config`  (
  `id` bigint NOT NULL AUTO_INCREMENT COMMENT '主键ID',
  `config_key` varchar(100) CHARACTER SET utf8mb4 COLLATE utf8mb4_0900_ai_ci NOT NULL COMMENT '配置键',
  `config_value` varchar(200) CHARACTER SET utf8mb4 COLLATE utf8mb4_0900_ai_ci NOT NULL COMMENT '配置值',
  `description` varchar(255) CHARACTER SET utf8mb4 COLLATE utf8mb4_0900_ai_ci NULL DEFAULT NULL COMMENT '配置描述',
  `create_time` datetime NULL DEFAULT CURRENT_TIMESTAMP COMMENT '创建时间',
  PRIMARY KEY (`id`) USING BTREE,
  UNIQUE INDEX `uk_config_key`(`config_key` ASC) USING BTREE
) ENGINE = InnoDB AUTO_INCREMENT = 5 CHARACTER SET = utf8mb4 COLLATE = utf8mb4_0900_ai_ci COMMENT = '预测配置表' ROW_FORMAT = DYNAMIC;

-- ----------------------------
-- Records of prediction_config
-- ----------------------------
INSERT INTO `prediction_config` VALUES (1, 'prediction.enabled', 'true', '是否启用预测功能', '2026-04-11 19:53:55');
INSERT INTO `prediction_config` VALUES (2, 'prediction.booking.smoothing_alpha', '0.3', '霍尔特平滑算法alpha参数', '2026-04-11 19:53:55');
INSERT INTO `prediction_config` VALUES (3, 'prediction.booking.smoothing_beta', '0.1', '霍尔特平滑算法beta参数', '2026-04-11 19:53:55');
INSERT INTO `prediction_config` VALUES (4, 'prediction.booking.confidence_interval', '0.2', '预测置信区间宽度', '2026-04-11 19:53:55');

-- ----------------------------
-- Table structure for repair_order
-- ----------------------------
DROP TABLE IF EXISTS `repair_order`;
CREATE TABLE `repair_order`  (
  `id` bigint NOT NULL AUTO_INCREMENT COMMENT '工单ID',
  `order_no` varchar(50) CHARACTER SET utf8mb4 COLLATE utf8mb4_0900_ai_ci NOT NULL COMMENT '工单编号',
  `device_id` bigint NOT NULL COMMENT '设备ID',
  `reporter_id` bigint NOT NULL COMMENT '报修人ID',
  `fault_description` text CHARACTER SET utf8mb4 COLLATE utf8mb4_0900_ai_ci NOT NULL COMMENT '故障描述',
  `image_path` varchar(255) CHARACTER SET utf8mb4 COLLATE utf8mb4_0900_ai_ci NULL DEFAULT NULL COMMENT '故障图片路径',
  `report_time` datetime NULL DEFAULT CURRENT_TIMESTAMP COMMENT '报修时间',
  `status` int NULL DEFAULT 0 COMMENT '状态：0-待处理，1-处理中，2-已完成，3-已关闭',
  `handler_id` bigint NULL DEFAULT NULL COMMENT '维修人员ID',
  `priority` varchar(20) CHARACTER SET utf8mb4 COLLATE utf8mb4_0900_ai_ci NULL DEFAULT 'NORMAL' COMMENT '优先级：URGENT-紧急，HIGH-高，NORMAL-普通，LOW-低',
  `handle_start_time` datetime NULL DEFAULT NULL COMMENT '维修开始时间',
  `handle_end_time` datetime NULL DEFAULT NULL COMMENT '维修完成时间',
  `fault_cause` text CHARACTER SET utf8mb4 COLLATE utf8mb4_0900_ai_ci NULL COMMENT '故障原因',
  `repair_solution` text CHARACTER SET utf8mb4 COLLATE utf8mb4_0900_ai_ci NULL COMMENT '维修方案',
  `replace_parts` varchar(255) CHARACTER SET utf8mb4 COLLATE utf8mb4_0900_ai_ci NULL DEFAULT NULL COMMENT '更换配件',
  `repair_cost` decimal(10, 2) NULL DEFAULT NULL COMMENT '维修费用',
  `create_time` datetime NULL DEFAULT CURRENT_TIMESTAMP COMMENT '创建时间',
  `update_time` datetime NULL DEFAULT CURRENT_TIMESTAMP ON UPDATE CURRENT_TIMESTAMP COMMENT '更新时间',
  `deleted` int NULL DEFAULT 0 COMMENT '逻辑删除',
  PRIMARY KEY (`id`) USING BTREE,
  UNIQUE INDEX `uk_order_no`(`order_no` ASC) USING BTREE,
  INDEX `idx_device_id`(`device_id` ASC) USING BTREE,
  INDEX `idx_status`(`status` ASC) USING BTREE,
  INDEX `idx_priority`(`priority` ASC) USING BTREE
) ENGINE = InnoDB AUTO_INCREMENT = 35 CHARACTER SET = utf8mb4 COLLATE = utf8mb4_0900_ai_ci COMMENT = '维修工单表' ROW_FORMAT = DYNAMIC;

-- ----------------------------
-- Records of repair_order
-- ----------------------------
INSERT INTO `repair_order` VALUES (1, 'WO20260301001', 6, 7, '电子显微镜对焦不清晰，旋转旋钮无反应，目镜视野模糊', '/uploads/repair/wo1.jpg', '2026-04-11 19:53:55', 2, 15, 'HIGH', '2026-03-01 14:00:00', '2026-03-02 16:00:00', '对焦机构磨损严重，光路透镜污染', '更换对焦旋钮组件，清洁光路透镜，重新校准光路系统', '对焦旋钮组件，光路透镜清洁套装', 8500.00, '2026-04-11 19:53:55', '2026-04-11 19:53:55', 0);
INSERT INTO `repair_order` VALUES (2, 'WO20260305001', 21, 8, '培养箱温度显示异常，实际温度比设定温度高2度，CO2浓度不稳定', '/uploads/repair/wo2.jpg', '2026-04-11 19:53:55', 2, 15, 'NORMAL', '2026-03-05 15:00:00', '2026-03-06 11:00:00', '温度传感器老化，CO2减压阀堵塞', '更换温度传感器，清洁CO2减压阀和管路', '温度传感器，CO2减压阀密封圈', 3200.00, '2026-04-11 19:53:55', '2026-04-11 19:53:55', 0);
INSERT INTO `repair_order` VALUES (3, 'WO20260302001', 15, 10, '天平称量不稳定，数值跳动幅度大，无法稳定读数', '/uploads/repair/wo3.jpg', '2026-04-11 19:53:55', 2, 16, 'NORMAL', '2026-03-02 16:30:00', '2026-03-03 10:00:00', '天平未水平放置，防风罩密封不良', '重新校准天平水平，更换防风罩密封条', '防风罩密封条', 450.00, '2026-04-11 19:53:55', '2026-04-11 19:53:55', 0);
INSERT INTO `repair_order` VALUES (4, 'WO20260220001', 18, 4, '分光光度计光源不稳定，测量数据波动大', '/uploads/repair/wo4.jpg', '2026-04-11 19:53:55', 2, 15, 'HIGH', '2026-02-20 14:00:00', '2026-02-21 09:00:00', '氘灯光源老化', '更换氘灯光源，重新校准波长', '氘灯', 2800.00, '2026-04-11 19:53:55', '2026-04-11 19:53:55', 0);
INSERT INTO `repair_order` VALUES (5, 'WO20260315001', 24, 8, 'PCR仪加热模块故障，扩增温度无法达到设定值', '/uploads/repair/wo5.jpg', '2026-04-11 19:53:55', 2, 15, 'HIGH', '2026-03-15 14:00:00', '2026-03-30 02:10:19', '', '', '加热模块', 0.00, '2026-04-11 19:53:55', '2026-04-11 19:53:55', 0);
INSERT INTO `repair_order` VALUES (6, 'WO20260319001', 27, 12, '高压灭菌锅安全阀漏气，压力无法达到设定值', '/uploads/repair/wo6.jpg', '2026-04-11 19:53:55', 2, 16, 'URGENT', '2026-03-30 02:10:15', '2026-03-30 02:33:50', '', '', NULL, 0.00, '2026-04-11 19:53:55', '2026-04-11 19:53:55', 0);
INSERT INTO `repair_order` VALUES (7, 'WO20260319002', 28, 13, '制冰机出冰量明显减少，制冰时间长', '/uploads/repair/wo7.jpg', '2026-04-11 19:53:55', 2, 19, 'URGENT', '2026-04-10 03:53:38', '2026-04-10 05:46:51', '', '', NULL, 0.00, '2026-04-11 19:53:55', '2026-04-11 19:53:55', 0);
INSERT INTO `repair_order` VALUES (8, 'WO20260319003', 2, 7, '光学显微镜图像模糊，调节旋钮无效', '/uploads/repair/wo8.jpg', '2026-04-11 19:53:55', 2, 19, 'NORMAL', '2026-04-02 02:18:32', '2026-04-10 05:46:53', '', '', NULL, 0.00, '2026-04-11 19:53:55', '2026-04-11 19:53:55', 0);
INSERT INTO `repair_order` VALUES (9, 'WO2037228643411410944', 49, 1, 'cssc', '/uploads/repair/9cbe84647ee0407787b11bbd3fc6662e.jpg', '2026-04-11 19:53:55', 2, 15, 'NORMAL', '2026-03-27 02:02:33', '2026-03-27 02:03:26', 'cssc', 'cscs', NULL, 4.00, '2026-04-11 19:53:55', '2026-04-11 19:53:55', 0);
INSERT INTO `repair_order` VALUES (10, 'WO2039067600206020608', 105, 1, 'cscscs', NULL, '2026-04-11 19:53:55', 2, 19, 'NORMAL', '2026-04-01 03:49:35', '2026-04-01 03:50:00', '', '', NULL, 0.00, '2026-04-11 19:53:55', '2026-04-11 19:53:55', 0);
INSERT INTO `repair_order` VALUES (11, 'WO2039088052718649344', 106, 9, '显示屏不亮，无法开机', NULL, '2026-04-11 19:53:55', 1, 12, 'NORMAL', '2026-04-01 05:10:51', NULL, NULL, NULL, NULL, NULL, '2026-04-11 19:53:55', '2026-04-11 19:53:55', 0);
INSERT INTO `repair_order` VALUES (12, 'WO2039299135324565504', 107, 19, 'cscs', '/uploads/repair/ca6f5d271a30482e8b1eb2c50937ef6b.png', '2026-04-11 19:53:55', 2, 19, 'NORMAL', '2026-04-01 19:09:37', '2026-04-01 19:51:51', '111', '111', NULL, 1111.00, '2026-04-11 19:53:55', '2026-04-11 19:53:55', 0);
INSERT INTO `repair_order` VALUES (13, 'WO2039329823885209600', 1, 2, '测试', '/uploads/repair/0919eddc8b394635b631d8f75d3b4988.jpg', '2026-04-11 19:53:55', 2, 19, 'NORMAL', '2026-04-01 21:11:34', '2026-04-02 02:18:52', 'csc', 'cscs', NULL, 11111.00, '2026-04-11 19:53:55', '2026-04-11 19:53:55', 0);
INSERT INTO `repair_order` VALUES (14, 'WO2039391323773546496', 108, 15, 'cscsc', '/uploads/repair/10a3ebf203984a199a500f48916f91b8.jpg', '2026-04-11 19:53:55', 1, 20, 'NORMAL', '2026-04-02 01:15:56', NULL, NULL, NULL, NULL, NULL, '2026-04-11 19:53:55', '2026-04-11 19:53:55', 0);
INSERT INTO `repair_order` VALUES (15, 'WO2039391638480564224', 3, 15, 'cscsc', '/uploads/repair/d37dd1cc8df045e08fa2f1919ffe4c1f.jpg', '2026-04-11 19:53:55', 1, 12, 'NORMAL', '2026-04-02 01:17:11', NULL, NULL, NULL, NULL, NULL, '2026-04-11 19:53:55', '2026-04-11 19:53:55', 0);
INSERT INTO `repair_order` VALUES (16, 'WO2039391748736233472', 10, 15, 'cscs', NULL, '2026-04-11 19:53:55', 2, 19, 'NORMAL', '2026-04-02 01:17:38', '2026-04-02 02:18:41', '', '', NULL, 0.00, '2026-04-11 19:53:55', '2026-04-11 19:53:55', 0);
INSERT INTO `repair_order` VALUES (17, 'WO2040406962894016512', 107, 18, '测试', '/uploads/repair/c3f90442135b4c8f98a088571e1879e6.jpg', '2026-04-11 19:53:55', 2, 19, 'NORMAL', '2026-04-04 20:31:44', '2026-04-04 20:44:20', '测试', '测试', NULL, 110.00, '2026-04-11 19:53:55', '2026-04-11 19:53:55', 0);
INSERT INTO `repair_order` VALUES (18, 'WO2041952401556615168', 110, 1, '菜市场', '/uploads/repair/5391bb15954d4f7d84d3b19541ee40f7.jpg', '2026-04-11 19:53:55', 2, 19, 'NORMAL', '2026-04-09 02:52:45', '2026-04-10 05:46:57', '', '', NULL, 0.00, '2026-04-11 19:53:55', '2026-04-11 19:53:55', 0);
INSERT INTO `repair_order` VALUES (19, 'WO2042321547129638912', 1, 4, '测试', '/uploads/repair/3bdd587b08ed41248a758d6dea488333.jpg', '2026-04-11 19:53:55', 2, 20, 'NORMAL', '2026-04-10 03:19:36', '2026-04-10 03:26:48', '', '', NULL, 0.00, '2026-04-11 19:53:55', '2026-04-11 19:53:55', 0);
INSERT INTO `repair_order` VALUES (20, 'WO2042330170069209088', 1, 1, '测试', '/uploads/repair/2718a4036ca2404a872df151e1408891.jpg', '2026-04-11 19:53:55', 1, 20, 'NORMAL', '2026-04-10 03:53:52', NULL, NULL, NULL, NULL, NULL, '2026-04-11 19:53:55', '2026-04-11 19:53:55', 0);
INSERT INTO `repair_order` VALUES (21, 'WO2042331269677305856', 111, 1, '33 ', NULL, '2026-04-11 19:53:55', 1, 20, 'NORMAL', '2026-04-10 03:58:14', NULL, NULL, NULL, NULL, NULL, '2026-04-11 19:53:55', '2026-04-11 19:53:55', 0);
INSERT INTO `repair_order` VALUES (22, 'WO2042355488595238912', 120, 1, 'cs ', '/uploads/repair/d33308fe994540bbabe4bf57e52344ec.jpg', '2026-04-11 19:53:55', 2, 19, 'NORMAL', '2026-04-10 05:34:28', '2026-04-10 05:46:48', '', '', NULL, 0.00, '2026-04-11 19:53:55', '2026-04-11 19:53:55', 0);
INSERT INTO `repair_order` VALUES (23, 'WO2042358750140559360', 113, 1, 'cs', '/uploads/repair/4eddc98557224257abd09481d664a774.jpg', '2026-04-11 19:53:55', 1, 19, 'NORMAL', '2026-04-10 05:47:26', NULL, NULL, NULL, NULL, NULL, '2026-04-11 19:53:55', '2026-04-11 19:53:55', 0);
INSERT INTO `repair_order` VALUES (24, 'WO2042358830973186048', 114, 1, 'cs ', NULL, '2026-04-11 19:53:55', 1, 19, 'NORMAL', '2026-04-10 05:47:45', NULL, NULL, NULL, NULL, NULL, '2026-04-11 19:53:55', '2026-04-11 19:53:55', 0);
INSERT INTO `repair_order` VALUES (25, 'WO2042358863730700288', 115, 1, 'cscs', '/uploads/repair/b610accfe9074479833a1d30066e47ef.jpg', '2026-04-11 19:53:55', 2, 19, 'NORMAL', '2026-04-10 05:47:53', '2026-04-10 05:54:59', '', '', NULL, 0.00, '2026-04-11 19:53:55', '2026-04-11 19:53:55', 0);
INSERT INTO `repair_order` VALUES (26, 'WO2042360583156158464', 116, 1, 'cs', '/uploads/repair/c39e58380b16455597ba23e92363f7de.jpg', '2026-04-11 19:53:55', 1, 20, 'NORMAL', '2026-04-10 05:54:43', NULL, NULL, NULL, NULL, NULL, '2026-04-11 19:53:55', '2026-04-11 19:53:55', 0);
INSERT INTO `repair_order` VALUES (27, 'WO2042390026935345152', 116, 2, 'cs', '/uploads/repair/0967bef0c58e4c9292015d7bd2604dc9.jpg', '2026-04-11 19:53:55', 1, 19, 'NORMAL', '2026-04-10 07:51:43', NULL, NULL, NULL, NULL, NULL, '2026-04-11 19:53:55', '2026-04-11 19:53:55', 0);
INSERT INTO `repair_order` VALUES (28, 'WO2043687712007479296', 117, 1, 'csc', '/uploads/repair/27a932175ad54e329b9cd4c983babb7c.jpg', '2026-04-13 21:48:15', 2, 19, 'NORMAL', '2026-04-13 21:48:15', '2026-04-23 01:49:41', '', '', NULL, 0.00, '2026-04-13 21:48:15', '2026-04-13 21:48:15', 0);
INSERT INTO `repair_order` VALUES (29, 'WO2043687862977257472', 121, 1, 'cc', '/uploads/repair/9a8f73b856014fcb9040ec6b95d12f0c.jpg', '2026-04-13 21:48:51', 1, 20, 'NORMAL', '2026-04-13 21:48:51', NULL, NULL, NULL, NULL, NULL, '2026-04-13 21:48:51', '2026-04-13 21:48:51', 0);
INSERT INTO `repair_order` VALUES (30, 'WO2045891292458156032', 118, 18, '超出', '/uploads/repair/98eb6eebab064e63bd0df95478a2389f.jpg', '2026-04-19 23:44:30', 2, 19, 'NORMAL', '2026-04-19 23:44:30', '2026-04-19 23:46:32', '成', '成', NULL, 1111.00, '2026-04-19 23:44:30', '2026-04-19 23:44:30', 0);
INSERT INTO `repair_order` VALUES (31, 'WO2047010250519302144', 1, 1, '测试', '/uploads/repair/56999c4078c54342a8d615b1dc44c7e0.jpg', '2026-04-23 01:50:50', 2, 19, 'NORMAL', '2026-04-23 01:50:50', '2026-04-23 01:51:04', '测试', '测试', NULL, 0.00, '2026-04-23 01:50:50', '2026-04-23 01:50:50', 0);
INSERT INTO `repair_order` VALUES (32, 'WO2047655292535660544', 126, 6, '测试', '/uploads/repair/0c71214b89954d84b189fac51dd3b6f2.jpg', '2026-04-24 20:34:00', 2, 19, 'NORMAL', '2026-04-24 20:34:00', '2026-04-24 20:34:45', '123', '1231', NULL, 13.00, '2026-04-24 20:34:00', '2026-04-24 20:34:00', 0);
INSERT INTO `repair_order` VALUES (33, 'WO2047757762792370176', 122, 2, '测试', '/uploads/repair/8961414a08f24597b518535b5966acfd.jpg', '2026-04-25 03:21:11', 2, 19, 'NORMAL', '2026-04-25 03:21:11', '2026-04-25 03:22:02', '测试', '测试', NULL, 12112.00, '2026-04-25 03:21:11', '2026-04-25 03:21:11', 0);
INSERT INTO `repair_order` VALUES (34, 'WO2047844262125101056', 126, 6, '测试', '/uploads/repair/65ea1b28eb10471aaff780b9937290aa.jpg', '2026-04-25 09:04:54', 2, 19, 'NORMAL', '2026-04-25 09:04:54', '2026-04-25 09:05:29', '橙色1231', '测试', NULL, 111.00, '2026-04-25 09:04:54', '2026-04-25 09:04:54', 0);

-- ----------------------------
-- Table structure for role_data_scope
-- ----------------------------
DROP TABLE IF EXISTS `role_data_scope`;
CREATE TABLE `role_data_scope`  (
  `id` bigint NOT NULL AUTO_INCREMENT COMMENT 'ID',
  `role_id` bigint NOT NULL COMMENT '角色ID',
  `scope_type` varchar(20) CHARACTER SET utf8mb4 COLLATE utf8mb4_0900_ai_ci NOT NULL DEFAULT 'ALL' COMMENT '范围类型：ALL-全部，DEPT-本部门，SELF-仅本人，CUSTOM-自定义',
  `custom_lab_ids` varchar(500) CHARACTER SET utf8mb4 COLLATE utf8mb4_0900_ai_ci NULL DEFAULT NULL COMMENT '自定义实验室ID列表',
  `device_scope` varchar(100) CHARACTER SET utf8mb4 COLLATE utf8mb4_0900_ai_ci NULL DEFAULT 'VIEW,EDIT' COMMENT '设备权限：VIEW-查看，EDIT-编辑，DELETE-删除，STATUS-状态管理',
  `booking_scope` varchar(100) CHARACTER SET utf8mb4 COLLATE utf8mb4_0900_ai_ci NULL DEFAULT 'VIEW' COMMENT '预约权限：VIEW-查看，AUDIT-审核，CANCEL-取消，EXPORT-导出',
  `user_scope` varchar(100) CHARACTER SET utf8mb4 COLLATE utf8mb4_0900_ai_ci NULL DEFAULT 'VIEW' COMMENT '用户权限：VIEW-查看，EDIT-编辑，ROLE-分配角色，DELETE-删除',
  `create_time` datetime NULL DEFAULT CURRENT_TIMESTAMP COMMENT '创建时间',
  `update_time` datetime NULL DEFAULT CURRENT_TIMESTAMP ON UPDATE CURRENT_TIMESTAMP COMMENT '更新时间',
  PRIMARY KEY (`id`) USING BTREE,
  UNIQUE INDEX `uk_role_id`(`role_id` ASC) USING BTREE
) ENGINE = InnoDB AUTO_INCREMENT = 101 CHARACTER SET = utf8mb4 COLLATE = utf8mb4_0900_ai_ci COMMENT = '角色数据权限表' ROW_FORMAT = DYNAMIC;

-- ----------------------------
-- Records of role_data_scope
-- ----------------------------
INSERT INTO `role_data_scope` VALUES (1, 1, 'ALL', NULL, 'VIEW,EDIT,DELETE,STATUS', 'VIEW,AUDIT,CANCEL,EXPORT', 'VIEW,EDIT,ROLE,DELETE', '2026-04-11 19:53:55', '2026-04-11 19:53:55');
INSERT INTO `role_data_scope` VALUES (2, 2, 'DEPT', NULL, 'VIEW,EDIT,DELETE,STATUS', 'VIEW,AUDIT,CANCEL,EXPORT', 'VIEW', '2026-04-11 19:53:55', '2026-04-11 19:53:55');
INSERT INTO `role_data_scope` VALUES (3, 3, 'DEPT', NULL, 'VIEW', 'VIEW,AUDIT', 'VIEW', '2026-04-11 19:53:55', '2026-04-11 19:53:55');
INSERT INTO `role_data_scope` VALUES (4, 4, 'SELF', '', 'VIEW', 'VIEW,CANCEL,EXPORT', 'VIEW', '2026-04-11 19:53:55', '2026-04-11 19:53:55');
INSERT INTO `role_data_scope` VALUES (5, 5, 'ALL', '', 'VIEW,EDIT,STATUS', 'VIEW', 'VIEW', '2026-04-11 19:53:55', '2026-04-11 19:53:55');
INSERT INTO `role_data_scope` VALUES (6, 6, 'ALL', '', 'VIEW,EDIT,DELETE,STATUS', 'VIEW,EXPORT,CANCEL,AUDIT', 'DELETE,VIEW,ROLE,EDIT', '2026-04-11 19:53:55', '2026-04-22 19:28:40');
INSERT INTO `role_data_scope` VALUES (100, 100, 'CUSTOM', '物理实验室A,化学实验室B,生物实验室C', 'VIEW,EDIT,STATUS,DELETE', 'VIEW', 'VIEW,EDIT,ROLE,DELETE', '2026-04-11 19:53:55', '2026-04-11 19:53:55');

-- ----------------------------
-- Table structure for sys_config
-- ----------------------------
DROP TABLE IF EXISTS `sys_config`;
CREATE TABLE `sys_config`  (
  `id` bigint NOT NULL AUTO_INCREMENT COMMENT '配置ID',
  `config_key` varchar(100) CHARACTER SET utf8mb4 COLLATE utf8mb4_0900_ai_ci NOT NULL COMMENT '配置键',
  `config_value` text CHARACTER SET utf8mb4 COLLATE utf8mb4_0900_ai_ci NULL COMMENT '配置值（JSON格式）',
  `config_type` varchar(20) CHARACTER SET utf8mb4 COLLATE utf8mb4_0900_ai_ci NULL DEFAULT 'STRING' COMMENT '值类型：STRING-字符串，INT-整数，BOOLEAN-布尔，JSON-JSON对象',
  `config_name` varchar(100) CHARACTER SET utf8mb4 COLLATE utf8mb4_0900_ai_ci NULL DEFAULT NULL COMMENT '配置名称',
  `config_group` varchar(50) CHARACTER SET utf8mb4 COLLATE utf8mb4_0900_ai_ci NULL DEFAULT 'SYSTEM' COMMENT '分组：SYSTEM-系统配置，NOTIFICATION-通知配置，BACKUP-备份配置，BOOKING-预约配置',
  `description` varchar(255) CHARACTER SET utf8mb4 COLLATE utf8mb4_0900_ai_ci NULL DEFAULT NULL COMMENT '描述',
  `create_time` datetime NULL DEFAULT CURRENT_TIMESTAMP COMMENT '创建时间',
  `update_time` datetime NULL DEFAULT CURRENT_TIMESTAMP ON UPDATE CURRENT_TIMESTAMP COMMENT '更新时间',
  PRIMARY KEY (`id`) USING BTREE,
  UNIQUE INDEX `uk_config_key`(`config_key` ASC) USING BTREE
) ENGINE = InnoDB AUTO_INCREMENT = 32 CHARACTER SET = utf8mb4 COLLATE = utf8mb4_0900_ai_ci COMMENT = '系统配置表' ROW_FORMAT = DYNAMIC;

-- ----------------------------
-- Records of sys_config
-- ----------------------------
INSERT INTO `sys_config` VALUES (1, 'audit_mode', 'MANUAL', 'STRING', '预约审核模式', 'BOOKING', '预约审核模式：MANUAL-人工审核，AUTO-自动审核', '2026-04-11 19:53:55', '2026-04-11 19:53:55');
INSERT INTO `sys_config` VALUES (2, 'advance_hours', '24', 'INT', '提前预约时长', 'BOOKING', '用户需提前预约的小时数', '2026-04-11 19:53:55', '2026-04-11 19:53:55');
INSERT INTO `sys_config` VALUES (3, 'max_booking_duration', '8', 'INT', '单次最大预约时长', 'BOOKING', '单次预约的最大小时数', '2026-04-11 19:53:55', '2026-04-11 19:53:55');
INSERT INTO `sys_config` VALUES (4, 'cancel_before_hours', '2', 'INT', '取消预约时限', 'BOOKING', '取消预约需提前的小时数', '2026-04-11 19:53:55', '2026-04-11 19:53:55');
INSERT INTO `sys_config` VALUES (5, 'notification_enabled', 'true', 'BOOLEAN', '系统通知开关', 'NOTIFICATION', '是否启用系统通知功能', '2026-04-11 19:53:55', '2026-04-11 19:53:55');
INSERT INTO `sys_config` VALUES (6, 'notification_types', '[\"BOOKING\",\"REPAIR\",\"AUDIT\"]', 'JSON', '通知类型', 'NOTIFICATION', '启用的通知类型列表', '2026-04-11 19:53:55', '2026-04-11 19:53:55');
INSERT INTO `sys_config` VALUES (7, 'backup_enabled', 'true', 'BOOLEAN', '自动备份开关', 'BACKUP', '是否启用自动备份', '2026-04-11 19:53:55', '2026-04-11 19:53:55');
INSERT INTO `sys_config` VALUES (8, 'backup_path', '/data/backup', 'STRING', '备份存储路径', 'BACKUP', '数据库备份文件存储路径', '2026-04-11 19:53:55', '2026-04-11 19:53:55');
INSERT INTO `sys_config` VALUES (9, 'backup_retention_days', '30', 'INT', '备份保留天数', 'BACKUP', '自动清理超过指定天数的备份文件', '2026-04-11 19:53:55', '2026-04-11 19:53:55');
INSERT INTO `sys_config` VALUES (10, 'ai_confidence_threshold', '0.7', 'STRING', 'AI置信度阈值', 'SYSTEM', 'AI问答匹配置信度最低要求', '2026-04-11 19:53:55', '2026-04-11 19:53:55');
INSERT INTO `sys_config` VALUES (11, 'ai_response_timeout', '5000', 'INT', 'AI响应超时', 'SYSTEM', 'AI问答最大响应时间（毫秒）', '2026-04-11 19:53:55', '2026-04-11 19:53:55');
INSERT INTO `sys_config` VALUES (12, 'system_name', '实验室设备预约系统', 'STRING', '系统名称', 'SYSTEM', '系统显示名称', '2026-04-11 19:53:55', '2026-04-11 19:53:55');
INSERT INTO `sys_config` VALUES (13, 'system_version', '1.0.0', 'STRING', '系统版本', 'SYSTEM', '当前系统版本号', '2026-04-11 19:53:55', '2026-04-11 19:53:55');
INSERT INTO `sys_config` VALUES (14, 'session_timeout', '3600', 'INT', '会话超时时间', 'SYSTEM', '用户无操作超时时间（秒）', '2026-04-11 19:53:55', '2026-04-11 19:53:55');
INSERT INTO `sys_config` VALUES (15, 'maintenance_mode', 'false', 'BOOLEAN', '维护模式', 'SYSTEM', '是否开启系统维护模式', '2026-04-11 19:53:55', '2026-04-11 19:53:55');
INSERT INTO `sys_config` VALUES (16, 'booking.global.timeRange', '{\"start\":\"08:00\",\"end\":\"22:00\",\"weekdays\":[\"3\",\"1\",\"2\",\"4\",\"5\",\"6\",\"7\"]}', 'JSON', '全局工作时段', 'BOOKING_RULE', '', '2026-04-11 19:53:55', '2026-04-11 19:53:55');
INSERT INTO `sys_config` VALUES (17, 'booking.audit.mode', 'MANUAL', 'STRING', '预约审核模式', 'BOOKING', 'MANUAL=人工审核, AUTO=自动审核', '2026-04-11 19:53:55', '2026-04-11 19:53:55');
INSERT INTO `sys_config` VALUES (18, 'booking.audit.autoConditions', '[\"noConflict\",\"withinLimit\",\"advanceTime\"]', 'JSON', '自动审核条件', 'BOOKING', '无冲突+限额+提前时间同时满足时自动通过', '2026-04-11 19:53:55', '2026-04-11 19:53:55');
INSERT INTO `sys_config` VALUES (19, 'backup.auto.enabled', 'true', 'BOOLEAN', '启用自动备份', 'BACKUP', '', '2026-04-11 19:53:55', '2026-04-11 19:53:55');
INSERT INTO `sys_config` VALUES (20, 'backup.auto.cycle', 'DAILY', 'STRING', '备份周期', 'BACKUP', '', '2026-04-11 19:53:55', '2026-04-11 19:53:55');
INSERT INTO `sys_config` VALUES (21, 'backup.auto.time', '19:56', 'STRING', '每日备份时间', 'BACKUP', '', '2026-04-11 19:53:55', '2026-04-11 19:53:55');
INSERT INTO `sys_config` VALUES (22, 'backup.auto.weekDay', '1', 'STRING', '每周备份星期', 'BACKUP', '', '2026-04-11 19:53:55', '2026-04-11 19:53:55');
INSERT INTO `sys_config` VALUES (23, 'backup.auto.keepCount', '3', 'INT', '保留备份数量', 'BACKUP', '', '2026-04-11 19:53:55', '2026-04-11 19:53:55');
INSERT INTO `sys_config` VALUES (24, 'booking.global.basic', '{\"minAdvanceHours\":1,\"maxBookingHours\":1,\"maxBookingsPerDevicePerDay\":3,\"maxBookingsPerUserPerDay\":3,\"cancelDeadlineHours\":66,\"noShowThreshold\":1}', 'JSON', '全局预约基础规则', 'BOOKING_RULE', '', '2026-04-11 19:53:55', '2026-04-11 19:53:55');
INSERT INTO `sys_config` VALUES (25, 'booking.global.roleLimits', '{\"studentDeviceHours\":2,\"teacherDeviceHours\":5,\"maintainerCanBook\":true,\"studentNeedAudit\":false}', 'JSON', '按角色预约限额', 'BOOKING_RULE', '', '2026-04-11 19:53:55', '2026-04-11 19:53:55');
INSERT INTO `sys_config` VALUES (26, 'notification.channels', '[\"SYSTEM\"]', 'JSON', '通知方式', 'NOTIFICATION', 'SYSTEM=系统消息, SMS=短信, EMAIL=邮件', '2026-04-11 19:53:55', '2026-04-11 19:53:55');
INSERT INTO `sys_config` VALUES (27, 'notification.scene.bookingSubmit', 'true', 'BOOLEAN', '预约提交通知', 'NOTIFICATION', '', '2026-04-11 19:53:55', '2026-04-11 19:53:55');
INSERT INTO `sys_config` VALUES (28, 'notification.scene.bookingAudit', 'true', 'BOOLEAN', '审核结果通知', 'NOTIFICATION', '', '2026-04-11 19:53:55', '2026-04-11 19:53:55');
INSERT INTO `sys_config` VALUES (29, 'notification.scene.repairAssign', 'true', 'BOOLEAN', '维修工单分配通知', 'NOTIFICATION', '', '2026-04-11 19:53:55', '2026-04-11 19:53:55');
INSERT INTO `sys_config` VALUES (30, 'notification.scene.calibrationReminder', 'true', 'BOOLEAN', '校准到期提醒', 'NOTIFICATION', '', '2026-04-11 19:53:55', '2026-04-11 19:53:55');
INSERT INTO `sys_config` VALUES (31, 'backup.auto.lastRunMinute', '2026-05-06 19:56', 'STRING', '自动备份最近执行分钟', 'BACKUP', '用于避免同一分钟重复执行', '2026-04-11 19:53:55', '2026-04-11 19:53:55');

-- ----------------------------
-- Table structure for sys_log
-- ----------------------------
DROP TABLE IF EXISTS `sys_log`;
CREATE TABLE `sys_log`  (
  `id` bigint NOT NULL AUTO_INCREMENT COMMENT '日志ID',
  `user_id` bigint NULL DEFAULT NULL COMMENT '操作用户ID',
  `username` varchar(50) CHARACTER SET utf8mb4 COLLATE utf8mb4_0900_ai_ci NULL DEFAULT NULL COMMENT '操作用户名',
  `user_type` varchar(20) CHARACTER SET utf8mb4 COLLATE utf8mb4_0900_ai_ci NULL DEFAULT NULL COMMENT '用户角色类型',
  `module` varchar(50) CHARACTER SET utf8mb4 COLLATE utf8mb4_0900_ai_ci NULL DEFAULT NULL COMMENT '操作模块',
  `operation` varchar(50) CHARACTER SET utf8mb4 COLLATE utf8mb4_0900_ai_ci NULL DEFAULT NULL COMMENT '操作类型',
  `method` varchar(100) CHARACTER SET utf8mb4 COLLATE utf8mb4_0900_ai_ci NULL DEFAULT NULL COMMENT '请求方法',
  `request_url` varchar(255) CHARACTER SET utf8mb4 COLLATE utf8mb4_0900_ai_ci NULL DEFAULT NULL COMMENT '请求URL',
  `request_params` text CHARACTER SET utf8mb4 COLLATE utf8mb4_0900_ai_ci NULL COMMENT '请求参数',
  `response_result` text CHARACTER SET utf8mb4 COLLATE utf8mb4_0900_ai_ci NULL COMMENT '响应结果',
  `ip_address` varchar(50) CHARACTER SET utf8mb4 COLLATE utf8mb4_0900_ai_ci NULL DEFAULT NULL COMMENT 'IP地址',
  `duration` bigint NULL DEFAULT NULL COMMENT '操作耗时（毫秒）',
  `status` int NULL DEFAULT 1 COMMENT '状态：0-失败，1-成功',
  `error_msg` text CHARACTER SET utf8mb4 COLLATE utf8mb4_0900_ai_ci NULL COMMENT '错误信息',
  `create_time` datetime NULL DEFAULT CURRENT_TIMESTAMP COMMENT '创建时间',
  PRIMARY KEY (`id`) USING BTREE,
  INDEX `idx_user_id`(`user_id` ASC) USING BTREE,
  INDEX `idx_module`(`module` ASC) USING BTREE,
  INDEX `idx_create_time`(`create_time` ASC) USING BTREE
) ENGINE = InnoDB AUTO_INCREMENT = 69214 CHARACTER SET = utf8mb4 COLLATE = utf8mb4_0900_ai_ci COMMENT = '系统日志表' ROW_FORMAT = DYNAMIC;

-- ----------------------------
-- Records of sys_log
-- ----------------------------
INSERT INTO `sys_log` VALUES (69114, 1, 'admin', 'SYSTEM_ADMIN', '系统消息', 'QUERY', 'GET', '/api/notification/unread-count', '{\"_userAgent\":\"Mozilla/5.0 (Windows NT 10.0; Win64; x64) AppleWebKit/537.36 (KHTML, like Gecko) Chrome/123.0.0.0 Safari/537.36 QQBrowser/21.0.8365.400\"}', NULL, '127.0.0.1', 3, 1, NULL, '2026-05-05 21:32:25');
INSERT INTO `sys_log` VALUES (69115, 1, 'admin', 'SYSTEM_ADMIN', '系统消息', 'QUERY', 'GET', '/api/notification/unread-count', '{\"_userAgent\":\"Mozilla/5.0 (Windows NT 10.0; Win64; x64) AppleWebKit/537.36 (KHTML, like Gecko) Chrome/123.0.0.0 Safari/537.36 QQBrowser/21.0.8365.400\"}', NULL, '127.0.0.1', 4, 1, NULL, '2026-05-05 21:33:25');
INSERT INTO `sys_log` VALUES (69116, 1, 'admin', 'SYSTEM_ADMIN', '系统消息', 'QUERY', 'GET', '/api/notification/unread-count', '{\"_userAgent\":\"Mozilla/5.0 (Windows NT 10.0; Win64; x64) AppleWebKit/537.36 (KHTML, like Gecko) Chrome/123.0.0.0 Safari/537.36 QQBrowser/21.0.8365.400\"}', NULL, '127.0.0.1', 3, 1, NULL, '2026-05-05 21:34:25');
INSERT INTO `sys_log` VALUES (69117, 1, 'admin', 'SYSTEM_ADMIN', '系统消息', 'QUERY', 'GET', '/api/notification/unread-count', '{\"_userAgent\":\"Mozilla/5.0 (Windows NT 10.0; Win64; x64) AppleWebKit/537.36 (KHTML, like Gecko) Chrome/123.0.0.0 Safari/537.36 QQBrowser/21.0.8365.400\"}', NULL, '127.0.0.1', 4, 1, NULL, '2026-05-05 21:35:25');
INSERT INTO `sys_log` VALUES (69118, 1, 'admin', 'SYSTEM_ADMIN', '系统消息', 'QUERY', 'GET', '/api/notification/unread-count', '{\"_userAgent\":\"Mozilla/5.0 (Windows NT 10.0; Win64; x64) AppleWebKit/537.36 (KHTML, like Gecko) Chrome/123.0.0.0 Safari/537.36 QQBrowser/21.0.8365.400\"}', NULL, '127.0.0.1', 4, 1, NULL, '2026-05-05 21:36:25');
INSERT INTO `sys_log` VALUES (69119, 1, 'admin', 'SYSTEM_ADMIN', '系统消息', 'QUERY', 'GET', '/api/notification/unread-count', '{\"_userAgent\":\"Mozilla/5.0 (Windows NT 10.0; Win64; x64) AppleWebKit/537.36 (KHTML, like Gecko) Chrome/123.0.0.0 Safari/537.36 QQBrowser/21.0.8365.400\"}', NULL, '127.0.0.1', 6, 1, NULL, '2026-05-05 21:36:55');
INSERT INTO `sys_log` VALUES (69120, 1, 'admin', 'SYSTEM_ADMIN', '系统消息', 'QUERY', 'GET', '/api/notification/unread-count', '{\"_userAgent\":\"Mozilla/5.0 (Windows NT 10.0; Win64; x64) AppleWebKit/537.36 (KHTML, like Gecko) Chrome/123.0.0.0 Safari/537.36 QQBrowser/21.0.8365.400\"}', NULL, '127.0.0.1', 3, 1, NULL, '2026-05-05 21:37:24');
INSERT INTO `sys_log` VALUES (69121, 1, 'admin', 'SYSTEM_ADMIN', '系统消息', 'QUERY', 'GET', '/api/notification/unread-count', '{\"_userAgent\":\"Mozilla/5.0 (Windows NT 10.0; Win64; x64) AppleWebKit/537.36 (KHTML, like Gecko) Chrome/123.0.0.0 Safari/537.36 QQBrowser/21.0.8365.400\"}', NULL, '127.0.0.1', 2, 1, NULL, '2026-05-05 21:37:54');
INSERT INTO `sys_log` VALUES (69122, 1, 'admin', 'SYSTEM_ADMIN', '系统消息', 'QUERY', 'GET', '/api/notification/unread-count', '{\"_userAgent\":\"Mozilla/5.0 (Windows NT 10.0; Win64; x64) AppleWebKit/537.36 (KHTML, like Gecko) Chrome/123.0.0.0 Safari/537.36 QQBrowser/21.0.8365.400\"}', NULL, '127.0.0.1', 2, 1, NULL, '2026-05-05 21:38:24');
INSERT INTO `sys_log` VALUES (69123, 1, 'admin', 'SYSTEM_ADMIN', '系统消息', 'QUERY', 'GET', '/api/notification/unread-count', '{\"_userAgent\":\"Mozilla/5.0 (Windows NT 10.0; Win64; x64) AppleWebKit/537.36 (KHTML, like Gecko) Chrome/123.0.0.0 Safari/537.36 QQBrowser/21.0.8365.400\"}', NULL, '127.0.0.1', 3, 1, NULL, '2026-05-05 21:38:54');
INSERT INTO `sys_log` VALUES (69124, 1, 'admin', 'SYSTEM_ADMIN', '系统消息', 'QUERY', 'GET', '/api/notification/unread-count', '{\"_userAgent\":\"Mozilla/5.0 (Windows NT 10.0; Win64; x64) AppleWebKit/537.36 (KHTML, like Gecko) Chrome/123.0.0.0 Safari/537.36 QQBrowser/21.0.8365.400\"}', NULL, '127.0.0.1', 3, 1, NULL, '2026-05-05 21:39:24');
INSERT INTO `sys_log` VALUES (69125, 1, 'admin', 'SYSTEM_ADMIN', '系统消息', 'QUERY', 'GET', '/api/notification/unread-count', '{\"_userAgent\":\"Mozilla/5.0 (Windows NT 10.0; Win64; x64) AppleWebKit/537.36 (KHTML, like Gecko) Chrome/123.0.0.0 Safari/537.36 QQBrowser/21.0.8365.400\"}', NULL, '127.0.0.1', 2, 1, NULL, '2026-05-05 21:39:54');
INSERT INTO `sys_log` VALUES (69126, 1, 'admin', 'SYSTEM_ADMIN', '系统消息', 'QUERY', 'GET', '/api/notification/unread-count', '{\"_userAgent\":\"Mozilla/5.0 (Windows NT 10.0; Win64; x64) AppleWebKit/537.36 (KHTML, like Gecko) Chrome/123.0.0.0 Safari/537.36 QQBrowser/21.0.8365.400\"}', NULL, '127.0.0.1', 3, 1, NULL, '2026-05-05 21:40:24');
INSERT INTO `sys_log` VALUES (69127, 1, 'admin', 'SYSTEM_ADMIN', '系统消息', 'QUERY', 'GET', '/api/notification/unread-count', '{\"_userAgent\":\"Mozilla/5.0 (Windows NT 10.0; Win64; x64) AppleWebKit/537.36 (KHTML, like Gecko) Chrome/123.0.0.0 Safari/537.36 QQBrowser/21.0.8365.400\"}', NULL, '127.0.0.1', 3, 1, NULL, '2026-05-05 21:40:54');
INSERT INTO `sys_log` VALUES (69128, 1, 'admin', 'SYSTEM_ADMIN', '系统消息', 'QUERY', 'GET', '/api/notification/unread-count', '{\"_userAgent\":\"Mozilla/5.0 (Windows NT 10.0; Win64; x64) AppleWebKit/537.36 (KHTML, like Gecko) Chrome/123.0.0.0 Safari/537.36 QQBrowser/21.0.8365.400\"}', NULL, '127.0.0.1', 5, 1, NULL, '2026-05-05 21:41:24');
INSERT INTO `sys_log` VALUES (69129, 1, 'admin', 'SYSTEM_ADMIN', '系统消息', 'QUERY', 'GET', '/api/notification/unread-count', '{\"_userAgent\":\"Mozilla/5.0 (Windows NT 10.0; Win64; x64) AppleWebKit/537.36 (KHTML, like Gecko) Chrome/123.0.0.0 Safari/537.36 QQBrowser/21.0.8365.400\"}', NULL, '127.0.0.1', 3, 1, NULL, '2026-05-05 21:41:54');
INSERT INTO `sys_log` VALUES (69130, 1, 'admin', 'SYSTEM_ADMIN', '系统消息', 'QUERY', 'GET', '/api/notification/unread-count', '{\"_userAgent\":\"Mozilla/5.0 (Windows NT 10.0; Win64; x64) AppleWebKit/537.36 (KHTML, like Gecko) Chrome/123.0.0.0 Safari/537.36 QQBrowser/21.0.8365.400\"}', NULL, '127.0.0.1', 3, 1, NULL, '2026-05-05 21:42:24');
INSERT INTO `sys_log` VALUES (69131, 1, 'admin', 'SYSTEM_ADMIN', '系统消息', 'QUERY', 'GET', '/api/notification/unread-count', '{\"_userAgent\":\"Mozilla/5.0 (Windows NT 10.0; Win64; x64) AppleWebKit/537.36 (KHTML, like Gecko) Chrome/123.0.0.0 Safari/537.36 QQBrowser/21.0.8365.400\"}', NULL, '127.0.0.1', 2, 1, NULL, '2026-05-05 21:42:54');
INSERT INTO `sys_log` VALUES (69132, 1, 'admin', 'SYSTEM_ADMIN', '系统消息', 'QUERY', 'GET', '/api/notification/unread-count', '{\"_userAgent\":\"Mozilla/5.0 (Windows NT 10.0; Win64; x64) AppleWebKit/537.36 (KHTML, like Gecko) Chrome/123.0.0.0 Safari/537.36 QQBrowser/21.0.8365.400\"}', NULL, '127.0.0.1', 3, 1, NULL, '2026-05-05 21:43:24');
INSERT INTO `sys_log` VALUES (69133, 1, 'admin', 'SYSTEM_ADMIN', '系统消息', 'QUERY', 'GET', '/api/notification/unread-count', '{\"_userAgent\":\"Mozilla/5.0 (Windows NT 10.0; Win64; x64) AppleWebKit/537.36 (KHTML, like Gecko) Chrome/123.0.0.0 Safari/537.36 QQBrowser/21.0.8365.400\"}', NULL, '127.0.0.1', 2, 1, NULL, '2026-05-05 21:43:54');
INSERT INTO `sys_log` VALUES (69134, 1, 'admin', 'SYSTEM_ADMIN', '系统消息', 'QUERY', 'GET', '/api/notification/unread-count', '{\"_userAgent\":\"Mozilla/5.0 (Windows NT 10.0; Win64; x64) AppleWebKit/537.36 (KHTML, like Gecko) Chrome/123.0.0.0 Safari/537.36 QQBrowser/21.0.8365.400\"}', NULL, '127.0.0.1', 3, 1, NULL, '2026-05-05 21:44:24');
INSERT INTO `sys_log` VALUES (69135, 1, 'admin', 'SYSTEM_ADMIN', '系统消息', 'QUERY', 'GET', '/api/notification/unread-count', '{\"_userAgent\":\"Mozilla/5.0 (Windows NT 10.0; Win64; x64) AppleWebKit/537.36 (KHTML, like Gecko) Chrome/123.0.0.0 Safari/537.36 QQBrowser/21.0.8365.400\"}', NULL, '127.0.0.1', 3, 1, NULL, '2026-05-05 21:44:54');
INSERT INTO `sys_log` VALUES (69136, 1, 'admin', 'SYSTEM_ADMIN', '系统消息', 'QUERY', 'GET', '/api/notification/unread-count', '{\"_userAgent\":\"Mozilla/5.0 (Windows NT 10.0; Win64; x64) AppleWebKit/537.36 (KHTML, like Gecko) Chrome/123.0.0.0 Safari/537.36 QQBrowser/21.0.8365.400\"}', NULL, '127.0.0.1', 3, 1, NULL, '2026-05-05 21:45:24');
INSERT INTO `sys_log` VALUES (69137, 1, 'admin', 'SYSTEM_ADMIN', '系统消息', 'QUERY', 'GET', '/api/notification/unread-count', '{\"_userAgent\":\"Mozilla/5.0 (Windows NT 10.0; Win64; x64) AppleWebKit/537.36 (KHTML, like Gecko) Chrome/123.0.0.0 Safari/537.36 QQBrowser/21.0.8365.400\"}', NULL, '127.0.0.1', 4, 1, NULL, '2026-05-05 21:45:54');
INSERT INTO `sys_log` VALUES (69138, 1, 'admin', 'SYSTEM_ADMIN', '系统消息', 'QUERY', 'GET', '/api/notification/unread-count', '{\"_userAgent\":\"Mozilla/5.0 (Windows NT 10.0; Win64; x64) AppleWebKit/537.36 (KHTML, like Gecko) Chrome/123.0.0.0 Safari/537.36 QQBrowser/21.0.8365.400\"}', NULL, '127.0.0.1', 2, 1, NULL, '2026-05-05 21:46:24');
INSERT INTO `sys_log` VALUES (69139, 1, 'admin', 'SYSTEM_ADMIN', '系统消息', 'QUERY', 'GET', '/api/notification/unread-count', '{\"_userAgent\":\"Mozilla/5.0 (Windows NT 10.0; Win64; x64) AppleWebKit/537.36 (KHTML, like Gecko) Chrome/123.0.0.0 Safari/537.36 QQBrowser/21.0.8365.400\"}', NULL, '127.0.0.1', 4, 1, NULL, '2026-05-05 21:46:54');
INSERT INTO `sys_log` VALUES (69140, 1, 'admin', 'SYSTEM_ADMIN', '系统消息', 'QUERY', 'GET', '/api/notification/unread-count', '{\"_userAgent\":\"Mozilla/5.0 (Windows NT 10.0; Win64; x64) AppleWebKit/537.36 (KHTML, like Gecko) Chrome/123.0.0.0 Safari/537.36 QQBrowser/21.0.8365.400\"}', NULL, '127.0.0.1', 3, 1, NULL, '2026-05-05 21:47:24');
INSERT INTO `sys_log` VALUES (69141, 1, 'admin', 'SYSTEM_ADMIN', '系统消息', 'QUERY', 'GET', '/api/notification/unread-count', '{\"_userAgent\":\"Mozilla/5.0 (Windows NT 10.0; Win64; x64) AppleWebKit/537.36 (KHTML, like Gecko) Chrome/123.0.0.0 Safari/537.36 QQBrowser/21.0.8365.400\"}', NULL, '127.0.0.1', 4, 1, NULL, '2026-05-05 21:47:54');
INSERT INTO `sys_log` VALUES (69142, 1, 'admin', 'SYSTEM_ADMIN', '系统消息', 'QUERY', 'GET', '/api/notification/unread-count', '{\"_userAgent\":\"Mozilla/5.0 (Windows NT 10.0; Win64; x64) AppleWebKit/537.36 (KHTML, like Gecko) Chrome/123.0.0.0 Safari/537.36 QQBrowser/21.0.8365.400\"}', NULL, '127.0.0.1', 2, 1, NULL, '2026-05-05 21:48:24');
INSERT INTO `sys_log` VALUES (69143, 1, 'admin', 'SYSTEM_ADMIN', '系统消息', 'QUERY', 'GET', '/api/notification/unread-count', '{\"_userAgent\":\"Mozilla/5.0 (Windows NT 10.0; Win64; x64) AppleWebKit/537.36 (KHTML, like Gecko) Chrome/123.0.0.0 Safari/537.36 QQBrowser/21.0.8365.400\"}', NULL, '127.0.0.1', 3, 1, NULL, '2026-05-05 21:48:54');
INSERT INTO `sys_log` VALUES (69144, 1, 'admin', 'SYSTEM_ADMIN', '系统消息', 'QUERY', 'GET', '/api/notification/unread-count', '{\"_userAgent\":\"Mozilla/5.0 (Windows NT 10.0; Win64; x64) AppleWebKit/537.36 (KHTML, like Gecko) Chrome/123.0.0.0 Safari/537.36 QQBrowser/21.0.8365.400\"}', NULL, '127.0.0.1', 3, 1, NULL, '2026-05-05 21:49:24');
INSERT INTO `sys_log` VALUES (69145, 1, 'admin', 'SYSTEM_ADMIN', '系统消息', 'QUERY', 'GET', '/api/notification/unread-count', '{\"_userAgent\":\"Mozilla/5.0 (Windows NT 10.0; Win64; x64) AppleWebKit/537.36 (KHTML, like Gecko) Chrome/123.0.0.0 Safari/537.36 QQBrowser/21.0.8365.400\"}', NULL, '127.0.0.1', 3, 1, NULL, '2026-05-05 21:49:54');
INSERT INTO `sys_log` VALUES (69146, 1, 'admin', 'SYSTEM_ADMIN', '系统消息', 'QUERY', 'GET', '/api/notification/unread-count', '{\"_userAgent\":\"Mozilla/5.0 (Windows NT 10.0; Win64; x64) AppleWebKit/537.36 (KHTML, like Gecko) Chrome/123.0.0.0 Safari/537.36 QQBrowser/21.0.8365.400\"}', NULL, '127.0.0.1', 2, 1, NULL, '2026-05-05 21:50:24');
INSERT INTO `sys_log` VALUES (69147, 1, 'admin', 'SYSTEM_ADMIN', '系统消息', 'QUERY', 'GET', '/api/notification/unread-count', '{\"_userAgent\":\"Mozilla/5.0 (Windows NT 10.0; Win64; x64) AppleWebKit/537.36 (KHTML, like Gecko) Chrome/123.0.0.0 Safari/537.36 QQBrowser/21.0.8365.400\"}', NULL, '127.0.0.1', 3, 1, NULL, '2026-05-05 21:50:54');
INSERT INTO `sys_log` VALUES (69148, 1, 'admin', 'SYSTEM_ADMIN', '系统消息', 'QUERY', 'GET', '/api/notification/unread-count', '{\"_userAgent\":\"Mozilla/5.0 (Windows NT 10.0; Win64; x64) AppleWebKit/537.36 (KHTML, like Gecko) Chrome/123.0.0.0 Safari/537.36 QQBrowser/21.0.8365.400\"}', NULL, '127.0.0.1', 3, 1, NULL, '2026-05-05 21:51:24');
INSERT INTO `sys_log` VALUES (69149, 1, 'admin', 'SYSTEM_ADMIN', '系统消息', 'QUERY', 'GET', '/api/notification/unread-count', '{\"_userAgent\":\"Mozilla/5.0 (Windows NT 10.0; Win64; x64) AppleWebKit/537.36 (KHTML, like Gecko) Chrome/123.0.0.0 Safari/537.36 QQBrowser/21.0.8365.400\"}', NULL, '127.0.0.1', 3, 1, NULL, '2026-05-05 21:51:54');
INSERT INTO `sys_log` VALUES (69150, 1, 'admin', 'SYSTEM_ADMIN', '系统消息', 'QUERY', 'GET', '/api/notification/unread-count', '{\"_userAgent\":\"Mozilla/5.0 (Windows NT 10.0; Win64; x64) AppleWebKit/537.36 (KHTML, like Gecko) Chrome/123.0.0.0 Safari/537.36 QQBrowser/21.0.8365.400\"}', NULL, '127.0.0.1', 3, 1, NULL, '2026-05-05 21:52:24');
INSERT INTO `sys_log` VALUES (69151, 1, 'admin', 'SYSTEM_ADMIN', '系统消息', 'QUERY', 'GET', '/api/notification/unread-count', '{\"_userAgent\":\"Mozilla/5.0 (Windows NT 10.0; Win64; x64) AppleWebKit/537.36 (KHTML, like Gecko) Chrome/123.0.0.0 Safari/537.36 QQBrowser/21.0.8365.400\"}', NULL, '127.0.0.1', 2, 1, NULL, '2026-05-05 21:52:54');
INSERT INTO `sys_log` VALUES (69152, 1, 'admin', 'SYSTEM_ADMIN', '系统消息', 'QUERY', 'GET', '/api/notification/unread-count', '{\"_userAgent\":\"Mozilla/5.0 (Windows NT 10.0; Win64; x64) AppleWebKit/537.36 (KHTML, like Gecko) Chrome/123.0.0.0 Safari/537.36 QQBrowser/21.0.8365.400\"}', NULL, '127.0.0.1', 2, 1, NULL, '2026-05-05 21:53:24');
INSERT INTO `sys_log` VALUES (69153, 1, 'admin', 'SYSTEM_ADMIN', '系统消息', 'QUERY', 'GET', '/api/notification/unread-count', '{\"_userAgent\":\"Mozilla/5.0 (Windows NT 10.0; Win64; x64) AppleWebKit/537.36 (KHTML, like Gecko) Chrome/123.0.0.0 Safari/537.36 QQBrowser/21.0.8365.400\"}', NULL, '127.0.0.1', 3, 1, NULL, '2026-05-05 21:53:54');
INSERT INTO `sys_log` VALUES (69154, 1, 'admin', 'SYSTEM_ADMIN', '系统消息', 'QUERY', 'GET', '/api/notification/unread-count', '{\"_userAgent\":\"Mozilla/5.0 (Windows NT 10.0; Win64; x64) AppleWebKit/537.36 (KHTML, like Gecko) Chrome/123.0.0.0 Safari/537.36 QQBrowser/21.0.8365.400\"}', NULL, '127.0.0.1', 3, 1, NULL, '2026-05-05 21:54:24');
INSERT INTO `sys_log` VALUES (69155, 1, 'admin', 'SYSTEM_ADMIN', '系统消息', 'QUERY', 'GET', '/api/notification/unread-count', '{\"_userAgent\":\"Mozilla/5.0 (Windows NT 10.0; Win64; x64) AppleWebKit/537.36 (KHTML, like Gecko) Chrome/123.0.0.0 Safari/537.36 QQBrowser/21.0.8365.400\"}', NULL, '127.0.0.1', 2, 1, NULL, '2026-05-05 21:54:54');
INSERT INTO `sys_log` VALUES (69156, 1, 'admin', 'SYSTEM_ADMIN', '系统消息', 'QUERY', 'GET', '/api/notification/unread-count', '{\"_userAgent\":\"Mozilla/5.0 (Windows NT 10.0; Win64; x64) AppleWebKit/537.36 (KHTML, like Gecko) Chrome/123.0.0.0 Safari/537.36 QQBrowser/21.0.8365.400\"}', NULL, '127.0.0.1', 4, 1, NULL, '2026-05-05 21:55:24');
INSERT INTO `sys_log` VALUES (69157, 1, 'admin', 'SYSTEM_ADMIN', '系统消息', 'QUERY', 'GET', '/api/notification/unread-count', '{\"_userAgent\":\"Mozilla/5.0 (Windows NT 10.0; Win64; x64) AppleWebKit/537.36 (KHTML, like Gecko) Chrome/123.0.0.0 Safari/537.36 QQBrowser/21.0.8365.400\"}', NULL, '127.0.0.1', 3, 1, NULL, '2026-05-05 21:55:54');
INSERT INTO `sys_log` VALUES (69158, 1, 'admin', 'SYSTEM_ADMIN', '系统消息', 'QUERY', 'GET', '/api/notification/unread-count', '{\"_userAgent\":\"Mozilla/5.0 (Windows NT 10.0; Win64; x64) AppleWebKit/537.36 (KHTML, like Gecko) Chrome/123.0.0.0 Safari/537.36 QQBrowser/21.0.8365.400\"}', NULL, '127.0.0.1', 3, 1, NULL, '2026-05-05 21:56:24');
INSERT INTO `sys_log` VALUES (69159, 1, 'admin', 'SYSTEM_ADMIN', '系统消息', 'QUERY', 'GET', '/api/notification/unread-count', '{\"_userAgent\":\"Mozilla/5.0 (Windows NT 10.0; Win64; x64) AppleWebKit/537.36 (KHTML, like Gecko) Chrome/123.0.0.0 Safari/537.36 QQBrowser/21.0.8365.400\"}', NULL, '127.0.0.1', 2, 1, NULL, '2026-05-05 21:56:54');
INSERT INTO `sys_log` VALUES (69160, 1, 'admin', 'SYSTEM_ADMIN', '系统消息', 'QUERY', 'GET', '/api/notification/unread-count', '{\"_userAgent\":\"Mozilla/5.0 (Windows NT 10.0; Win64; x64) AppleWebKit/537.36 (KHTML, like Gecko) Chrome/123.0.0.0 Safari/537.36 QQBrowser/21.0.8365.400\"}', NULL, '127.0.0.1', 3, 1, NULL, '2026-05-05 21:57:24');
INSERT INTO `sys_log` VALUES (69161, 1, 'admin', 'SYSTEM_ADMIN', '系统消息', 'QUERY', 'GET', '/api/notification/unread-count', '{\"_userAgent\":\"Mozilla/5.0 (Windows NT 10.0; Win64; x64) AppleWebKit/537.36 (KHTML, like Gecko) Chrome/123.0.0.0 Safari/537.36 QQBrowser/21.0.8365.400\"}', NULL, '127.0.0.1', 4, 1, NULL, '2026-05-05 21:57:54');
INSERT INTO `sys_log` VALUES (69162, 1, 'admin', 'SYSTEM_ADMIN', '系统消息', 'QUERY', 'GET', '/api/notification/unread-count', '{\"_userAgent\":\"Mozilla/5.0 (Windows NT 10.0; Win64; x64) AppleWebKit/537.36 (KHTML, like Gecko) Chrome/123.0.0.0 Safari/537.36 QQBrowser/21.0.8365.400\"}', NULL, '127.0.0.1', 3, 1, NULL, '2026-05-05 21:58:24');
INSERT INTO `sys_log` VALUES (69163, 1, 'admin', 'SYSTEM_ADMIN', '系统消息', 'QUERY', 'GET', '/api/notification/unread-count', '{\"_userAgent\":\"Mozilla/5.0 (Windows NT 10.0; Win64; x64) AppleWebKit/537.36 (KHTML, like Gecko) Chrome/123.0.0.0 Safari/537.36 QQBrowser/21.0.8365.400\"}', NULL, '127.0.0.1', 3, 1, NULL, '2026-05-05 21:58:54');
INSERT INTO `sys_log` VALUES (69164, 1, 'admin', 'SYSTEM_ADMIN', '系统消息', 'QUERY', 'GET', '/api/notification/unread-count', '{\"_userAgent\":\"Mozilla/5.0 (Windows NT 10.0; Win64; x64) AppleWebKit/537.36 (KHTML, like Gecko) Chrome/123.0.0.0 Safari/537.36 QQBrowser/21.0.8365.400\"}', NULL, '127.0.0.1', 2, 1, NULL, '2026-05-05 21:59:24');
INSERT INTO `sys_log` VALUES (69165, 1, 'admin', 'SYSTEM_ADMIN', '系统消息', 'QUERY', 'GET', '/api/notification/unread-count', '{\"_userAgent\":\"Mozilla/5.0 (Windows NT 10.0; Win64; x64) AppleWebKit/537.36 (KHTML, like Gecko) Chrome/123.0.0.0 Safari/537.36 QQBrowser/21.0.8365.400\"}', NULL, '127.0.0.1', 3, 1, NULL, '2026-05-05 21:59:54');
INSERT INTO `sys_log` VALUES (69166, 1, 'admin', 'SYSTEM_ADMIN', '系统消息', 'QUERY', 'GET', '/api/notification/unread-count', '{\"_userAgent\":\"Mozilla/5.0 (Windows NT 10.0; Win64; x64) AppleWebKit/537.36 (KHTML, like Gecko) Chrome/123.0.0.0 Safari/537.36 QQBrowser/21.0.8365.400\"}', NULL, '127.0.0.1', 3, 1, NULL, '2026-05-05 22:00:24');
INSERT INTO `sys_log` VALUES (69167, 1, 'admin', 'SYSTEM_ADMIN', '系统消息', 'QUERY', 'GET', '/api/notification/unread-count', '{\"_userAgent\":\"Mozilla/5.0 (Windows NT 10.0; Win64; x64) AppleWebKit/537.36 (KHTML, like Gecko) Chrome/123.0.0.0 Safari/537.36 QQBrowser/21.0.8365.400\"}', NULL, '127.0.0.1', 3, 1, NULL, '2026-05-05 22:00:54');
INSERT INTO `sys_log` VALUES (69168, 1, 'admin', 'SYSTEM_ADMIN', '系统消息', 'QUERY', 'GET', '/api/notification/unread-count', '{\"_userAgent\":\"Mozilla/5.0 (Windows NT 10.0; Win64; x64) AppleWebKit/537.36 (KHTML, like Gecko) Chrome/123.0.0.0 Safari/537.36 QQBrowser/21.0.8365.400\"}', NULL, '127.0.0.1', 3, 1, NULL, '2026-05-05 22:01:24');
INSERT INTO `sys_log` VALUES (69169, 1, 'admin', 'SYSTEM_ADMIN', '系统消息', 'QUERY', 'GET', '/api/notification/unread-count', '{\"_userAgent\":\"Mozilla/5.0 (Windows NT 10.0; Win64; x64) AppleWebKit/537.36 (KHTML, like Gecko) Chrome/123.0.0.0 Safari/537.36 QQBrowser/21.0.8365.400\"}', NULL, '127.0.0.1', 3, 1, NULL, '2026-05-05 22:01:54');
INSERT INTO `sys_log` VALUES (69170, 1, 'admin', 'SYSTEM_ADMIN', '系统消息', 'QUERY', 'GET', '/api/notification/unread-count', '{\"_userAgent\":\"Mozilla/5.0 (Windows NT 10.0; Win64; x64) AppleWebKit/537.36 (KHTML, like Gecko) Chrome/123.0.0.0 Safari/537.36 QQBrowser/21.0.8365.400\"}', NULL, '127.0.0.1', 5, 1, NULL, '2026-05-05 22:02:24');
INSERT INTO `sys_log` VALUES (69171, 1, 'admin', 'SYSTEM_ADMIN', '系统消息', 'QUERY', 'GET', '/api/notification/unread-count', '{\"_userAgent\":\"Mozilla/5.0 (Windows NT 10.0; Win64; x64) AppleWebKit/537.36 (KHTML, like Gecko) Chrome/123.0.0.0 Safari/537.36 QQBrowser/21.0.8365.400\"}', NULL, '127.0.0.1', 3, 1, NULL, '2026-05-05 22:02:54');
INSERT INTO `sys_log` VALUES (69172, 1, 'admin', 'SYSTEM_ADMIN', '系统消息', 'QUERY', 'GET', '/api/notification/unread-count', '{\"_userAgent\":\"Mozilla/5.0 (Windows NT 10.0; Win64; x64) AppleWebKit/537.36 (KHTML, like Gecko) Chrome/123.0.0.0 Safari/537.36 QQBrowser/21.0.8365.400\"}', NULL, '127.0.0.1', 4, 1, NULL, '2026-05-05 22:03:25');
INSERT INTO `sys_log` VALUES (69173, 1, 'admin', 'SYSTEM_ADMIN', '系统消息', 'QUERY', 'GET', '/api/notification/unread-count', '{\"_userAgent\":\"Mozilla/5.0 (Windows NT 10.0; Win64; x64) AppleWebKit/537.36 (KHTML, like Gecko) Chrome/123.0.0.0 Safari/537.36 QQBrowser/21.0.8365.400\"}', NULL, '127.0.0.1', 5, 1, NULL, '2026-05-05 22:03:54');
INSERT INTO `sys_log` VALUES (69174, 1, 'admin', 'SYSTEM_ADMIN', '系统消息', 'QUERY', 'GET', '/api/notification/unread-count', '{\"_userAgent\":\"Mozilla/5.0 (Windows NT 10.0; Win64; x64) AppleWebKit/537.36 (KHTML, like Gecko) Chrome/123.0.0.0 Safari/537.36 QQBrowser/21.0.8365.400\"}', NULL, '127.0.0.1', 3, 1, NULL, '2026-05-05 22:04:24');
INSERT INTO `sys_log` VALUES (69175, 1, 'admin', 'SYSTEM_ADMIN', '系统消息', 'QUERY', 'GET', '/api/notification/unread-count', '{\"_userAgent\":\"Mozilla/5.0 (Windows NT 10.0; Win64; x64) AppleWebKit/537.36 (KHTML, like Gecko) Chrome/123.0.0.0 Safari/537.36 QQBrowser/21.0.8365.400\"}', NULL, '127.0.0.1', 4, 1, NULL, '2026-05-05 22:05:25');
INSERT INTO `sys_log` VALUES (69176, 1, 'admin', 'SYSTEM_ADMIN', '系统消息', 'QUERY', 'GET', '/api/notification/unread-count', '{\"_userAgent\":\"Mozilla/5.0 (Windows NT 10.0; Win64; x64) AppleWebKit/537.36 (KHTML, like Gecko) Chrome/123.0.0.0 Safari/537.36 QQBrowser/21.0.8365.400\"}', NULL, '127.0.0.1', 5, 1, NULL, '2026-05-05 22:06:25');
INSERT INTO `sys_log` VALUES (69177, 1, 'admin', 'SYSTEM_ADMIN', '系统消息', 'QUERY', 'GET', '/api/notification/unread-count', '{\"_userAgent\":\"Mozilla/5.0 (Windows NT 10.0; Win64; x64) AppleWebKit/537.36 (KHTML, like Gecko) Chrome/123.0.0.0 Safari/537.36 QQBrowser/21.0.8365.400\"}', NULL, '127.0.0.1', 5, 1, NULL, '2026-05-05 22:07:25');
INSERT INTO `sys_log` VALUES (69178, 1, 'admin', 'SYSTEM_ADMIN', '系统消息', 'QUERY', 'GET', '/api/notification/unread-count', '{\"_userAgent\":\"Mozilla/5.0 (Windows NT 10.0; Win64; x64) AppleWebKit/537.36 (KHTML, like Gecko) Chrome/123.0.0.0 Safari/537.36 QQBrowser/21.0.8365.400\"}', NULL, '127.0.0.1', 3, 1, NULL, '2026-05-05 22:08:25');
INSERT INTO `sys_log` VALUES (69179, 1, 'admin', 'SYSTEM_ADMIN', '系统消息', 'QUERY', 'GET', '/api/notification/unread-count', '{\"_userAgent\":\"Mozilla/5.0 (Windows NT 10.0; Win64; x64) AppleWebKit/537.36 (KHTML, like Gecko) Chrome/123.0.0.0 Safari/537.36 QQBrowser/21.0.8365.400\"}', NULL, '127.0.0.1', 3, 1, NULL, '2026-05-05 22:09:25');
INSERT INTO `sys_log` VALUES (69180, 1, 'admin', 'SYSTEM_ADMIN', '系统消息', 'QUERY', 'GET', '/api/notification/unread-count', '{\"_userAgent\":\"Mozilla/5.0 (Windows NT 10.0; Win64; x64) AppleWebKit/537.36 (KHTML, like Gecko) Chrome/123.0.0.0 Safari/537.36 QQBrowser/21.0.8365.400\"}', NULL, '127.0.0.1', 4, 1, NULL, '2026-05-05 22:10:25');
INSERT INTO `sys_log` VALUES (69181, 1, 'admin', 'SYSTEM_ADMIN', '系统消息', 'QUERY', 'GET', '/api/notification/unread-count', '{\"_userAgent\":\"Mozilla/5.0 (Windows NT 10.0; Win64; x64) AppleWebKit/537.36 (KHTML, like Gecko) Chrome/123.0.0.0 Safari/537.36 QQBrowser/21.0.8365.400\"}', NULL, '127.0.0.1', 5, 1, NULL, '2026-05-05 22:11:25');
INSERT INTO `sys_log` VALUES (69182, 1, 'admin', 'SYSTEM_ADMIN', '系统消息', 'QUERY', 'GET', '/api/notification/unread-count', '{\"_userAgent\":\"Mozilla/5.0 (Windows NT 10.0; Win64; x64) AppleWebKit/537.36 (KHTML, like Gecko) Chrome/123.0.0.0 Safari/537.36 QQBrowser/21.0.8365.400\"}', NULL, '127.0.0.1', 4, 1, NULL, '2026-05-05 22:12:25');
INSERT INTO `sys_log` VALUES (69183, 1, 'admin', 'SYSTEM_ADMIN', '系统消息', 'QUERY', 'GET', '/api/notification/unread-count', '{\"_userAgent\":\"Mozilla/5.0 (Windows NT 10.0; Win64; x64) AppleWebKit/537.36 (KHTML, like Gecko) Chrome/123.0.0.0 Safari/537.36 QQBrowser/21.0.8365.400\"}', NULL, '127.0.0.1', 3, 1, NULL, '2026-05-05 22:13:25');
INSERT INTO `sys_log` VALUES (69184, 1, 'admin', 'SYSTEM_ADMIN', '系统消息', 'QUERY', 'GET', '/api/notification/unread-count', '{\"_userAgent\":\"Mozilla/5.0 (Windows NT 10.0; Win64; x64) AppleWebKit/537.36 (KHTML, like Gecko) Chrome/123.0.0.0 Safari/537.36 QQBrowser/21.0.8365.400\"}', NULL, '127.0.0.1', 2, 1, NULL, '2026-05-05 22:14:25');
INSERT INTO `sys_log` VALUES (69185, 1, 'admin', 'SYSTEM_ADMIN', '系统消息', 'QUERY', 'GET', '/api/notification/unread-count', '{\"_userAgent\":\"Mozilla/5.0 (Windows NT 10.0; Win64; x64) AppleWebKit/537.36 (KHTML, like Gecko) Chrome/123.0.0.0 Safari/537.36 QQBrowser/21.0.8365.400\"}', NULL, '127.0.0.1', 4, 1, NULL, '2026-05-05 22:15:25');
INSERT INTO `sys_log` VALUES (69186, 1, 'admin', 'SYSTEM_ADMIN', '系统消息', 'QUERY', 'GET', '/api/notification/unread-count', '{\"_userAgent\":\"Mozilla/5.0 (Windows NT 10.0; Win64; x64) AppleWebKit/537.36 (KHTML, like Gecko) Chrome/123.0.0.0 Safari/537.36 QQBrowser/21.0.8365.400\"}', NULL, '127.0.0.1', 5, 1, NULL, '2026-05-05 22:16:25');
INSERT INTO `sys_log` VALUES (69187, 1, 'admin', 'SYSTEM_ADMIN', '系统消息', 'QUERY', 'GET', '/api/notification/unread-count', '{\"_userAgent\":\"Mozilla/5.0 (Windows NT 10.0; Win64; x64) AppleWebKit/537.36 (KHTML, like Gecko) Chrome/123.0.0.0 Safari/537.36 QQBrowser/21.0.8365.400\"}', NULL, '127.0.0.1', 5, 1, NULL, '2026-05-05 22:17:25');
INSERT INTO `sys_log` VALUES (69188, 1, 'admin', 'SYSTEM_ADMIN', '系统消息', 'QUERY', 'GET', '/api/notification/unread-count', '{\"_userAgent\":\"Mozilla/5.0 (Windows NT 10.0; Win64; x64) AppleWebKit/537.36 (KHTML, like Gecko) Chrome/123.0.0.0 Safari/537.36 QQBrowser/21.0.8365.400\"}', NULL, '127.0.0.1', 3, 1, NULL, '2026-05-05 22:18:25');
INSERT INTO `sys_log` VALUES (69189, 1, 'admin', 'SYSTEM_ADMIN', '系统消息', 'QUERY', 'GET', '/api/notification/unread-count', '{\"_userAgent\":\"Mozilla/5.0 (Windows NT 10.0; Win64; x64) AppleWebKit/537.36 (KHTML, like Gecko) Chrome/123.0.0.0 Safari/537.36 QQBrowser/21.0.8365.400\"}', NULL, '127.0.0.1', 5, 1, NULL, '2026-05-05 22:19:25');
INSERT INTO `sys_log` VALUES (69190, 1, 'admin', 'SYSTEM_ADMIN', '系统消息', 'QUERY', 'GET', '/api/notification/unread-count', '{\"_userAgent\":\"Mozilla/5.0 (Windows NT 10.0; Win64; x64) AppleWebKit/537.36 (KHTML, like Gecko) Chrome/123.0.0.0 Safari/537.36 QQBrowser/21.0.8365.400\"}', NULL, '127.0.0.1', 3, 1, NULL, '2026-05-05 22:20:25');
INSERT INTO `sys_log` VALUES (69191, 1, 'admin', 'SYSTEM_ADMIN', '系统消息', 'QUERY', 'GET', '/api/notification/unread-count', '{\"_userAgent\":\"Mozilla/5.0 (Windows NT 10.0; Win64; x64) AppleWebKit/537.36 (KHTML, like Gecko) Chrome/123.0.0.0 Safari/537.36 QQBrowser/21.0.8365.400\"}', NULL, '127.0.0.1', 5, 1, NULL, '2026-05-05 22:21:25');
INSERT INTO `sys_log` VALUES (69192, 1, 'admin', 'SYSTEM_ADMIN', '系统消息', 'QUERY', 'GET', '/api/notification/unread-count', '{\"_userAgent\":\"Mozilla/5.0 (Windows NT 10.0; Win64; x64) AppleWebKit/537.36 (KHTML, like Gecko) Chrome/123.0.0.0 Safari/537.36 QQBrowser/21.0.8365.400\"}', NULL, '127.0.0.1', 4, 1, NULL, '2026-05-05 22:22:25');
INSERT INTO `sys_log` VALUES (69193, 1, 'admin', 'SYSTEM_ADMIN', '系统消息', 'QUERY', 'GET', '/api/notification/unread-count', '{\"_userAgent\":\"Mozilla/5.0 (Windows NT 10.0; Win64; x64) AppleWebKit/537.36 (KHTML, like Gecko) Chrome/123.0.0.0 Safari/537.36 QQBrowser/21.0.8365.400\"}', NULL, '127.0.0.1', 4, 1, NULL, '2026-05-05 22:23:25');
INSERT INTO `sys_log` VALUES (69194, 1, 'admin', 'SYSTEM_ADMIN', '系统消息', 'QUERY', 'GET', '/api/notification/unread-count', '{\"_userAgent\":\"Mozilla/5.0 (Windows NT 10.0; Win64; x64) AppleWebKit/537.36 (KHTML, like Gecko) Chrome/123.0.0.0 Safari/537.36 QQBrowser/21.0.8365.400\"}', NULL, '127.0.0.1', 3, 1, NULL, '2026-05-05 22:24:25');
INSERT INTO `sys_log` VALUES (69195, 1, 'admin', 'SYSTEM_ADMIN', '系统消息', 'QUERY', 'GET', '/api/notification/unread-count', '{\"_userAgent\":\"Mozilla/5.0 (Windows NT 10.0; Win64; x64) AppleWebKit/537.36 (KHTML, like Gecko) Chrome/123.0.0.0 Safari/537.36 QQBrowser/21.0.8365.400\"}', NULL, '127.0.0.1', 4, 1, NULL, '2026-05-05 22:25:25');
INSERT INTO `sys_log` VALUES (69196, 1, 'admin', 'SYSTEM_ADMIN', '系统消息', 'QUERY', 'GET', '/api/notification/unread-count', '{\"_userAgent\":\"Mozilla/5.0 (Windows NT 10.0; Win64; x64) AppleWebKit/537.36 (KHTML, like Gecko) Chrome/123.0.0.0 Safari/537.36 QQBrowser/21.0.8365.400\"}', NULL, '127.0.0.1', 3, 1, NULL, '2026-05-05 22:26:25');
INSERT INTO `sys_log` VALUES (69197, 1, 'admin', 'SYSTEM_ADMIN', '系统消息', 'QUERY', 'GET', '/api/notification/unread-count', '{\"_userAgent\":\"Mozilla/5.0 (Windows NT 10.0; Win64; x64) AppleWebKit/537.36 (KHTML, like Gecko) Chrome/123.0.0.0 Safari/537.36 QQBrowser/21.0.8365.400\"}', NULL, '127.0.0.1', 5, 1, NULL, '2026-05-05 22:27:25');
INSERT INTO `sys_log` VALUES (69198, 1, 'admin', 'SYSTEM_ADMIN', '系统消息', 'QUERY', 'GET', '/api/notification/unread-count', '{\"_userAgent\":\"Mozilla/5.0 (Windows NT 10.0; Win64; x64) AppleWebKit/537.36 (KHTML, like Gecko) Chrome/123.0.0.0 Safari/537.36 QQBrowser/21.0.8365.400\"}', NULL, '127.0.0.1', 4, 1, NULL, '2026-05-05 22:28:25');
INSERT INTO `sys_log` VALUES (69199, 1, 'admin', 'SYSTEM_ADMIN', '系统消息', 'QUERY', 'GET', '/api/notification/unread-count', '{\"_userAgent\":\"Mozilla/5.0 (Windows NT 10.0; Win64; x64) AppleWebKit/537.36 (KHTML, like Gecko) Chrome/123.0.0.0 Safari/537.36 QQBrowser/21.0.8365.400\"}', NULL, '127.0.0.1', 3, 1, NULL, '2026-05-05 22:29:25');
INSERT INTO `sys_log` VALUES (69200, 1, 'admin', 'SYSTEM_ADMIN', '系统消息', 'QUERY', 'GET', '/api/notification/unread-count', '{\"_userAgent\":\"Mozilla/5.0 (Windows NT 10.0; Win64; x64) AppleWebKit/537.36 (KHTML, like Gecko) Chrome/123.0.0.0 Safari/537.36 QQBrowser/21.0.8365.400\"}', NULL, '127.0.0.1', 3, 1, NULL, '2026-05-05 22:30:25');
INSERT INTO `sys_log` VALUES (69201, 1, 'admin', 'SYSTEM_ADMIN', '系统消息', 'QUERY', 'GET', '/api/notification/unread-count', '{\"_userAgent\":\"Mozilla/5.0 (Windows NT 10.0; Win64; x64) AppleWebKit/537.36 (KHTML, like Gecko) Chrome/123.0.0.0 Safari/537.36 QQBrowser/21.0.8365.400\"}', NULL, '127.0.0.1', 4, 1, NULL, '2026-05-05 22:31:25');
INSERT INTO `sys_log` VALUES (69202, 1, 'admin', 'SYSTEM_ADMIN', '系统消息', 'QUERY', 'GET', '/api/notification/unread-count', '{\"_userAgent\":\"Mozilla/5.0 (Windows NT 10.0; Win64; x64) AppleWebKit/537.36 (KHTML, like Gecko) Chrome/123.0.0.0 Safari/537.36 QQBrowser/21.0.8365.400\"}', NULL, '127.0.0.1', 2, 1, NULL, '2026-05-05 22:32:25');
INSERT INTO `sys_log` VALUES (69203, 1, 'admin', 'SYSTEM_ADMIN', '系统消息', 'QUERY', 'GET', '/api/notification/unread-count', '{\"_userAgent\":\"Mozilla/5.0 (Windows NT 10.0; Win64; x64) AppleWebKit/537.36 (KHTML, like Gecko) Chrome/123.0.0.0 Safari/537.36 QQBrowser/21.0.8365.400\"}', NULL, '127.0.0.1', 3, 1, NULL, '2026-05-05 22:33:25');
INSERT INTO `sys_log` VALUES (69204, 1, 'admin', 'SYSTEM_ADMIN', '系统消息', 'QUERY', 'GET', '/api/notification/unread-count', '{\"_userAgent\":\"Mozilla/5.0 (Windows NT 10.0; Win64; x64) AppleWebKit/537.36 (KHTML, like Gecko) Chrome/123.0.0.0 Safari/537.36 QQBrowser/21.0.8365.400\"}', NULL, '127.0.0.1', 3, 1, NULL, '2026-05-05 22:34:25');
INSERT INTO `sys_log` VALUES (69205, 1, 'admin', 'SYSTEM_ADMIN', '系统消息', 'QUERY', 'GET', '/api/notification/unread-count', '{\"_userAgent\":\"Mozilla/5.0 (Windows NT 10.0; Win64; x64) AppleWebKit/537.36 (KHTML, like Gecko) Chrome/123.0.0.0 Safari/537.36 QQBrowser/21.0.8365.400\"}', NULL, '127.0.0.1', 4, 1, NULL, '2026-05-05 22:35:25');
INSERT INTO `sys_log` VALUES (69206, 1, 'admin', 'SYSTEM_ADMIN', '系统消息', 'QUERY', 'GET', '/api/notification/unread-count', '{\"_userAgent\":\"Mozilla/5.0 (Windows NT 10.0; Win64; x64) AppleWebKit/537.36 (KHTML, like Gecko) Chrome/123.0.0.0 Safari/537.36 QQBrowser/21.0.8365.400\"}', NULL, '127.0.0.1', 6, 1, NULL, '2026-05-05 22:36:25');
INSERT INTO `sys_log` VALUES (69207, 1, 'admin', 'SYSTEM_ADMIN', '系统消息', 'QUERY', 'GET', '/api/notification/unread-count', '{\"_userAgent\":\"Mozilla/5.0 (Windows NT 10.0; Win64; x64) AppleWebKit/537.36 (KHTML, like Gecko) Chrome/123.0.0.0 Safari/537.36 QQBrowser/21.0.8365.400\"}', NULL, '127.0.0.1', 2, 1, NULL, '2026-05-05 22:37:25');
INSERT INTO `sys_log` VALUES (69208, 1, 'admin', 'SYSTEM_ADMIN', '系统消息', 'QUERY', 'GET', '/api/notification/unread-count', '{\"_userAgent\":\"Mozilla/5.0 (Windows NT 10.0; Win64; x64) AppleWebKit/537.36 (KHTML, like Gecko) Chrome/123.0.0.0 Safari/537.36 QQBrowser/21.0.8365.400\"}', NULL, '127.0.0.1', 5, 1, NULL, '2026-05-05 22:38:25');
INSERT INTO `sys_log` VALUES (69209, 1, 'admin', 'SYSTEM_ADMIN', '系统消息', 'QUERY', 'GET', '/api/notification/unread-count', '{\"_userAgent\":\"Mozilla/5.0 (Windows NT 10.0; Win64; x64) AppleWebKit/537.36 (KHTML, like Gecko) Chrome/123.0.0.0 Safari/537.36 QQBrowser/21.0.8365.400\"}', NULL, '127.0.0.1', 3, 1, NULL, '2026-05-05 22:39:25');
INSERT INTO `sys_log` VALUES (69210, 1, 'admin', 'SYSTEM_ADMIN', '系统消息', 'QUERY', 'GET', '/api/notification/unread-count', '{\"_userAgent\":\"Mozilla/5.0 (Windows NT 10.0; Win64; x64) AppleWebKit/537.36 (KHTML, like Gecko) Chrome/123.0.0.0 Safari/537.36 QQBrowser/21.0.8365.400\"}', NULL, '127.0.0.1', 4, 1, NULL, '2026-05-05 22:40:25');
INSERT INTO `sys_log` VALUES (69211, 1, 'admin', 'SYSTEM_ADMIN', '系统消息', 'QUERY', 'GET', '/api/notification/unread-count', '{\"_userAgent\":\"Mozilla/5.0 (Windows NT 10.0; Win64; x64) AppleWebKit/537.36 (KHTML, like Gecko) Chrome/123.0.0.0 Safari/537.36 QQBrowser/21.0.8365.400\"}', NULL, '127.0.0.1', 4, 1, NULL, '2026-05-05 22:41:25');
INSERT INTO `sys_log` VALUES (69212, 1, 'admin', 'SYSTEM_ADMIN', '系统消息', 'QUERY', 'GET', '/api/notification/unread-count', '{\"_userAgent\":\"Mozilla/5.0 (Windows NT 10.0; Win64; x64) AppleWebKit/537.36 (KHTML, like Gecko) Chrome/123.0.0.0 Safari/537.36 QQBrowser/21.0.8365.400\"}', NULL, '127.0.0.1', 5, 1, NULL, '2026-05-05 22:42:25');
INSERT INTO `sys_log` VALUES (69213, 1, 'admin', 'SYSTEM_ADMIN', '系统消息', 'QUERY', 'GET', '/api/notification/unread-count', '{\"_userAgent\":\"Mozilla/5.0 (Windows NT 10.0; Win64; x64) AppleWebKit/537.36 (KHTML, like Gecko) Chrome/123.0.0.0 Safari/537.36 QQBrowser/21.0.8365.400\"}', NULL, '127.0.0.1', 4, 1, NULL, '2026-05-05 22:43:25');

-- ----------------------------
-- Table structure for sys_message
-- ----------------------------
DROP TABLE IF EXISTS `sys_message`;
CREATE TABLE `sys_message`  (
  `id` bigint NOT NULL AUTO_INCREMENT COMMENT '消息ID',
  `user_id` bigint NOT NULL COMMENT '接收用户ID',
  `type` varchar(20) CHARACTER SET utf8mb4 COLLATE utf8mb4_0900_ai_ci NOT NULL COMMENT '消息类型：BOOKING_AUDIT-预约审核，REPAIR_ASSIGN-工单分配，CALIBRATION_REMIND-校准提醒，SYSTEM-系统通知',
  `title` varchar(200) CHARACTER SET utf8mb4 COLLATE utf8mb4_0900_ai_ci NOT NULL COMMENT '消息标题',
  `content` text CHARACTER SET utf8mb4 COLLATE utf8mb4_0900_ai_ci NULL COMMENT '消息内容',
  `is_read` tinyint NULL DEFAULT 0 COMMENT '是否已读：0-未读，1-已读',
  `related_id` bigint NULL DEFAULT NULL COMMENT '关联业务ID（如预约ID、工单ID）',
  `related_type` varchar(30) CHARACTER SET utf8mb4 COLLATE utf8mb4_0900_ai_ci NULL DEFAULT NULL COMMENT '关联业务类型：booking_order，repair_order',
  `create_time` datetime NULL DEFAULT CURRENT_TIMESTAMP COMMENT '创建时间',
  `update_time` datetime NULL DEFAULT CURRENT_TIMESTAMP ON UPDATE CURRENT_TIMESTAMP COMMENT '更新时间',
  `deleted` int NULL DEFAULT 0 COMMENT '逻辑删除：0-未删除，1-已删除',
  PRIMARY KEY (`id`) USING BTREE,
  INDEX `idx_user_id`(`user_id` ASC) USING BTREE,
  INDEX `idx_is_read`(`is_read` ASC) USING BTREE,
  INDEX `idx_create_time`(`create_time` ASC) USING BTREE,
  INDEX `idx_type`(`type` ASC) USING BTREE
) ENGINE = InnoDB AUTO_INCREMENT = 981 CHARACTER SET = utf8mb4 COLLATE = utf8mb4_0900_ai_ci COMMENT = '系统消息通知表' ROW_FORMAT = DYNAMIC;

-- ----------------------------
-- Records of sys_message
-- ----------------------------
INSERT INTO `sys_message` VALUES (1, 7, 'BOOKING_AUTO_CANCEL', '预约自动取消通知', '您的预约（08:00-10:00）因超时未签到已被系统自动取消。设备：光学显微镜A1', 1, 15, 'booking_order', '2026-04-11 19:53:56', '2026-04-11 19:53:56', 0);
INSERT INTO `sys_message` VALUES (2, 13, 'BOOKING_AUTO_CANCEL', '预约自动取消通知', '您的预约（14:00-16:00）因超时未签到已被系统自动取消。设备：二氧化碳培养箱A1', 0, 16, 'booking_order', '2026-04-11 19:53:56', '2026-04-11 19:53:56', 0);
INSERT INTO `sys_message` VALUES (3, 7, 'BOOKING_AUDIT', '预约审核未通过', '您的预约申请未通过审核，原因：cscs ', 1, 9, 'booking_order', '2026-04-11 19:53:56', '2026-04-11 19:53:56', 0);
INSERT INTO `sys_message` VALUES (4, 2, 'CALIBRATION_REMIND', '设备校准到期提醒', '设备「荧光显微镜B1」（编号：MIC-004）将于 0 天后（2026-03-27）到期校准，请及时安排校准工作。', 1, 4, 'device_info', '2026-04-11 19:53:56', '2026-04-11 19:53:56', 0);
INSERT INTO `sys_message` VALUES (5, 3, 'CALIBRATION_REMIND', '设备校准到期提醒', '设备「荧光显微镜B1」（编号：MIC-004）将于 0 天后（2026-03-27）到期校准，请及时安排校准工作。', 0, 4, 'device_info', '2026-04-11 19:53:56', '2026-04-11 19:53:56', 0);
INSERT INTO `sys_message` VALUES (6, 18, 'CALIBRATION_REMIND', '设备校准到期提醒', '设备「荧光显微镜B1」（编号：MIC-004）将于 0 天后（2026-03-27）到期校准，请及时安排校准工作。', 0, 4, 'device_info', '2026-04-11 19:53:56', '2026-04-11 19:53:56', 0);
INSERT INTO `sys_message` VALUES (7, 19, 'CALIBRATION_REMIND', '设备校准到期提醒', '设备「荧光显微镜B1」（编号：MIC-004）将于 0 天后（2026-03-27）到期校准，请及时安排校准工作。', 1, 4, 'device_info', '2026-04-11 19:53:56', '2026-04-11 19:53:56', 0);
INSERT INTO `sys_message` VALUES (8, 15, 'REPAIR_ASSIGN', '工单分配通知', '您有一项新的工单待处理。设备：cscs，报修人：系统管理员', 1, 9, 'repair_order', '2026-04-11 19:53:56', '2026-04-11 19:53:56', 0);
INSERT INTO `sys_message` VALUES (9, 1, 'REPAIR_ASSIGN', '工单处理完成', '您报修的设备（cscs）已维修完成，请前往确认。故障原因：cssc，解决方案：cscs', 1, 9, 'repair_order', '2026-04-11 19:53:56', '2026-04-11 19:53:56', 0);
INSERT INTO `sys_message` VALUES (10, 11, 'BOOKING_AUDIT', '预约审核未通过', '您的预约申请未通过审核，原因：测试', 0, 396, 'booking_order', '2026-04-11 19:53:56', '2026-04-11 19:53:56', 0);
INSERT INTO `sys_message` VALUES (11, 2, 'BOOKING_AUDIT', '新预约待审核', '申请人：王五，设备：光学显微镜A1，日期：2026-04-01 08:00-10:00，单号：ORD2038316762294460416。请在「预约审核」中处理。', 0, 397, 'booking_order', '2026-04-11 19:53:56', '2026-04-11 19:53:56', 0);
INSERT INTO `sys_message` VALUES (12, 3, 'BOOKING_AUDIT', '新预约待审核', '申请人：王五，设备：光学显微镜A1，日期：2026-04-01 08:00-10:00，单号：ORD2038316762294460416。请在「预约审核」中处理。', 0, 397, 'booking_order', '2026-04-11 19:53:56', '2026-04-11 19:53:56', 0);
INSERT INTO `sys_message` VALUES (13, 18, 'BOOKING_AUDIT', '新预约待审核', '申请人：王五，设备：光学显微镜A1，日期：2026-04-01 08:00-10:00，单号：ORD2038316762294460416。请在「预约审核」中处理。', 0, 397, 'booking_order', '2026-04-11 19:53:56', '2026-04-11 19:53:56', 0);
INSERT INTO `sys_message` VALUES (14, 19, 'BOOKING_AUDIT', '新预约待审核', '申请人：王五，设备：光学显微镜A1，日期：2026-04-01 08:00-10:00，单号：ORD2038316762294460416。请在「预约审核」中处理。', 0, 397, 'booking_order', '2026-04-11 19:53:56', '2026-04-11 19:53:56', 0);
INSERT INTO `sys_message` VALUES (15, 1, 'BOOKING_AUDIT', '新预约待审核', '申请人：王五，设备：光学显微镜A1，日期：2026-04-01 08:00-10:00，单号：ORD2038316762294460416。请在「预约审核」中处理。', 0, 397, 'booking_order', '2026-04-11 19:53:56', '2026-04-11 19:53:56', 0);
INSERT INTO `sys_message` VALUES (16, 24, 'BOOKING_AUDIT', '预约审核通过', '您的预约申请已审核通过，设备：光学显微镜A1', 0, 397, 'booking_order', '2026-04-11 19:53:56', '2026-04-11 19:53:56', 0);
INSERT INTO `sys_message` VALUES (17, 16, 'REPAIR_ASSIGN', '工单分配通知', '您有一项新的工单待处理。设备：高压灭菌锅B1，报修人：赵小芳', 0, 6, 'repair_order', '2026-04-11 19:53:56', '2026-04-11 19:53:56', 0);
INSERT INTO `sys_message` VALUES (18, 8, 'REPAIR_ASSIGN', '工单处理完成', '您报修的设备（普通PCR仪A1）已维修完成，请前往确认。故障原因：，解决方案：', 0, 5, 'repair_order', '2026-04-11 19:53:56', '2026-04-11 19:53:56', 0);
INSERT INTO `sys_message` VALUES (19, 2, 'BOOKING_AUDIT', '新预约待审核', '申请人：王五，设备：321，日期：2026-03-31 08:00-12:00，单号：ORD2038322274536857600。请在「预约审核」中处理。', 0, 398, 'booking_order', '2026-04-11 19:53:56', '2026-04-11 19:53:56', 0);
INSERT INTO `sys_message` VALUES (20, 3, 'BOOKING_AUDIT', '新预约待审核', '申请人：王五，设备：321，日期：2026-03-31 08:00-12:00，单号：ORD2038322274536857600。请在「预约审核」中处理。', 0, 398, 'booking_order', '2026-04-11 19:53:56', '2026-04-11 19:53:56', 0);
INSERT INTO `sys_message` VALUES (21, 18, 'BOOKING_AUDIT', '新预约待审核', '申请人：王五，设备：321，日期：2026-03-31 08:00-12:00，单号：ORD2038322274536857600。请在「预约审核」中处理。', 0, 398, 'booking_order', '2026-04-11 19:53:56', '2026-04-11 19:53:56', 0);
INSERT INTO `sys_message` VALUES (22, 19, 'BOOKING_AUDIT', '新预约待审核', '申请人：王五，设备：321，日期：2026-03-31 08:00-12:00，单号：ORD2038322274536857600。请在「预约审核」中处理。', 0, 398, 'booking_order', '2026-04-11 19:53:56', '2026-04-11 19:53:56', 0);
INSERT INTO `sys_message` VALUES (23, 1, 'BOOKING_AUDIT', '新预约待审核', '申请人：王五，设备：321，日期：2026-03-31 08:00-12:00，单号：ORD2038322274536857600。请在「预约审核」中处理。', 0, 398, 'booking_order', '2026-04-11 19:53:56', '2026-04-11 19:53:56', 0);
INSERT INTO `sys_message` VALUES (24, 24, 'BOOKING_AUDIT', '预约审核通过', '您的预约申请已审核通过，设备：321', 0, 398, 'booking_order', '2026-04-11 19:53:56', '2026-04-11 19:53:56', 0);
INSERT INTO `sys_message` VALUES (25, 12, 'REPAIR_ASSIGN', '工单处理完成', '您报修的设备（高压灭菌锅B1）已维修完成，请前往确认。故障原因：，解决方案：', 0, 6, 'repair_order', '2026-04-11 19:53:56', '2026-04-11 19:53:56', 0);
INSERT INTO `sys_message` VALUES (26, 2, 'BOOKING_AUDIT', '新预约待审核', '申请人：王五，设备：示波器-B1，日期：2026-03-12 18:00-20:00，单号：ORD2038340493079334912。请在「预约审核」中处理。', 0, 399, 'booking_order', '2026-04-11 19:53:56', '2026-04-11 19:53:56', 0);
INSERT INTO `sys_message` VALUES (27, 3, 'BOOKING_AUDIT', '新预约待审核', '申请人：王五，设备：示波器-B1，日期：2026-03-12 18:00-20:00，单号：ORD2038340493079334912。请在「预约审核」中处理。', 0, 399, 'booking_order', '2026-04-11 19:53:56', '2026-04-11 19:53:56', 0);
INSERT INTO `sys_message` VALUES (28, 18, 'BOOKING_AUDIT', '新预约待审核', '申请人：王五，设备：示波器-B1，日期：2026-03-12 18:00-20:00，单号：ORD2038340493079334912。请在「预约审核」中处理。', 0, 399, 'booking_order', '2026-04-11 19:53:56', '2026-04-11 19:53:56', 0);
INSERT INTO `sys_message` VALUES (29, 19, 'BOOKING_AUDIT', '新预约待审核', '申请人：王五，设备：示波器-B1，日期：2026-03-12 18:00-20:00，单号：ORD2038340493079334912。请在「预约审核」中处理。', 0, 399, 'booking_order', '2026-04-11 19:53:56', '2026-04-11 19:53:56', 0);
INSERT INTO `sys_message` VALUES (30, 1, 'BOOKING_AUDIT', '新预约待审核', '申请人：王五，设备：示波器-B1，日期：2026-03-12 18:00-20:00，单号：ORD2038340493079334912。请在「预约审核」中处理。', 0, 399, 'booking_order', '2026-04-11 19:53:56', '2026-04-11 19:53:56', 0);
INSERT INTO `sys_message` VALUES (31, 24, 'BOOKING_AUDIT', '预约审核通过', '您的预约申请已审核通过，设备：示波器-B1', 0, 399, 'booking_order', '2026-04-11 19:53:56', '2026-04-11 19:53:56', 0);
INSERT INTO `sys_message` VALUES (32, 2, 'BOOKING_AUDIT', '新预约待审核', '申请人：王五，设备：示波器-B1，日期：2026-03-31 12:00-14:00，单号：ORD2038403676653572096。请在「预约审核」中处理。', 0, 400, 'booking_order', '2026-04-11 19:53:56', '2026-04-11 19:53:56', 0);
INSERT INTO `sys_message` VALUES (33, 3, 'BOOKING_AUDIT', '新预约待审核', '申请人：王五，设备：示波器-B1，日期：2026-03-31 12:00-14:00，单号：ORD2038403676653572096。请在「预约审核」中处理。', 0, 400, 'booking_order', '2026-04-11 19:53:56', '2026-04-11 19:53:56', 0);
INSERT INTO `sys_message` VALUES (34, 18, 'BOOKING_AUDIT', '新预约待审核', '申请人：王五，设备：示波器-B1，日期：2026-03-31 12:00-14:00，单号：ORD2038403676653572096。请在「预约审核」中处理。', 0, 400, 'booking_order', '2026-04-11 19:53:56', '2026-04-11 19:53:56', 0);
INSERT INTO `sys_message` VALUES (35, 19, 'BOOKING_AUDIT', '新预约待审核', '申请人：王五，设备：示波器-B1，日期：2026-03-31 12:00-14:00，单号：ORD2038403676653572096。请在「预约审核」中处理。', 0, 400, 'booking_order', '2026-04-11 19:53:56', '2026-04-11 19:53:56', 0);
INSERT INTO `sys_message` VALUES (36, 1, 'BOOKING_AUDIT', '新预约待审核', '申请人：王五，设备：示波器-B1，日期：2026-03-31 12:00-14:00，单号：ORD2038403676653572096。请在「预约审核」中处理。', 0, 400, 'booking_order', '2026-04-11 19:53:56', '2026-04-11 19:53:56', 0);
INSERT INTO `sys_message` VALUES (37, 2, 'BOOKING_AUDIT', '新预约待审核', '申请人：系统管理员，设备：计算机-A1，日期：2026-04-01 12:00-14:00，单号：ORD2038405961546813440。请在「预约审核」中处理。', 0, 401, 'booking_order', '2026-04-11 19:53:56', '2026-04-11 19:53:56', 0);
INSERT INTO `sys_message` VALUES (38, 3, 'BOOKING_AUDIT', '新预约待审核', '申请人：系统管理员，设备：计算机-A1，日期：2026-04-01 12:00-14:00，单号：ORD2038405961546813440。请在「预约审核」中处理。', 0, 401, 'booking_order', '2026-04-11 19:53:56', '2026-04-11 19:53:56', 0);
INSERT INTO `sys_message` VALUES (39, 18, 'BOOKING_AUDIT', '新预约待审核', '申请人：系统管理员，设备：计算机-A1，日期：2026-04-01 12:00-14:00，单号：ORD2038405961546813440。请在「预约审核」中处理。', 0, 401, 'booking_order', '2026-04-11 19:53:56', '2026-04-11 19:53:56', 0);
INSERT INTO `sys_message` VALUES (40, 19, 'BOOKING_AUDIT', '新预约待审核', '申请人：系统管理员，设备：计算机-A1，日期：2026-04-01 12:00-14:00，单号：ORD2038405961546813440。请在「预约审核」中处理。', 0, 401, 'booking_order', '2026-04-11 19:53:56', '2026-04-11 19:53:56', 0);
INSERT INTO `sys_message` VALUES (41, 2, 'BOOKING_AUDIT', '新预约待审核', '申请人：王五，设备：示波器-B1，日期：2026-03-31 08:00-10:00，单号：ORD2038423057802563584。请在「预约审核」中处理。', 0, 402, 'booking_order', '2026-04-11 19:53:56', '2026-04-11 19:53:56', 0);
INSERT INTO `sys_message` VALUES (42, 3, 'BOOKING_AUDIT', '新预约待审核', '申请人：王五，设备：示波器-B1，日期：2026-03-31 08:00-10:00，单号：ORD2038423057802563584。请在「预约审核」中处理。', 0, 402, 'booking_order', '2026-04-11 19:53:56', '2026-04-11 19:53:56', 0);
INSERT INTO `sys_message` VALUES (43, 18, 'BOOKING_AUDIT', '新预约待审核', '申请人：王五，设备：示波器-B1，日期：2026-03-31 08:00-10:00，单号：ORD2038423057802563584。请在「预约审核」中处理。', 0, 402, 'booking_order', '2026-04-11 19:53:56', '2026-04-11 19:53:56', 0);
INSERT INTO `sys_message` VALUES (44, 19, 'BOOKING_AUDIT', '新预约待审核', '申请人：王五，设备：示波器-B1，日期：2026-03-31 08:00-10:00，单号：ORD2038423057802563584。请在「预约审核」中处理。', 0, 402, 'booking_order', '2026-04-11 19:53:56', '2026-04-11 19:53:56', 0);
INSERT INTO `sys_message` VALUES (45, 1, 'BOOKING_AUDIT', '新预约待审核', '申请人：王五，设备：示波器-B1，日期：2026-03-31 08:00-10:00，单号：ORD2038423057802563584。请在「预约审核」中处理。', 0, 402, 'booking_order', '2026-04-11 19:53:56', '2026-04-11 19:53:56', 0);
INSERT INTO `sys_message` VALUES (46, 24, 'BOOKING_AUDIT', '预约审核通过', '您的预约申请已审核通过，设备：示波器-B1', 0, 402, 'booking_order', '2026-04-11 19:53:56', '2026-04-11 19:53:56', 0);
INSERT INTO `sys_message` VALUES (47, 2, 'BOOKING_AUDIT', '新预约待审核', '申请人：王五，设备：计算机-A1，日期：2026-03-31 14:00-16:00，单号：ORD2038427760015826944。请在「预约审核」中处理。', 0, 403, 'booking_order', '2026-04-11 19:53:56', '2026-04-11 19:53:56', 0);
INSERT INTO `sys_message` VALUES (48, 3, 'BOOKING_AUDIT', '新预约待审核', '申请人：王五，设备：计算机-A1，日期：2026-03-31 14:00-16:00，单号：ORD2038427760015826944。请在「预约审核」中处理。', 0, 403, 'booking_order', '2026-04-11 19:53:56', '2026-04-11 19:53:56', 0);
INSERT INTO `sys_message` VALUES (49, 18, 'BOOKING_AUDIT', '新预约待审核', '申请人：王五，设备：计算机-A1，日期：2026-03-31 14:00-16:00，单号：ORD2038427760015826944。请在「预约审核」中处理。', 0, 403, 'booking_order', '2026-04-11 19:53:56', '2026-04-11 19:53:56', 0);
INSERT INTO `sys_message` VALUES (50, 19, 'BOOKING_AUDIT', '新预约待审核', '申请人：王五，设备：计算机-A1，日期：2026-03-31 14:00-16:00，单号：ORD2038427760015826944。请在「预约审核」中处理。', 0, 403, 'booking_order', '2026-04-11 19:53:56', '2026-04-11 19:53:56', 0);
INSERT INTO `sys_message` VALUES (51, 1, 'BOOKING_AUDIT', '新预约待审核', '申请人：王五，设备：计算机-A1，日期：2026-03-31 14:00-16:00，单号：ORD2038427760015826944。请在「预约审核」中处理。', 0, 403, 'booking_order', '2026-04-11 19:53:56', '2026-04-11 19:53:56', 0);
INSERT INTO `sys_message` VALUES (52, 1, 'BOOKING_AUDIT', '预约审核通过', '您的预约申请已审核通过，设备：计算机-A1', 0, 401, 'booking_order', '2026-04-11 19:53:56', '2026-04-11 19:53:56', 0);
INSERT INTO `sys_message` VALUES (53, 2, 'BOOKING_AUDIT', '新预约待审核', '申请人：王小明，设备：示波器-B1，日期：2026-03-31 08:00-10:00，单号：ORD2038614782932242432。请在「预约审核」中处理。', 0, 404, 'booking_order', '2026-04-11 19:53:56', '2026-04-11 19:53:56', 0);
INSERT INTO `sys_message` VALUES (54, 3, 'BOOKING_AUDIT', '新预约待审核', '申请人：王小明，设备：示波器-B1，日期：2026-03-31 08:00-10:00，单号：ORD2038614782932242432。请在「预约审核」中处理。', 0, 404, 'booking_order', '2026-04-11 19:53:56', '2026-04-11 19:53:56', 0);
INSERT INTO `sys_message` VALUES (55, 18, 'BOOKING_AUDIT', '新预约待审核', '申请人：王小明，设备：示波器-B1，日期：2026-03-31 08:00-10:00，单号：ORD2038614782932242432。请在「预约审核」中处理。', 0, 404, 'booking_order', '2026-04-11 19:53:56', '2026-04-11 19:53:56', 0);
INSERT INTO `sys_message` VALUES (56, 19, 'BOOKING_AUDIT', '新预约待审核', '申请人：王小明，设备：示波器-B1，日期：2026-03-31 08:00-10:00，单号：ORD2038614782932242432。请在「预约审核」中处理。', 0, 404, 'booking_order', '2026-04-11 19:53:56', '2026-04-11 19:53:56', 0);
INSERT INTO `sys_message` VALUES (57, 1, 'BOOKING_AUDIT', '新预约待审核', '申请人：王小明，设备：示波器-B1，日期：2026-03-31 08:00-10:00，单号：ORD2038614782932242432。请在「预约审核」中处理。', 0, 404, 'booking_order', '2026-04-11 19:53:56', '2026-04-11 19:53:56', 0);
INSERT INTO `sys_message` VALUES (58, 4, 'BOOKING_AUDIT', '新预约待审核', '申请人：王小明，设备：示波器-B1，日期：2026-03-31 08:00-10:00，单号：ORD2038614782932242432。请在「预约审核」中处理。', 0, 404, 'booking_order', '2026-04-11 19:53:56', '2026-04-11 19:53:56', 0);
INSERT INTO `sys_message` VALUES (59, 5, 'BOOKING_AUDIT', '新预约待审核', '申请人：王小明，设备：示波器-B1，日期：2026-03-31 08:00-10:00，单号：ORD2038614782932242432。请在「预约审核」中处理。', 0, 404, 'booking_order', '2026-04-11 19:53:56', '2026-04-11 19:53:56', 0);
INSERT INTO `sys_message` VALUES (60, 6, 'BOOKING_AUDIT', '新预约待审核', '申请人：王小明，设备：示波器-B1，日期：2026-03-31 08:00-10:00，单号：ORD2038614782932242432。请在「预约审核」中处理。', 0, 404, 'booking_order', '2026-04-11 19:53:56', '2026-04-11 19:53:56', 0);
INSERT INTO `sys_message` VALUES (61, 20, 'BOOKING_AUDIT', '新预约待审核', '申请人：王小明，设备：示波器-B1，日期：2026-03-31 08:00-10:00，单号：ORD2038614782932242432。请在「预约审核」中处理。', 0, 404, 'booking_order', '2026-04-11 19:53:56', '2026-04-11 19:53:56', 0);
INSERT INTO `sys_message` VALUES (62, 21, 'BOOKING_AUDIT', '新预约待审核', '申请人：王小明，设备：示波器-B1，日期：2026-03-31 08:00-10:00，单号：ORD2038614782932242432。请在「预约审核」中处理。', 0, 404, 'booking_order', '2026-04-11 19:53:56', '2026-04-11 19:53:56', 0);
INSERT INTO `sys_message` VALUES (63, 2, 'BOOKING_AUDIT', '新预约待审核', '申请人：王小明，设备：示波器-B1，日期：2026-03-24 08:00-10:00，单号：ORD2038615070225289216。请在「预约审核」中处理。', 0, 405, 'booking_order', '2026-04-11 19:53:56', '2026-04-11 19:53:56', 0);
INSERT INTO `sys_message` VALUES (64, 3, 'BOOKING_AUDIT', '新预约待审核', '申请人：王小明，设备：示波器-B1，日期：2026-03-24 08:00-10:00，单号：ORD2038615070225289216。请在「预约审核」中处理。', 0, 405, 'booking_order', '2026-04-11 19:53:56', '2026-04-11 19:53:56', 0);
INSERT INTO `sys_message` VALUES (65, 18, 'BOOKING_AUDIT', '新预约待审核', '申请人：王小明，设备：示波器-B1，日期：2026-03-24 08:00-10:00，单号：ORD2038615070225289216。请在「预约审核」中处理。', 0, 405, 'booking_order', '2026-04-11 19:53:56', '2026-04-11 19:53:56', 0);
INSERT INTO `sys_message` VALUES (66, 19, 'BOOKING_AUDIT', '新预约待审核', '申请人：王小明，设备：示波器-B1，日期：2026-03-24 08:00-10:00，单号：ORD2038615070225289216。请在「预约审核」中处理。', 0, 405, 'booking_order', '2026-04-11 19:53:56', '2026-04-11 19:53:56', 0);
INSERT INTO `sys_message` VALUES (67, 1, 'BOOKING_AUDIT', '新预约待审核', '申请人：王小明，设备：示波器-B1，日期：2026-03-24 08:00-10:00，单号：ORD2038615070225289216。请在「预约审核」中处理。', 0, 405, 'booking_order', '2026-04-11 19:53:56', '2026-04-11 19:53:56', 0);
INSERT INTO `sys_message` VALUES (68, 4, 'BOOKING_AUDIT', '新预约待审核', '申请人：王小明，设备：示波器-B1，日期：2026-03-24 08:00-10:00，单号：ORD2038615070225289216。请在「预约审核」中处理。', 0, 405, 'booking_order', '2026-04-11 19:53:56', '2026-04-11 19:53:56', 0);
INSERT INTO `sys_message` VALUES (69, 5, 'BOOKING_AUDIT', '新预约待审核', '申请人：王小明，设备：示波器-B1，日期：2026-03-24 08:00-10:00，单号：ORD2038615070225289216。请在「预约审核」中处理。', 0, 405, 'booking_order', '2026-04-11 19:53:56', '2026-04-11 19:53:56', 0);
INSERT INTO `sys_message` VALUES (70, 6, 'BOOKING_AUDIT', '新预约待审核', '申请人：王小明，设备：示波器-B1，日期：2026-03-24 08:00-10:00，单号：ORD2038615070225289216。请在「预约审核」中处理。', 0, 405, 'booking_order', '2026-04-11 19:53:56', '2026-04-11 19:53:56', 0);
INSERT INTO `sys_message` VALUES (71, 20, 'BOOKING_AUDIT', '新预约待审核', '申请人：王小明，设备：示波器-B1，日期：2026-03-24 08:00-10:00，单号：ORD2038615070225289216。请在「预约审核」中处理。', 0, 405, 'booking_order', '2026-04-11 19:53:56', '2026-04-11 19:53:56', 0);
INSERT INTO `sys_message` VALUES (72, 21, 'BOOKING_AUDIT', '新预约待审核', '申请人：王小明，设备：示波器-B1，日期：2026-03-24 08:00-10:00，单号：ORD2038615070225289216。请在「预约审核」中处理。', 0, 405, 'booking_order', '2026-04-11 19:53:56', '2026-04-11 19:53:56', 0);
INSERT INTO `sys_message` VALUES (73, 7, 'BOOKING_AUDIT', '预约审核通过', '您的预约申请已审核通过，设备：示波器-B1', 0, 405, 'booking_order', '2026-04-11 19:53:56', '2026-04-11 19:53:56', 0);
INSERT INTO `sys_message` VALUES (74, 2, 'BOOKING_AUDIT', '新预约待审核', '申请人：李小红，设备：烧杯-C1，日期：2026-03-30 19:00-20:00，单号：ORD2038618929840607232。请在「预约审核」中处理。', 0, 406, 'booking_order', '2026-04-11 19:53:56', '2026-04-11 19:53:56', 0);
INSERT INTO `sys_message` VALUES (75, 3, 'BOOKING_AUDIT', '新预约待审核', '申请人：李小红，设备：烧杯-C1，日期：2026-03-30 19:00-20:00，单号：ORD2038618929840607232。请在「预约审核」中处理。', 0, 406, 'booking_order', '2026-04-11 19:53:56', '2026-04-11 19:53:56', 0);
INSERT INTO `sys_message` VALUES (76, 18, 'BOOKING_AUDIT', '新预约待审核', '申请人：李小红，设备：烧杯-C1，日期：2026-03-30 19:00-20:00，单号：ORD2038618929840607232。请在「预约审核」中处理。', 0, 406, 'booking_order', '2026-04-11 19:53:56', '2026-04-11 19:53:56', 0);
INSERT INTO `sys_message` VALUES (77, 19, 'BOOKING_AUDIT', '新预约待审核', '申请人：李小红，设备：烧杯-C1，日期：2026-03-30 19:00-20:00，单号：ORD2038618929840607232。请在「预约审核」中处理。', 0, 406, 'booking_order', '2026-04-11 19:53:56', '2026-04-11 19:53:56', 0);
INSERT INTO `sys_message` VALUES (78, 1, 'BOOKING_AUDIT', '新预约待审核', '申请人：李小红，设备：烧杯-C1，日期：2026-03-30 19:00-20:00，单号：ORD2038618929840607232。请在「预约审核」中处理。', 0, 406, 'booking_order', '2026-04-11 19:53:56', '2026-04-11 19:53:56', 0);
INSERT INTO `sys_message` VALUES (79, 4, 'BOOKING_AUDIT', '新预约待审核', '申请人：李小红，设备：烧杯-C1，日期：2026-03-30 19:00-20:00，单号：ORD2038618929840607232。请在「预约审核」中处理。', 0, 406, 'booking_order', '2026-04-11 19:53:56', '2026-04-11 19:53:56', 0);
INSERT INTO `sys_message` VALUES (80, 5, 'BOOKING_AUDIT', '新预约待审核', '申请人：李小红，设备：烧杯-C1，日期：2026-03-30 19:00-20:00，单号：ORD2038618929840607232。请在「预约审核」中处理。', 0, 406, 'booking_order', '2026-04-11 19:53:56', '2026-04-11 19:53:56', 0);
INSERT INTO `sys_message` VALUES (81, 6, 'BOOKING_AUDIT', '新预约待审核', '申请人：李小红，设备：烧杯-C1，日期：2026-03-30 19:00-20:00，单号：ORD2038618929840607232。请在「预约审核」中处理。', 0, 406, 'booking_order', '2026-04-11 19:53:56', '2026-04-11 19:53:56', 0);
INSERT INTO `sys_message` VALUES (82, 20, 'BOOKING_AUDIT', '新预约待审核', '申请人：李小红，设备：烧杯-C1，日期：2026-03-30 19:00-20:00，单号：ORD2038618929840607232。请在「预约审核」中处理。', 0, 406, 'booking_order', '2026-04-11 19:53:56', '2026-04-11 19:53:56', 0);
INSERT INTO `sys_message` VALUES (83, 21, 'BOOKING_AUDIT', '新预约待审核', '申请人：李小红，设备：烧杯-C1，日期：2026-03-30 19:00-20:00，单号：ORD2038618929840607232。请在「预约审核」中处理。', 0, 406, 'booking_order', '2026-04-11 19:53:56', '2026-04-11 19:53:56', 0);
INSERT INTO `sys_message` VALUES (84, 2, 'BOOKING_AUDIT', '新预约待审核', '申请人：李小红，设备：烧杯-C1，日期：2026-03-30 08:00-16:00，单号：ORD2038628992537866240。请在「预约审核」中处理。', 0, 407, 'booking_order', '2026-04-11 19:53:56', '2026-04-11 19:53:56', 0);
INSERT INTO `sys_message` VALUES (85, 3, 'BOOKING_AUDIT', '新预约待审核', '申请人：李小红，设备：烧杯-C1，日期：2026-03-30 08:00-16:00，单号：ORD2038628992537866240。请在「预约审核」中处理。', 0, 407, 'booking_order', '2026-04-11 19:53:56', '2026-04-11 19:53:56', 0);
INSERT INTO `sys_message` VALUES (86, 18, 'BOOKING_AUDIT', '新预约待审核', '申请人：李小红，设备：烧杯-C1，日期：2026-03-30 08:00-16:00，单号：ORD2038628992537866240。请在「预约审核」中处理。', 0, 407, 'booking_order', '2026-04-11 19:53:56', '2026-04-11 19:53:56', 0);
INSERT INTO `sys_message` VALUES (87, 19, 'BOOKING_AUDIT', '新预约待审核', '申请人：李小红，设备：烧杯-C1，日期：2026-03-30 08:00-16:00，单号：ORD2038628992537866240。请在「预约审核」中处理。', 0, 407, 'booking_order', '2026-04-11 19:53:56', '2026-04-11 19:53:56', 0);
INSERT INTO `sys_message` VALUES (88, 1, 'BOOKING_AUDIT', '新预约待审核', '申请人：李小红，设备：烧杯-C1，日期：2026-03-30 08:00-16:00，单号：ORD2038628992537866240。请在「预约审核」中处理。', 0, 407, 'booking_order', '2026-04-11 19:53:56', '2026-04-11 19:53:56', 0);
INSERT INTO `sys_message` VALUES (89, 4, 'BOOKING_AUDIT', '新预约待审核', '申请人：李小红，设备：烧杯-C1，日期：2026-03-30 08:00-16:00，单号：ORD2038628992537866240。请在「预约审核」中处理。', 0, 407, 'booking_order', '2026-04-11 19:53:56', '2026-04-11 19:53:56', 0);
INSERT INTO `sys_message` VALUES (90, 5, 'BOOKING_AUDIT', '新预约待审核', '申请人：李小红，设备：烧杯-C1，日期：2026-03-30 08:00-16:00，单号：ORD2038628992537866240。请在「预约审核」中处理。', 0, 407, 'booking_order', '2026-04-11 19:53:56', '2026-04-11 19:53:56', 0);
INSERT INTO `sys_message` VALUES (91, 6, 'BOOKING_AUDIT', '新预约待审核', '申请人：李小红，设备：烧杯-C1，日期：2026-03-30 08:00-16:00，单号：ORD2038628992537866240。请在「预约审核」中处理。', 0, 407, 'booking_order', '2026-04-11 19:53:56', '2026-04-11 19:53:56', 0);
INSERT INTO `sys_message` VALUES (92, 20, 'BOOKING_AUDIT', '新预约待审核', '申请人：李小红，设备：烧杯-C1，日期：2026-03-30 08:00-16:00，单号：ORD2038628992537866240。请在「预约审核」中处理。', 0, 407, 'booking_order', '2026-04-11 19:53:56', '2026-04-11 19:53:56', 0);
INSERT INTO `sys_message` VALUES (93, 21, 'BOOKING_AUDIT', '新预约待审核', '申请人：李小红，设备：烧杯-C1，日期：2026-03-30 08:00-16:00，单号：ORD2038628992537866240。请在「预约审核」中处理。', 0, 407, 'booking_order', '2026-04-11 19:53:56', '2026-04-11 19:53:56', 0);
INSERT INTO `sys_message` VALUES (94, 2, 'BOOKING_AUDIT', '新预约待审核', '申请人：李小红，设备：烧杯-C1，日期：2026-03-31 08:00-10:00，单号：ORD2038631945856364544。请在「预约审核」中处理。', 0, 408, 'booking_order', '2026-04-11 19:53:56', '2026-04-11 19:53:56', 0);
INSERT INTO `sys_message` VALUES (95, 3, 'BOOKING_AUDIT', '新预约待审核', '申请人：李小红，设备：烧杯-C1，日期：2026-03-31 08:00-10:00，单号：ORD2038631945856364544。请在「预约审核」中处理。', 0, 408, 'booking_order', '2026-04-11 19:53:56', '2026-04-11 19:53:56', 0);
INSERT INTO `sys_message` VALUES (96, 18, 'BOOKING_AUDIT', '新预约待审核', '申请人：李小红，设备：烧杯-C1，日期：2026-03-31 08:00-10:00，单号：ORD2038631945856364544。请在「预约审核」中处理。', 0, 408, 'booking_order', '2026-04-11 19:53:56', '2026-04-11 19:53:56', 0);
INSERT INTO `sys_message` VALUES (97, 19, 'BOOKING_AUDIT', '新预约待审核', '申请人：李小红，设备：烧杯-C1，日期：2026-03-31 08:00-10:00，单号：ORD2038631945856364544。请在「预约审核」中处理。', 0, 408, 'booking_order', '2026-04-11 19:53:56', '2026-04-11 19:53:56', 0);
INSERT INTO `sys_message` VALUES (98, 1, 'BOOKING_AUDIT', '新预约待审核', '申请人：李小红，设备：烧杯-C1，日期：2026-03-31 08:00-10:00，单号：ORD2038631945856364544。请在「预约审核」中处理。', 0, 408, 'booking_order', '2026-04-11 19:53:56', '2026-04-11 19:53:56', 0);
INSERT INTO `sys_message` VALUES (99, 4, 'BOOKING_AUDIT', '新预约待审核', '申请人：李小红，设备：烧杯-C1，日期：2026-03-31 08:00-10:00，单号：ORD2038631945856364544。请在「预约审核」中处理。', 0, 408, 'booking_order', '2026-04-11 19:53:56', '2026-04-11 19:53:56', 0);
INSERT INTO `sys_message` VALUES (100, 5, 'BOOKING_AUDIT', '新预约待审核', '申请人：李小红，设备：烧杯-C1，日期：2026-03-31 08:00-10:00，单号：ORD2038631945856364544。请在「预约审核」中处理。', 0, 408, 'booking_order', '2026-04-11 19:53:56', '2026-04-11 19:53:56', 0);
INSERT INTO `sys_message` VALUES (101, 6, 'BOOKING_AUDIT', '新预约待审核', '申请人：李小红，设备：烧杯-C1，日期：2026-03-31 08:00-10:00，单号：ORD2038631945856364544。请在「预约审核」中处理。', 0, 408, 'booking_order', '2026-04-11 19:53:56', '2026-04-11 19:53:56', 0);
INSERT INTO `sys_message` VALUES (102, 20, 'BOOKING_AUDIT', '新预约待审核', '申请人：李小红，设备：烧杯-C1，日期：2026-03-31 08:00-10:00，单号：ORD2038631945856364544。请在「预约审核」中处理。', 0, 408, 'booking_order', '2026-04-11 19:53:56', '2026-04-11 19:53:56', 0);
INSERT INTO `sys_message` VALUES (103, 21, 'BOOKING_AUDIT', '新预约待审核', '申请人：李小红，设备：烧杯-C1，日期：2026-03-31 08:00-10:00，单号：ORD2038631945856364544。请在「预约审核」中处理。', 0, 408, 'booking_order', '2026-04-11 19:53:56', '2026-04-11 19:53:56', 0);
INSERT INTO `sys_message` VALUES (104, 2, 'BOOKING_AUDIT', '新预约待审核', '申请人：李小红，设备：烧杯-C1，日期：2026-03-31 18:00-20:00，单号：ORD2038632269082013696。请在「预约审核」中处理。', 0, 409, 'booking_order', '2026-04-11 19:53:56', '2026-04-11 19:53:56', 0);
INSERT INTO `sys_message` VALUES (105, 3, 'BOOKING_AUDIT', '新预约待审核', '申请人：李小红，设备：烧杯-C1，日期：2026-03-31 18:00-20:00，单号：ORD2038632269082013696。请在「预约审核」中处理。', 0, 409, 'booking_order', '2026-04-11 19:53:56', '2026-04-11 19:53:56', 0);
INSERT INTO `sys_message` VALUES (106, 18, 'BOOKING_AUDIT', '新预约待审核', '申请人：李小红，设备：烧杯-C1，日期：2026-03-31 18:00-20:00，单号：ORD2038632269082013696。请在「预约审核」中处理。', 0, 409, 'booking_order', '2026-04-11 19:53:56', '2026-04-11 19:53:56', 0);
INSERT INTO `sys_message` VALUES (107, 19, 'BOOKING_AUDIT', '新预约待审核', '申请人：李小红，设备：烧杯-C1，日期：2026-03-31 18:00-20:00，单号：ORD2038632269082013696。请在「预约审核」中处理。', 0, 409, 'booking_order', '2026-04-11 19:53:56', '2026-04-11 19:53:56', 0);
INSERT INTO `sys_message` VALUES (108, 1, 'BOOKING_AUDIT', '新预约待审核', '申请人：李小红，设备：烧杯-C1，日期：2026-03-31 18:00-20:00，单号：ORD2038632269082013696。请在「预约审核」中处理。', 0, 409, 'booking_order', '2026-04-11 19:53:56', '2026-04-11 19:53:56', 0);
INSERT INTO `sys_message` VALUES (109, 4, 'BOOKING_AUDIT', '新预约待审核', '申请人：李小红，设备：烧杯-C1，日期：2026-03-31 18:00-20:00，单号：ORD2038632269082013696。请在「预约审核」中处理。', 0, 409, 'booking_order', '2026-04-11 19:53:56', '2026-04-11 19:53:56', 0);
INSERT INTO `sys_message` VALUES (110, 5, 'BOOKING_AUDIT', '新预约待审核', '申请人：李小红，设备：烧杯-C1，日期：2026-03-31 18:00-20:00，单号：ORD2038632269082013696。请在「预约审核」中处理。', 0, 409, 'booking_order', '2026-04-11 19:53:56', '2026-04-11 19:53:56', 0);
INSERT INTO `sys_message` VALUES (111, 6, 'BOOKING_AUDIT', '新预约待审核', '申请人：李小红，设备：烧杯-C1，日期：2026-03-31 18:00-20:00，单号：ORD2038632269082013696。请在「预约审核」中处理。', 0, 409, 'booking_order', '2026-04-11 19:53:56', '2026-04-11 19:53:56', 0);
INSERT INTO `sys_message` VALUES (112, 20, 'BOOKING_AUDIT', '新预约待审核', '申请人：李小红，设备：烧杯-C1，日期：2026-03-31 18:00-20:00，单号：ORD2038632269082013696。请在「预约审核」中处理。', 0, 409, 'booking_order', '2026-04-11 19:53:56', '2026-04-11 19:53:56', 0);
INSERT INTO `sys_message` VALUES (113, 21, 'BOOKING_AUDIT', '新预约待审核', '申请人：李小红，设备：烧杯-C1，日期：2026-03-31 18:00-20:00，单号：ORD2038632269082013696。请在「预约审核」中处理。', 0, 409, 'booking_order', '2026-04-11 19:53:56', '2026-04-11 19:53:56', 0);
INSERT INTO `sys_message` VALUES (114, 2, 'BOOKING_AUDIT', '新预约待审核', '申请人：李小红，设备：烧杯-C1，日期：2026-03-31 08:00-10:00，单号：ORD2038632846809640960。请在「预约审核」中处理。', 0, 410, 'booking_order', '2026-04-11 19:53:56', '2026-04-11 19:53:56', 0);
INSERT INTO `sys_message` VALUES (115, 3, 'BOOKING_AUDIT', '新预约待审核', '申请人：李小红，设备：烧杯-C1，日期：2026-03-31 08:00-10:00，单号：ORD2038632846809640960。请在「预约审核」中处理。', 0, 410, 'booking_order', '2026-04-11 19:53:56', '2026-04-11 19:53:56', 0);
INSERT INTO `sys_message` VALUES (116, 18, 'BOOKING_AUDIT', '新预约待审核', '申请人：李小红，设备：烧杯-C1，日期：2026-03-31 08:00-10:00，单号：ORD2038632846809640960。请在「预约审核」中处理。', 0, 410, 'booking_order', '2026-04-11 19:53:56', '2026-04-11 19:53:56', 0);
INSERT INTO `sys_message` VALUES (117, 19, 'BOOKING_AUDIT', '新预约待审核', '申请人：李小红，设备：烧杯-C1，日期：2026-03-31 08:00-10:00，单号：ORD2038632846809640960。请在「预约审核」中处理。', 0, 410, 'booking_order', '2026-04-11 19:53:56', '2026-04-11 19:53:56', 0);
INSERT INTO `sys_message` VALUES (118, 1, 'BOOKING_AUDIT', '新预约待审核', '申请人：李小红，设备：烧杯-C1，日期：2026-03-31 08:00-10:00，单号：ORD2038632846809640960。请在「预约审核」中处理。', 0, 410, 'booking_order', '2026-04-11 19:53:56', '2026-04-11 19:53:56', 0);
INSERT INTO `sys_message` VALUES (119, 4, 'BOOKING_AUDIT', '新预约待审核', '申请人：李小红，设备：烧杯-C1，日期：2026-03-31 08:00-10:00，单号：ORD2038632846809640960。请在「预约审核」中处理。', 0, 410, 'booking_order', '2026-04-11 19:53:56', '2026-04-11 19:53:56', 0);
INSERT INTO `sys_message` VALUES (120, 5, 'BOOKING_AUDIT', '新预约待审核', '申请人：李小红，设备：烧杯-C1，日期：2026-03-31 08:00-10:00，单号：ORD2038632846809640960。请在「预约审核」中处理。', 0, 410, 'booking_order', '2026-04-11 19:53:56', '2026-04-11 19:53:56', 0);
INSERT INTO `sys_message` VALUES (121, 6, 'BOOKING_AUDIT', '新预约待审核', '申请人：李小红，设备：烧杯-C1，日期：2026-03-31 08:00-10:00，单号：ORD2038632846809640960。请在「预约审核」中处理。', 0, 410, 'booking_order', '2026-04-11 19:53:56', '2026-04-11 19:53:56', 0);
INSERT INTO `sys_message` VALUES (122, 20, 'BOOKING_AUDIT', '新预约待审核', '申请人：李小红，设备：烧杯-C1，日期：2026-03-31 08:00-10:00，单号：ORD2038632846809640960。请在「预约审核」中处理。', 0, 410, 'booking_order', '2026-04-11 19:53:56', '2026-04-11 19:53:56', 0);
INSERT INTO `sys_message` VALUES (123, 21, 'BOOKING_AUDIT', '新预约待审核', '申请人：李小红，设备：烧杯-C1，日期：2026-03-31 08:00-10:00，单号：ORD2038632846809640960。请在「预约审核」中处理。', 0, 410, 'booking_order', '2026-04-11 19:53:56', '2026-04-11 19:53:56', 0);
INSERT INTO `sys_message` VALUES (124, 2, 'BOOKING_AUDIT', '新预约待审核', '申请人：李小红，设备：烧杯-C1，日期：2026-03-31 18:00-20:00，单号：ORD2038651073791090688。请在「预约审核」中处理。', 0, 411, 'booking_order', '2026-04-11 19:53:56', '2026-04-11 19:53:56', 0);
INSERT INTO `sys_message` VALUES (125, 3, 'BOOKING_AUDIT', '新预约待审核', '申请人：李小红，设备：烧杯-C1，日期：2026-03-31 18:00-20:00，单号：ORD2038651073791090688。请在「预约审核」中处理。', 0, 411, 'booking_order', '2026-04-11 19:53:56', '2026-04-11 19:53:56', 0);
INSERT INTO `sys_message` VALUES (126, 18, 'BOOKING_AUDIT', '新预约待审核', '申请人：李小红，设备：烧杯-C1，日期：2026-03-31 18:00-20:00，单号：ORD2038651073791090688。请在「预约审核」中处理。', 0, 411, 'booking_order', '2026-04-11 19:53:56', '2026-04-11 19:53:56', 0);
INSERT INTO `sys_message` VALUES (127, 19, 'BOOKING_AUDIT', '新预约待审核', '申请人：李小红，设备：烧杯-C1，日期：2026-03-31 18:00-20:00，单号：ORD2038651073791090688。请在「预约审核」中处理。', 0, 411, 'booking_order', '2026-04-11 19:53:56', '2026-04-11 19:53:56', 0);
INSERT INTO `sys_message` VALUES (128, 1, 'BOOKING_AUDIT', '新预约待审核', '申请人：李小红，设备：烧杯-C1，日期：2026-03-31 18:00-20:00，单号：ORD2038651073791090688。请在「预约审核」中处理。', 0, 411, 'booking_order', '2026-04-11 19:53:56', '2026-04-11 19:53:56', 0);
INSERT INTO `sys_message` VALUES (129, 4, 'BOOKING_AUDIT', '新预约待审核', '申请人：李小红，设备：烧杯-C1，日期：2026-03-31 18:00-20:00，单号：ORD2038651073791090688。请在「预约审核」中处理。', 0, 411, 'booking_order', '2026-04-11 19:53:56', '2026-04-11 19:53:56', 0);
INSERT INTO `sys_message` VALUES (130, 5, 'BOOKING_AUDIT', '新预约待审核', '申请人：李小红，设备：烧杯-C1，日期：2026-03-31 18:00-20:00，单号：ORD2038651073791090688。请在「预约审核」中处理。', 0, 411, 'booking_order', '2026-04-11 19:53:56', '2026-04-11 19:53:56', 0);
INSERT INTO `sys_message` VALUES (131, 6, 'BOOKING_AUDIT', '新预约待审核', '申请人：李小红，设备：烧杯-C1，日期：2026-03-31 18:00-20:00，单号：ORD2038651073791090688。请在「预约审核」中处理。', 0, 411, 'booking_order', '2026-04-11 19:53:56', '2026-04-11 19:53:56', 0);
INSERT INTO `sys_message` VALUES (132, 20, 'BOOKING_AUDIT', '新预约待审核', '申请人：李小红，设备：烧杯-C1，日期：2026-03-31 18:00-20:00，单号：ORD2038651073791090688。请在「预约审核」中处理。', 0, 411, 'booking_order', '2026-04-11 19:53:56', '2026-04-11 19:53:56', 0);
INSERT INTO `sys_message` VALUES (133, 21, 'BOOKING_AUDIT', '新预约待审核', '申请人：李小红，设备：烧杯-C1，日期：2026-03-31 18:00-20:00，单号：ORD2038651073791090688。请在「预约审核」中处理。', 0, 411, 'booking_order', '2026-04-11 19:53:56', '2026-04-11 19:53:56', 0);
INSERT INTO `sys_message` VALUES (134, 2, 'BOOKING_AUDIT', '新预约待审核', '申请人：李小红，设备：烧杯-C1，日期：2026-03-31 14:00-16:00，单号：ORD2038651984768753664。请在「预约审核」中处理。', 0, 412, 'booking_order', '2026-04-11 19:53:56', '2026-04-11 19:53:56', 0);
INSERT INTO `sys_message` VALUES (135, 3, 'BOOKING_AUDIT', '新预约待审核', '申请人：李小红，设备：烧杯-C1，日期：2026-03-31 14:00-16:00，单号：ORD2038651984768753664。请在「预约审核」中处理。', 0, 412, 'booking_order', '2026-04-11 19:53:56', '2026-04-11 19:53:56', 0);
INSERT INTO `sys_message` VALUES (136, 18, 'BOOKING_AUDIT', '新预约待审核', '申请人：李小红，设备：烧杯-C1，日期：2026-03-31 14:00-16:00，单号：ORD2038651984768753664。请在「预约审核」中处理。', 0, 412, 'booking_order', '2026-04-11 19:53:56', '2026-04-11 19:53:56', 0);
INSERT INTO `sys_message` VALUES (137, 19, 'BOOKING_AUDIT', '新预约待审核', '申请人：李小红，设备：烧杯-C1，日期：2026-03-31 14:00-16:00，单号：ORD2038651984768753664。请在「预约审核」中处理。', 0, 412, 'booking_order', '2026-04-11 19:53:56', '2026-04-11 19:53:56', 0);
INSERT INTO `sys_message` VALUES (138, 1, 'BOOKING_AUDIT', '新预约待审核', '申请人：李小红，设备：烧杯-C1，日期：2026-03-31 14:00-16:00，单号：ORD2038651984768753664。请在「预约审核」中处理。', 0, 412, 'booking_order', '2026-04-11 19:53:56', '2026-04-11 19:53:56', 0);
INSERT INTO `sys_message` VALUES (139, 4, 'BOOKING_AUDIT', '新预约待审核', '申请人：李小红，设备：烧杯-C1，日期：2026-03-31 14:00-16:00，单号：ORD2038651984768753664。请在「预约审核」中处理。', 0, 412, 'booking_order', '2026-04-11 19:53:56', '2026-04-11 19:53:56', 0);
INSERT INTO `sys_message` VALUES (140, 5, 'BOOKING_AUDIT', '新预约待审核', '申请人：李小红，设备：烧杯-C1，日期：2026-03-31 14:00-16:00，单号：ORD2038651984768753664。请在「预约审核」中处理。', 0, 412, 'booking_order', '2026-04-11 19:53:56', '2026-04-11 19:53:56', 0);
INSERT INTO `sys_message` VALUES (141, 6, 'BOOKING_AUDIT', '新预约待审核', '申请人：李小红，设备：烧杯-C1，日期：2026-03-31 14:00-16:00，单号：ORD2038651984768753664。请在「预约审核」中处理。', 0, 412, 'booking_order', '2026-04-11 19:53:56', '2026-04-11 19:53:56', 0);
INSERT INTO `sys_message` VALUES (142, 20, 'BOOKING_AUDIT', '新预约待审核', '申请人：李小红，设备：烧杯-C1，日期：2026-03-31 14:00-16:00，单号：ORD2038651984768753664。请在「预约审核」中处理。', 0, 412, 'booking_order', '2026-04-11 19:53:56', '2026-04-11 19:53:56', 0);
INSERT INTO `sys_message` VALUES (143, 21, 'BOOKING_AUDIT', '新预约待审核', '申请人：李小红，设备：烧杯-C1，日期：2026-03-31 14:00-16:00，单号：ORD2038651984768753664。请在「预约审核」中处理。', 0, 412, 'booking_order', '2026-04-11 19:53:56', '2026-04-11 19:53:56', 0);
INSERT INTO `sys_message` VALUES (144, 8, 'BOOKING_AUDIT', '预约审核通过', '您的预约申请已审核通过，设备：烧杯-C1', 0, 412, 'booking_order', '2026-04-11 19:53:56', '2026-04-11 19:53:56', 0);
INSERT INTO `sys_message` VALUES (145, 8, 'BOOKING_AUDIT', '预约审核未通过', '您的预约申请未通过审核，原因：测试', 0, 411, 'booking_order', '2026-04-11 19:53:56', '2026-04-11 19:53:56', 0);
INSERT INTO `sys_message` VALUES (146, 9, 'BOOKING_AUDIT', '预约审核通过', '您的预约申请已审核通过，设备：高速冷冻离心机A2', 0, 11, 'booking_order', '2026-04-11 19:53:56', '2026-04-11 19:53:56', 0);
INSERT INTO `sys_message` VALUES (147, 8, 'BOOKING_AUDIT', '预约审核未通过', '您的预约申请未通过审核，原因：设备临时故障，无法使用', 0, 10, 'booking_order', '2026-04-11 19:53:56', '2026-04-11 19:53:56', 0);
INSERT INTO `sys_message` VALUES (148, 2, 'BOOKING_AUDIT', '新预约待审核', '申请人：张小华，设备：超低温冰箱D1，日期：2026-03-31 08:00-09:00，单号：ORD2038659075034144768。请在「预约审核」中处理。', 0, 413, 'booking_order', '2026-04-11 19:53:56', '2026-04-11 19:53:56', 0);
INSERT INTO `sys_message` VALUES (149, 3, 'BOOKING_AUDIT', '新预约待审核', '申请人：张小华，设备：超低温冰箱D1，日期：2026-03-31 08:00-09:00，单号：ORD2038659075034144768。请在「预约审核」中处理。', 0, 413, 'booking_order', '2026-04-11 19:53:56', '2026-04-11 19:53:56', 0);
INSERT INTO `sys_message` VALUES (150, 18, 'BOOKING_AUDIT', '新预约待审核', '申请人：张小华，设备：超低温冰箱D1，日期：2026-03-31 08:00-09:00，单号：ORD2038659075034144768。请在「预约审核」中处理。', 0, 413, 'booking_order', '2026-04-11 19:53:56', '2026-04-11 19:53:56', 0);
INSERT INTO `sys_message` VALUES (151, 19, 'BOOKING_AUDIT', '新预约待审核', '申请人：张小华，设备：超低温冰箱D1，日期：2026-03-31 08:00-09:00，单号：ORD2038659075034144768。请在「预约审核」中处理。', 0, 413, 'booking_order', '2026-04-11 19:53:56', '2026-04-11 19:53:56', 0);
INSERT INTO `sys_message` VALUES (152, 1, 'BOOKING_AUDIT', '新预约待审核', '申请人：张小华，设备：超低温冰箱D1，日期：2026-03-31 08:00-09:00，单号：ORD2038659075034144768。请在「预约审核」中处理。', 0, 413, 'booking_order', '2026-04-11 19:53:56', '2026-04-11 19:53:56', 0);
INSERT INTO `sys_message` VALUES (153, 4, 'BOOKING_AUDIT', '新预约待审核', '申请人：张小华，设备：超低温冰箱D1，日期：2026-03-31 08:00-09:00，单号：ORD2038659075034144768。请在「预约审核」中处理。', 0, 413, 'booking_order', '2026-04-11 19:53:56', '2026-04-11 19:53:56', 0);
INSERT INTO `sys_message` VALUES (154, 5, 'BOOKING_AUDIT', '新预约待审核', '申请人：张小华，设备：超低温冰箱D1，日期：2026-03-31 08:00-09:00，单号：ORD2038659075034144768。请在「预约审核」中处理。', 0, 413, 'booking_order', '2026-04-11 19:53:56', '2026-04-11 19:53:56', 0);
INSERT INTO `sys_message` VALUES (155, 6, 'BOOKING_AUDIT', '新预约待审核', '申请人：张小华，设备：超低温冰箱D1，日期：2026-03-31 08:00-09:00，单号：ORD2038659075034144768。请在「预约审核」中处理。', 0, 413, 'booking_order', '2026-04-11 19:53:56', '2026-04-11 19:53:56', 0);
INSERT INTO `sys_message` VALUES (156, 20, 'BOOKING_AUDIT', '新预约待审核', '申请人：张小华，设备：超低温冰箱D1，日期：2026-03-31 08:00-09:00，单号：ORD2038659075034144768。请在「预约审核」中处理。', 0, 413, 'booking_order', '2026-04-11 19:53:56', '2026-04-11 19:53:56', 0);
INSERT INTO `sys_message` VALUES (157, 21, 'BOOKING_AUDIT', '新预约待审核', '申请人：张小华，设备：超低温冰箱D1，日期：2026-03-31 08:00-09:00，单号：ORD2038659075034144768。请在「预约审核」中处理。', 0, 413, 'booking_order', '2026-04-11 19:53:56', '2026-04-11 19:53:56', 0);
INSERT INTO `sys_message` VALUES (158, 2, 'BOOKING_AUDIT', '新预约待审核', '申请人：张小华，设备：制冰机C1，日期：2026-03-31 10:00-10:30，单号：ORD2038684383397294080。请在「预约审核」中处理。', 0, 426, 'booking_order', '2026-04-11 19:53:56', '2026-04-11 19:53:56', 0);
INSERT INTO `sys_message` VALUES (159, 3, 'BOOKING_AUDIT', '新预约待审核', '申请人：张小华，设备：制冰机C1，日期：2026-03-31 10:00-10:30，单号：ORD2038684383397294080。请在「预约审核」中处理。', 0, 426, 'booking_order', '2026-04-11 19:53:56', '2026-04-11 19:53:56', 0);
INSERT INTO `sys_message` VALUES (160, 18, 'BOOKING_AUDIT', '新预约待审核', '申请人：张小华，设备：制冰机C1，日期：2026-03-31 10:00-10:30，单号：ORD2038684383397294080。请在「预约审核」中处理。', 0, 426, 'booking_order', '2026-04-11 19:53:56', '2026-04-11 19:53:56', 0);
INSERT INTO `sys_message` VALUES (161, 19, 'BOOKING_AUDIT', '新预约待审核', '申请人：张小华，设备：制冰机C1，日期：2026-03-31 10:00-10:30，单号：ORD2038684383397294080。请在「预约审核」中处理。', 0, 426, 'booking_order', '2026-04-11 19:53:56', '2026-04-11 19:53:56', 0);
INSERT INTO `sys_message` VALUES (162, 1, 'BOOKING_AUDIT', '新预约待审核', '申请人：张小华，设备：制冰机C1，日期：2026-03-31 10:00-10:30，单号：ORD2038684383397294080。请在「预约审核」中处理。', 0, 426, 'booking_order', '2026-04-11 19:53:56', '2026-04-11 19:53:56', 0);
INSERT INTO `sys_message` VALUES (163, 4, 'BOOKING_AUDIT', '新预约待审核', '申请人：张小华，设备：制冰机C1，日期：2026-03-31 10:00-10:30，单号：ORD2038684383397294080。请在「预约审核」中处理。', 0, 426, 'booking_order', '2026-04-11 19:53:56', '2026-04-11 19:53:56', 0);
INSERT INTO `sys_message` VALUES (164, 5, 'BOOKING_AUDIT', '新预约待审核', '申请人：张小华，设备：制冰机C1，日期：2026-03-31 10:00-10:30，单号：ORD2038684383397294080。请在「预约审核」中处理。', 0, 426, 'booking_order', '2026-04-11 19:53:56', '2026-04-11 19:53:56', 0);
INSERT INTO `sys_message` VALUES (165, 6, 'BOOKING_AUDIT', '新预约待审核', '申请人：张小华，设备：制冰机C1，日期：2026-03-31 10:00-10:30，单号：ORD2038684383397294080。请在「预约审核」中处理。', 0, 426, 'booking_order', '2026-04-11 19:53:56', '2026-04-11 19:53:56', 0);
INSERT INTO `sys_message` VALUES (166, 20, 'BOOKING_AUDIT', '新预约待审核', '申请人：张小华，设备：制冰机C1，日期：2026-03-31 10:00-10:30，单号：ORD2038684383397294080。请在「预约审核」中处理。', 0, 426, 'booking_order', '2026-04-11 19:53:56', '2026-04-11 19:53:56', 0);
INSERT INTO `sys_message` VALUES (167, 21, 'BOOKING_AUDIT', '新预约待审核', '申请人：张小华，设备：制冰机C1，日期：2026-03-31 10:00-10:30，单号：ORD2038684383397294080。请在「预约审核」中处理。', 0, 426, 'booking_order', '2026-04-11 19:53:56', '2026-04-11 19:53:56', 0);
INSERT INTO `sys_message` VALUES (168, 2, 'BOOKING_AUDIT', '新预约待审核', '申请人：张小华，设备：光学显微镜A3，日期：2026-03-31 10:00-10:30，单号：ORD2038685299366178816。请在「预约审核」中处理。', 0, 427, 'booking_order', '2026-04-11 19:53:56', '2026-04-11 19:53:56', 0);
INSERT INTO `sys_message` VALUES (169, 3, 'BOOKING_AUDIT', '新预约待审核', '申请人：张小华，设备：光学显微镜A3，日期：2026-03-31 10:00-10:30，单号：ORD2038685299366178816。请在「预约审核」中处理。', 0, 427, 'booking_order', '2026-04-11 19:53:56', '2026-04-11 19:53:56', 0);
INSERT INTO `sys_message` VALUES (170, 18, 'BOOKING_AUDIT', '新预约待审核', '申请人：张小华，设备：光学显微镜A3，日期：2026-03-31 10:00-10:30，单号：ORD2038685299366178816。请在「预约审核」中处理。', 0, 427, 'booking_order', '2026-04-11 19:53:56', '2026-04-11 19:53:56', 0);
INSERT INTO `sys_message` VALUES (171, 19, 'BOOKING_AUDIT', '新预约待审核', '申请人：张小华，设备：光学显微镜A3，日期：2026-03-31 10:00-10:30，单号：ORD2038685299366178816。请在「预约审核」中处理。', 0, 427, 'booking_order', '2026-04-11 19:53:56', '2026-04-11 19:53:56', 0);
INSERT INTO `sys_message` VALUES (172, 1, 'BOOKING_AUDIT', '新预约待审核', '申请人：张小华，设备：光学显微镜A3，日期：2026-03-31 10:00-10:30，单号：ORD2038685299366178816。请在「预约审核」中处理。', 0, 427, 'booking_order', '2026-04-11 19:53:56', '2026-04-11 19:53:56', 0);
INSERT INTO `sys_message` VALUES (173, 4, 'BOOKING_AUDIT', '新预约待审核', '申请人：张小华，设备：光学显微镜A3，日期：2026-03-31 10:00-10:30，单号：ORD2038685299366178816。请在「预约审核」中处理。', 0, 427, 'booking_order', '2026-04-11 19:53:56', '2026-04-11 19:53:56', 0);
INSERT INTO `sys_message` VALUES (174, 5, 'BOOKING_AUDIT', '新预约待审核', '申请人：张小华，设备：光学显微镜A3，日期：2026-03-31 10:00-10:30，单号：ORD2038685299366178816。请在「预约审核」中处理。', 0, 427, 'booking_order', '2026-04-11 19:53:56', '2026-04-11 19:53:56', 0);
INSERT INTO `sys_message` VALUES (175, 6, 'BOOKING_AUDIT', '新预约待审核', '申请人：张小华，设备：光学显微镜A3，日期：2026-03-31 10:00-10:30，单号：ORD2038685299366178816。请在「预约审核」中处理。', 0, 427, 'booking_order', '2026-04-11 19:53:56', '2026-04-11 19:53:56', 0);
INSERT INTO `sys_message` VALUES (176, 20, 'BOOKING_AUDIT', '新预约待审核', '申请人：张小华，设备：光学显微镜A3，日期：2026-03-31 10:00-10:30，单号：ORD2038685299366178816。请在「预约审核」中处理。', 0, 427, 'booking_order', '2026-04-11 19:53:56', '2026-04-11 19:53:56', 0);
INSERT INTO `sys_message` VALUES (177, 21, 'BOOKING_AUDIT', '新预约待审核', '申请人：张小华，设备：光学显微镜A3，日期：2026-03-31 10:00-10:30，单号：ORD2038685299366178816。请在「预约审核」中处理。', 0, 427, 'booking_order', '2026-04-11 19:53:56', '2026-04-11 19:53:56', 0);
INSERT INTO `sys_message` VALUES (178, 2, 'BOOKING_AUDIT', '新预约待审核', '申请人：张小华，设备：烧杯-C1，日期：2026-03-31 06:30-07:00，单号：ORD2038690025508032512。请在「预约审核」中处理。', 0, 431, 'booking_order', '2026-04-11 19:53:56', '2026-04-11 19:53:56', 0);
INSERT INTO `sys_message` VALUES (179, 3, 'BOOKING_AUDIT', '新预约待审核', '申请人：张小华，设备：烧杯-C1，日期：2026-03-31 06:30-07:00，单号：ORD2038690025508032512。请在「预约审核」中处理。', 0, 431, 'booking_order', '2026-04-11 19:53:56', '2026-04-11 19:53:56', 0);
INSERT INTO `sys_message` VALUES (180, 18, 'BOOKING_AUDIT', '新预约待审核', '申请人：张小华，设备：烧杯-C1，日期：2026-03-31 06:30-07:00，单号：ORD2038690025508032512。请在「预约审核」中处理。', 0, 431, 'booking_order', '2026-04-11 19:53:56', '2026-04-11 19:53:56', 0);
INSERT INTO `sys_message` VALUES (181, 19, 'BOOKING_AUDIT', '新预约待审核', '申请人：张小华，设备：烧杯-C1，日期：2026-03-31 06:30-07:00，单号：ORD2038690025508032512。请在「预约审核」中处理。', 0, 431, 'booking_order', '2026-04-11 19:53:56', '2026-04-11 19:53:56', 0);
INSERT INTO `sys_message` VALUES (182, 1, 'BOOKING_AUDIT', '新预约待审核', '申请人：张小华，设备：烧杯-C1，日期：2026-03-31 06:30-07:00，单号：ORD2038690025508032512。请在「预约审核」中处理。', 0, 431, 'booking_order', '2026-04-11 19:53:56', '2026-04-11 19:53:56', 0);
INSERT INTO `sys_message` VALUES (183, 4, 'BOOKING_AUDIT', '新预约待审核', '申请人：张小华，设备：烧杯-C1，日期：2026-03-31 06:30-07:00，单号：ORD2038690025508032512。请在「预约审核」中处理。', 0, 431, 'booking_order', '2026-04-11 19:53:56', '2026-04-11 19:53:56', 0);
INSERT INTO `sys_message` VALUES (184, 5, 'BOOKING_AUDIT', '新预约待审核', '申请人：张小华，设备：烧杯-C1，日期：2026-03-31 06:30-07:00，单号：ORD2038690025508032512。请在「预约审核」中处理。', 0, 431, 'booking_order', '2026-04-11 19:53:56', '2026-04-11 19:53:56', 0);
INSERT INTO `sys_message` VALUES (185, 6, 'BOOKING_AUDIT', '新预约待审核', '申请人：张小华，设备：烧杯-C1，日期：2026-03-31 06:30-07:00，单号：ORD2038690025508032512。请在「预约审核」中处理。', 0, 431, 'booking_order', '2026-04-11 19:53:56', '2026-04-11 19:53:56', 0);
INSERT INTO `sys_message` VALUES (186, 20, 'BOOKING_AUDIT', '新预约待审核', '申请人：张小华，设备：烧杯-C1，日期：2026-03-31 06:30-07:00，单号：ORD2038690025508032512。请在「预约审核」中处理。', 0, 431, 'booking_order', '2026-04-11 19:53:56', '2026-04-11 19:53:56', 0);
INSERT INTO `sys_message` VALUES (187, 21, 'BOOKING_AUDIT', '新预约待审核', '申请人：张小华，设备：烧杯-C1，日期：2026-03-31 06:30-07:00，单号：ORD2038690025508032512。请在「预约审核」中处理。', 0, 431, 'booking_order', '2026-04-11 19:53:56', '2026-04-11 19:53:56', 0);
INSERT INTO `sys_message` VALUES (188, 2, 'CALIBRATION_REMIND', '设备校准到期提醒', '设备「傅里叶红外光谱仪FTIR-8500」（编号：FTIR-001）将于 0 天后（2026-04-01）到期校准，请及时安排校准工作。', 0, 82, 'device_info', '2026-04-11 19:53:56', '2026-04-11 19:53:56', 0);
INSERT INTO `sys_message` VALUES (189, 3, 'CALIBRATION_REMIND', '设备校准到期提醒', '设备「傅里叶红外光谱仪FTIR-8500」（编号：FTIR-001）将于 0 天后（2026-04-01）到期校准，请及时安排校准工作。', 0, 82, 'device_info', '2026-04-11 19:53:56', '2026-04-11 19:53:56', 0);
INSERT INTO `sys_message` VALUES (190, 11, 'BOOKING_AUDIT', '预约审核未通过', '您的预约申请未通过审核，原因：无', 0, 12, 'booking_order', '2026-04-11 19:53:56', '2026-04-11 19:53:56', 0);
INSERT INTO `sys_message` VALUES (191, 9, 'BOOKING_AUDIT', '预约审核未通过', '您的预约申请未通过审核，原因：无', 0, 431, 'booking_order', '2026-04-11 19:53:56', '2026-04-11 19:53:56', 0);
INSERT INTO `sys_message` VALUES (192, 9, 'BOOKING_AUDIT', '预约审核通过', '您的预约申请已审核通过，设备：', 0, 413, 'booking_order', '2026-04-11 19:53:56', '2026-04-11 19:53:56', 0);
INSERT INTO `sys_message` VALUES (193, 8, 'BOOKING_AUDIT', '预约审核通过', '您的预约申请已审核通过，设备：', 0, 407, 'booking_order', '2026-04-11 19:53:56', '2026-04-11 19:53:56', 0);
INSERT INTO `sys_message` VALUES (194, 19, 'REPAIR_ASSIGN', '系统自动分配工单', '系统自动分配给您一项维修工单，请及时处理。\n设备：cscsc\n报修人：罗海维\n故障描述：cscscs\n工单编号：WO2039067600206020608', 0, 10, 'repair_order', '2026-04-11 19:53:56', '2026-04-11 19:53:56', 0);
INSERT INTO `sys_message` VALUES (195, 1, 'REPAIR_ASSIGN', '工单处理完成', '您报修的设备（cscsc）已维修完成，请前往确认。故障原因：，解决方案：', 0, 10, 'repair_order', '2026-04-11 19:53:56', '2026-04-11 19:53:56', 0);
INSERT INTO `sys_message` VALUES (196, 2, 'BOOKING_AUDIT', '新预约待审核', '申请人：郑十，设备：CSCS，日期：2026-04-02 14:00-15:00，单号：ORD2039083859521945600。请在「预约审核」中处理。', 0, 437, 'booking_order', '2026-04-11 19:53:56', '2026-04-11 19:53:56', 0);
INSERT INTO `sys_message` VALUES (197, 3, 'BOOKING_AUDIT', '新预约待审核', '申请人：郑十，设备：CSCS，日期：2026-04-02 14:00-15:00，单号：ORD2039083859521945600。请在「预约审核」中处理。', 0, 437, 'booking_order', '2026-04-11 19:53:56', '2026-04-11 19:53:56', 0);
INSERT INTO `sys_message` VALUES (198, 14, 'BOOKING_AUDIT', '新预约待审核', '申请人：郑十，设备：CSCS，日期：2026-04-02 14:00-15:00，单号：ORD2039083859521945600。请在「预约审核」中处理。', 0, 437, 'booking_order', '2026-04-11 19:53:56', '2026-04-11 19:53:56', 0);
INSERT INTO `sys_message` VALUES (199, 1, 'BOOKING_AUDIT', '新预约待审核', '申请人：郑十，设备：CSCS，日期：2026-04-02 14:00-15:00，单号：ORD2039083859521945600。请在「预约审核」中处理。', 0, 437, 'booking_order', '2026-04-11 19:53:56', '2026-04-11 19:53:56', 0);
INSERT INTO `sys_message` VALUES (200, 4, 'BOOKING_AUDIT', '新预约待审核', '申请人：郑十，设备：CSCS，日期：2026-04-02 14:00-15:00，单号：ORD2039083859521945600。请在「预约审核」中处理。', 0, 437, 'booking_order', '2026-04-11 19:53:56', '2026-04-11 19:53:56', 0);
INSERT INTO `sys_message` VALUES (201, 5, 'BOOKING_AUDIT', '新预约待审核', '申请人：郑十，设备：CSCS，日期：2026-04-02 14:00-15:00，单号：ORD2039083859521945600。请在「预约审核」中处理。', 0, 437, 'booking_order', '2026-04-11 19:53:56', '2026-04-11 19:53:56', 0);
INSERT INTO `sys_message` VALUES (202, 6, 'BOOKING_AUDIT', '新预约待审核', '申请人：郑十，设备：CSCS，日期：2026-04-02 14:00-15:00，单号：ORD2039083859521945600。请在「预约审核」中处理。', 0, 437, 'booking_order', '2026-04-11 19:53:56', '2026-04-11 19:53:56', 0);
INSERT INTO `sys_message` VALUES (203, 7, 'BOOKING_AUDIT', '新预约待审核', '申请人：郑十，设备：CSCS，日期：2026-04-02 14:00-15:00，单号：ORD2039083859521945600。请在「预约审核」中处理。', 0, 437, 'booking_order', '2026-04-11 19:53:56', '2026-04-11 19:53:56', 0);
INSERT INTO `sys_message` VALUES (204, 8, 'BOOKING_AUDIT', '新预约待审核', '申请人：郑十，设备：CSCS，日期：2026-04-02 14:00-15:00，单号：ORD2039083859521945600。请在「预约审核」中处理。', 0, 437, 'booking_order', '2026-04-11 19:53:56', '2026-04-11 19:53:56', 0);
INSERT INTO `sys_message` VALUES (205, 13, 'BOOKING_AUDIT', '新预约待审核', '申请人：郑十，设备：CSCS，日期：2026-04-02 14:00-15:00，单号：ORD2039083859521945600。请在「预约审核」中处理。', 0, 437, 'booking_order', '2026-04-11 19:53:56', '2026-04-11 19:53:56', 0);
INSERT INTO `sys_message` VALUES (206, 108, 'BOOKING_AUDIT', '新预约待审核', '申请人：郑十，设备：CSCS，日期：2026-04-02 14:00-15:00，单号：ORD2039083859521945600。请在「预约审核」中处理。', 0, 437, 'booking_order', '2026-04-11 19:53:56', '2026-04-11 19:53:56', 0);
INSERT INTO `sys_message` VALUES (207, 2, 'BOOKING_AUDIT', '新预约待审核', '申请人：张三，设备：CSCS，日期：2026-04-02 15:30-16:00，单号：ORD2039084150036217856。请在「预约审核」中处理。', 0, 438, 'booking_order', '2026-04-11 19:53:56', '2026-04-11 19:53:56', 0);
INSERT INTO `sys_message` VALUES (208, 3, 'BOOKING_AUDIT', '新预约待审核', '申请人：张三，设备：CSCS，日期：2026-04-02 15:30-16:00，单号：ORD2039084150036217856。请在「预约审核」中处理。', 0, 438, 'booking_order', '2026-04-11 19:53:56', '2026-04-11 19:53:56', 0);
INSERT INTO `sys_message` VALUES (209, 14, 'BOOKING_AUDIT', '新预约待审核', '申请人：张三，设备：CSCS，日期：2026-04-02 15:30-16:00，单号：ORD2039084150036217856。请在「预约审核」中处理。', 0, 438, 'booking_order', '2026-04-11 19:53:56', '2026-04-11 19:53:56', 0);
INSERT INTO `sys_message` VALUES (210, 1, 'BOOKING_AUDIT', '新预约待审核', '申请人：张三，设备：CSCS，日期：2026-04-02 15:30-16:00，单号：ORD2039084150036217856。请在「预约审核」中处理。', 0, 438, 'booking_order', '2026-04-11 19:53:56', '2026-04-11 19:53:56', 0);
INSERT INTO `sys_message` VALUES (211, 4, 'BOOKING_AUDIT', '新预约待审核', '申请人：张三，设备：CSCS，日期：2026-04-02 15:30-16:00，单号：ORD2039084150036217856。请在「预约审核」中处理。', 0, 438, 'booking_order', '2026-04-11 19:53:56', '2026-04-11 19:53:56', 0);
INSERT INTO `sys_message` VALUES (212, 5, 'BOOKING_AUDIT', '新预约待审核', '申请人：张三，设备：CSCS，日期：2026-04-02 15:30-16:00，单号：ORD2039084150036217856。请在「预约审核」中处理。', 0, 438, 'booking_order', '2026-04-11 19:53:56', '2026-04-11 19:53:56', 0);
INSERT INTO `sys_message` VALUES (213, 6, 'BOOKING_AUDIT', '新预约待审核', '申请人：张三，设备：CSCS，日期：2026-04-02 15:30-16:00，单号：ORD2039084150036217856。请在「预约审核」中处理。', 0, 438, 'booking_order', '2026-04-11 19:53:56', '2026-04-11 19:53:56', 0);
INSERT INTO `sys_message` VALUES (214, 7, 'BOOKING_AUDIT', '新预约待审核', '申请人：张三，设备：CSCS，日期：2026-04-02 15:30-16:00，单号：ORD2039084150036217856。请在「预约审核」中处理。', 0, 438, 'booking_order', '2026-04-11 19:53:56', '2026-04-11 19:53:56', 0);
INSERT INTO `sys_message` VALUES (215, 8, 'BOOKING_AUDIT', '新预约待审核', '申请人：张三，设备：CSCS，日期：2026-04-02 15:30-16:00，单号：ORD2039084150036217856。请在「预约审核」中处理。', 0, 438, 'booking_order', '2026-04-11 19:53:56', '2026-04-11 19:53:56', 0);
INSERT INTO `sys_message` VALUES (216, 13, 'BOOKING_AUDIT', '新预约待审核', '申请人：张三，设备：CSCS，日期：2026-04-02 15:30-16:00，单号：ORD2039084150036217856。请在「预约审核」中处理。', 0, 438, 'booking_order', '2026-04-11 19:53:56', '2026-04-11 19:53:56', 0);
INSERT INTO `sys_message` VALUES (217, 108, 'BOOKING_AUDIT', '新预约待审核', '申请人：张三，设备：CSCS，日期：2026-04-02 15:30-16:00，单号：ORD2039084150036217856。请在「预约审核」中处理。', 0, 438, 'booking_order', '2026-04-11 19:53:56', '2026-04-11 19:53:56', 0);
INSERT INTO `sys_message` VALUES (218, 2, 'BOOKING_AUDIT', '新预约待审核', '申请人：张三，设备：高效液相色谱仪，日期：2026-04-03 08:00-08:30，单号：ORD2039084527393554432。请在「预约审核」中处理。', 0, 439, 'booking_order', '2026-04-11 19:53:56', '2026-04-11 19:53:56', 0);
INSERT INTO `sys_message` VALUES (219, 3, 'BOOKING_AUDIT', '新预约待审核', '申请人：张三，设备：高效液相色谱仪，日期：2026-04-03 08:00-08:30，单号：ORD2039084527393554432。请在「预约审核」中处理。', 0, 439, 'booking_order', '2026-04-11 19:53:56', '2026-04-11 19:53:56', 0);
INSERT INTO `sys_message` VALUES (220, 14, 'BOOKING_AUDIT', '新预约待审核', '申请人：张三，设备：高效液相色谱仪，日期：2026-04-03 08:00-08:30，单号：ORD2039084527393554432。请在「预约审核」中处理。', 0, 439, 'booking_order', '2026-04-11 19:53:56', '2026-04-11 19:53:56', 0);
INSERT INTO `sys_message` VALUES (221, 1, 'BOOKING_AUDIT', '新预约待审核', '申请人：张三，设备：高效液相色谱仪，日期：2026-04-03 08:00-08:30，单号：ORD2039084527393554432。请在「预约审核」中处理。', 0, 439, 'booking_order', '2026-04-11 19:53:56', '2026-04-11 19:53:56', 0);
INSERT INTO `sys_message` VALUES (222, 4, 'BOOKING_AUDIT', '新预约待审核', '申请人：张三，设备：高效液相色谱仪，日期：2026-04-03 08:00-08:30，单号：ORD2039084527393554432。请在「预约审核」中处理。', 0, 439, 'booking_order', '2026-04-11 19:53:56', '2026-04-11 19:53:56', 0);
INSERT INTO `sys_message` VALUES (223, 5, 'BOOKING_AUDIT', '新预约待审核', '申请人：张三，设备：高效液相色谱仪，日期：2026-04-03 08:00-08:30，单号：ORD2039084527393554432。请在「预约审核」中处理。', 0, 439, 'booking_order', '2026-04-11 19:53:56', '2026-04-11 19:53:56', 0);
INSERT INTO `sys_message` VALUES (224, 6, 'BOOKING_AUDIT', '新预约待审核', '申请人：张三，设备：高效液相色谱仪，日期：2026-04-03 08:00-08:30，单号：ORD2039084527393554432。请在「预约审核」中处理。', 0, 439, 'booking_order', '2026-04-11 19:53:56', '2026-04-11 19:53:56', 0);
INSERT INTO `sys_message` VALUES (225, 7, 'BOOKING_AUDIT', '新预约待审核', '申请人：张三，设备：高效液相色谱仪，日期：2026-04-03 08:00-08:30，单号：ORD2039084527393554432。请在「预约审核」中处理。', 0, 439, 'booking_order', '2026-04-11 19:53:56', '2026-04-11 19:53:56', 0);
INSERT INTO `sys_message` VALUES (226, 8, 'BOOKING_AUDIT', '新预约待审核', '申请人：张三，设备：高效液相色谱仪，日期：2026-04-03 08:00-08:30，单号：ORD2039084527393554432。请在「预约审核」中处理。', 0, 439, 'booking_order', '2026-04-11 19:53:56', '2026-04-11 19:53:56', 0);
INSERT INTO `sys_message` VALUES (227, 13, 'BOOKING_AUDIT', '新预约待审核', '申请人：张三，设备：高效液相色谱仪，日期：2026-04-03 08:00-08:30，单号：ORD2039084527393554432。请在「预约审核」中处理。', 0, 439, 'booking_order', '2026-04-11 19:53:56', '2026-04-11 19:53:56', 0);
INSERT INTO `sys_message` VALUES (228, 108, 'BOOKING_AUDIT', '新预约待审核', '申请人：张三，设备：高效液相色谱仪，日期：2026-04-03 08:00-08:30，单号：ORD2039084527393554432。请在「预约审核」中处理。', 0, 439, 'booking_order', '2026-04-11 19:53:56', '2026-04-11 19:53:56', 0);
INSERT INTO `sys_message` VALUES (229, 2, 'BOOKING_AUDIT', '新预约待审核', '申请人：张三，设备：CSCS，日期：2026-04-02 09:00-10:00，单号：ORD2039086067009306624。请在「预约审核」中处理。', 0, 440, 'booking_order', '2026-04-11 19:53:56', '2026-04-11 19:53:56', 0);
INSERT INTO `sys_message` VALUES (230, 3, 'BOOKING_AUDIT', '新预约待审核', '申请人：张三，设备：CSCS，日期：2026-04-02 09:00-10:00，单号：ORD2039086067009306624。请在「预约审核」中处理。', 0, 440, 'booking_order', '2026-04-11 19:53:56', '2026-04-11 19:53:56', 0);
INSERT INTO `sys_message` VALUES (231, 14, 'BOOKING_AUDIT', '新预约待审核', '申请人：张三，设备：CSCS，日期：2026-04-02 09:00-10:00，单号：ORD2039086067009306624。请在「预约审核」中处理。', 0, 440, 'booking_order', '2026-04-11 19:53:56', '2026-04-11 19:53:56', 0);
INSERT INTO `sys_message` VALUES (232, 1, 'BOOKING_AUDIT', '新预约待审核', '申请人：张三，设备：CSCS，日期：2026-04-02 09:00-10:00，单号：ORD2039086067009306624。请在「预约审核」中处理。', 0, 440, 'booking_order', '2026-04-11 19:53:56', '2026-04-11 19:53:56', 0);
INSERT INTO `sys_message` VALUES (233, 4, 'BOOKING_AUDIT', '新预约待审核', '申请人：张三，设备：CSCS，日期：2026-04-02 09:00-10:00，单号：ORD2039086067009306624。请在「预约审核」中处理。', 0, 440, 'booking_order', '2026-04-11 19:53:56', '2026-04-11 19:53:56', 0);
INSERT INTO `sys_message` VALUES (234, 5, 'BOOKING_AUDIT', '新预约待审核', '申请人：张三，设备：CSCS，日期：2026-04-02 09:00-10:00，单号：ORD2039086067009306624。请在「预约审核」中处理。', 0, 440, 'booking_order', '2026-04-11 19:53:56', '2026-04-11 19:53:56', 0);
INSERT INTO `sys_message` VALUES (235, 6, 'BOOKING_AUDIT', '新预约待审核', '申请人：张三，设备：CSCS，日期：2026-04-02 09:00-10:00，单号：ORD2039086067009306624。请在「预约审核」中处理。', 0, 440, 'booking_order', '2026-04-11 19:53:56', '2026-04-11 19:53:56', 0);
INSERT INTO `sys_message` VALUES (236, 7, 'BOOKING_AUDIT', '新预约待审核', '申请人：张三，设备：CSCS，日期：2026-04-02 09:00-10:00，单号：ORD2039086067009306624。请在「预约审核」中处理。', 0, 440, 'booking_order', '2026-04-11 19:53:56', '2026-04-11 19:53:56', 0);
INSERT INTO `sys_message` VALUES (237, 8, 'BOOKING_AUDIT', '新预约待审核', '申请人：张三，设备：CSCS，日期：2026-04-02 09:00-10:00，单号：ORD2039086067009306624。请在「预约审核」中处理。', 0, 440, 'booking_order', '2026-04-11 19:53:56', '2026-04-11 19:53:56', 0);
INSERT INTO `sys_message` VALUES (238, 13, 'BOOKING_AUDIT', '新预约待审核', '申请人：张三，设备：CSCS，日期：2026-04-02 09:00-10:00，单号：ORD2039086067009306624。请在「预约审核」中处理。', 0, 440, 'booking_order', '2026-04-11 19:53:56', '2026-04-11 19:53:56', 0);
INSERT INTO `sys_message` VALUES (239, 108, 'BOOKING_AUDIT', '新预约待审核', '申请人：张三，设备：CSCS，日期：2026-04-02 09:00-10:00，单号：ORD2039086067009306624。请在「预约审核」中处理。', 0, 440, 'booking_order', '2026-04-11 19:53:56', '2026-04-11 19:53:56', 0);
INSERT INTO `sys_message` VALUES (240, 12, 'REPAIR_ASSIGN', '系统自动分配工单', '系统自动分配给您一项维修工单，请及时处理。\n设备：CSCS\n报修人：张三\n故障描述：显示屏不亮，无法开机\n工单编号：WO2039088052718649344', 0, 11, 'repair_order', '2026-04-11 19:53:56', '2026-04-11 19:53:56', 0);
INSERT INTO `sys_message` VALUES (241, 2, 'BOOKING_AUDIT', '新预约待审核', '申请人：刘毅，设备：高效液相色谱仪，日期：2026-04-02 08:00-08:30，单号：ORD2039263456834158592。请在「预约审核」中处理。', 0, 441, 'booking_order', '2026-04-11 19:53:56', '2026-04-11 19:53:56', 0);
INSERT INTO `sys_message` VALUES (242, 3, 'BOOKING_AUDIT', '新预约待审核', '申请人：刘毅，设备：高效液相色谱仪，日期：2026-04-02 08:00-08:30，单号：ORD2039263456834158592。请在「预约审核」中处理。', 0, 441, 'booking_order', '2026-04-11 19:53:56', '2026-04-11 19:53:56', 0);
INSERT INTO `sys_message` VALUES (243, 14, 'BOOKING_AUDIT', '新预约待审核', '申请人：刘毅，设备：高效液相色谱仪，日期：2026-04-02 08:00-08:30，单号：ORD2039263456834158592。请在「预约审核」中处理。', 0, 441, 'booking_order', '2026-04-11 19:53:56', '2026-04-11 19:53:56', 0);
INSERT INTO `sys_message` VALUES (244, 1, 'BOOKING_AUDIT', '新预约待审核', '申请人：刘毅，设备：高效液相色谱仪，日期：2026-04-02 08:00-08:30，单号：ORD2039263456834158592。请在「预约审核」中处理。', 0, 441, 'booking_order', '2026-04-11 19:53:56', '2026-04-11 19:53:56', 0);
INSERT INTO `sys_message` VALUES (245, 4, 'BOOKING_AUDIT', '新预约待审核', '申请人：刘毅，设备：高效液相色谱仪，日期：2026-04-02 08:00-08:30，单号：ORD2039263456834158592。请在「预约审核」中处理。', 0, 441, 'booking_order', '2026-04-11 19:53:56', '2026-04-11 19:53:56', 0);
INSERT INTO `sys_message` VALUES (246, 5, 'BOOKING_AUDIT', '新预约待审核', '申请人：刘毅，设备：高效液相色谱仪，日期：2026-04-02 08:00-08:30，单号：ORD2039263456834158592。请在「预约审核」中处理。', 0, 441, 'booking_order', '2026-04-11 19:53:56', '2026-04-11 19:53:56', 0);
INSERT INTO `sys_message` VALUES (247, 6, 'BOOKING_AUDIT', '新预约待审核', '申请人：刘毅，设备：高效液相色谱仪，日期：2026-04-02 08:00-08:30，单号：ORD2039263456834158592。请在「预约审核」中处理。', 0, 441, 'booking_order', '2026-04-11 19:53:56', '2026-04-11 19:53:56', 0);
INSERT INTO `sys_message` VALUES (248, 7, 'BOOKING_AUDIT', '新预约待审核', '申请人：刘毅，设备：高效液相色谱仪，日期：2026-04-02 08:00-08:30，单号：ORD2039263456834158592。请在「预约审核」中处理。', 0, 441, 'booking_order', '2026-04-11 19:53:56', '2026-04-11 19:53:56', 0);
INSERT INTO `sys_message` VALUES (249, 8, 'BOOKING_AUDIT', '新预约待审核', '申请人：刘毅，设备：高效液相色谱仪，日期：2026-04-02 08:00-08:30，单号：ORD2039263456834158592。请在「预约审核」中处理。', 0, 441, 'booking_order', '2026-04-11 19:53:56', '2026-04-11 19:53:56', 0);
INSERT INTO `sys_message` VALUES (250, 13, 'BOOKING_AUDIT', '新预约待审核', '申请人：刘毅，设备：高效液相色谱仪，日期：2026-04-02 08:00-08:30，单号：ORD2039263456834158592。请在「预约审核」中处理。', 0, 441, 'booking_order', '2026-04-11 19:53:56', '2026-04-11 19:53:56', 0);
INSERT INTO `sys_message` VALUES (251, 108, 'BOOKING_AUDIT', '新预约待审核', '申请人：刘毅，设备：高效液相色谱仪，日期：2026-04-02 08:00-08:30，单号：ORD2039263456834158592。请在「预约审核」中处理。', 0, 441, 'booking_order', '2026-04-11 19:53:56', '2026-04-11 19:53:56', 0);
INSERT INTO `sys_message` VALUES (252, 18, 'BOOKING_AUDIT', '预约审核通过', '您的预约申请已审核通过，设备：高效液相色谱仪', 0, 441, 'booking_order', '2026-04-11 19:53:56', '2026-04-11 19:53:56', 0);
INSERT INTO `sys_message` VALUES (253, 2, 'BOOKING_AUDIT', '新预约待审核', '申请人：刘毅，设备：体视显微镜SZX16，日期：2026-04-02 08:00-08:30，单号：ORD2039282160732995584。请在「预约审核」中处理。', 0, 442, 'booking_order', '2026-04-11 19:53:56', '2026-04-11 19:53:56', 0);
INSERT INTO `sys_message` VALUES (254, 3, 'BOOKING_AUDIT', '新预约待审核', '申请人：刘毅，设备：体视显微镜SZX16，日期：2026-04-02 08:00-08:30，单号：ORD2039282160732995584。请在「预约审核」中处理。', 0, 442, 'booking_order', '2026-04-11 19:53:56', '2026-04-11 19:53:56', 0);
INSERT INTO `sys_message` VALUES (255, 14, 'BOOKING_AUDIT', '新预约待审核', '申请人：刘毅，设备：体视显微镜SZX16，日期：2026-04-02 08:00-08:30，单号：ORD2039282160732995584。请在「预约审核」中处理。', 0, 442, 'booking_order', '2026-04-11 19:53:56', '2026-04-11 19:53:56', 0);
INSERT INTO `sys_message` VALUES (256, 1, 'BOOKING_AUDIT', '新预约待审核', '申请人：刘毅，设备：体视显微镜SZX16，日期：2026-04-02 08:00-08:30，单号：ORD2039282160732995584。请在「预约审核」中处理。', 0, 442, 'booking_order', '2026-04-11 19:53:56', '2026-04-11 19:53:56', 0);
INSERT INTO `sys_message` VALUES (257, 4, 'BOOKING_AUDIT', '新预约待审核', '申请人：刘毅，设备：体视显微镜SZX16，日期：2026-04-02 08:00-08:30，单号：ORD2039282160732995584。请在「预约审核」中处理。', 0, 442, 'booking_order', '2026-04-11 19:53:56', '2026-04-11 19:53:56', 0);
INSERT INTO `sys_message` VALUES (258, 5, 'BOOKING_AUDIT', '新预约待审核', '申请人：刘毅，设备：体视显微镜SZX16，日期：2026-04-02 08:00-08:30，单号：ORD2039282160732995584。请在「预约审核」中处理。', 0, 442, 'booking_order', '2026-04-11 19:53:56', '2026-04-11 19:53:56', 0);
INSERT INTO `sys_message` VALUES (259, 6, 'BOOKING_AUDIT', '新预约待审核', '申请人：刘毅，设备：体视显微镜SZX16，日期：2026-04-02 08:00-08:30，单号：ORD2039282160732995584。请在「预约审核」中处理。', 0, 442, 'booking_order', '2026-04-11 19:53:56', '2026-04-11 19:53:56', 0);
INSERT INTO `sys_message` VALUES (260, 7, 'BOOKING_AUDIT', '新预约待审核', '申请人：刘毅，设备：体视显微镜SZX16，日期：2026-04-02 08:00-08:30，单号：ORD2039282160732995584。请在「预约审核」中处理。', 0, 442, 'booking_order', '2026-04-11 19:53:56', '2026-04-11 19:53:56', 0);
INSERT INTO `sys_message` VALUES (261, 8, 'BOOKING_AUDIT', '新预约待审核', '申请人：刘毅，设备：体视显微镜SZX16，日期：2026-04-02 08:00-08:30，单号：ORD2039282160732995584。请在「预约审核」中处理。', 0, 442, 'booking_order', '2026-04-11 19:53:56', '2026-04-11 19:53:56', 0);
INSERT INTO `sys_message` VALUES (262, 13, 'BOOKING_AUDIT', '新预约待审核', '申请人：刘毅，设备：体视显微镜SZX16，日期：2026-04-02 08:00-08:30，单号：ORD2039282160732995584。请在「预约审核」中处理。', 0, 442, 'booking_order', '2026-04-11 19:53:56', '2026-04-11 19:53:56', 0);
INSERT INTO `sys_message` VALUES (263, 108, 'BOOKING_AUDIT', '新预约待审核', '申请人：刘毅，设备：体视显微镜SZX16，日期：2026-04-02 08:00-08:30，单号：ORD2039282160732995584。请在「预约审核」中处理。', 0, 442, 'booking_order', '2026-04-11 19:53:56', '2026-04-11 19:53:56', 0);
INSERT INTO `sys_message` VALUES (264, 18, 'BOOKING_AUDIT', '预约审核通过', '您的预约申请已审核通过，设备：体视显微镜SZX16', 0, 442, 'booking_order', '2026-04-11 19:53:56', '2026-04-11 19:53:56', 0);
INSERT INTO `sys_message` VALUES (265, 2, 'BOOKING_AUDIT', '新预约待审核', '申请人：刘毅，设备：高效液相色谱仪，日期：2026-04-02 18:00-18:30，单号：ORD2039290878765953024。请在「预约审核」中处理。', 0, 443, 'booking_order', '2026-04-11 19:53:56', '2026-04-11 19:53:56', 0);
INSERT INTO `sys_message` VALUES (266, 3, 'BOOKING_AUDIT', '新预约待审核', '申请人：刘毅，设备：高效液相色谱仪，日期：2026-04-02 18:00-18:30，单号：ORD2039290878765953024。请在「预约审核」中处理。', 0, 443, 'booking_order', '2026-04-11 19:53:56', '2026-04-11 19:53:56', 0);
INSERT INTO `sys_message` VALUES (267, 14, 'BOOKING_AUDIT', '新预约待审核', '申请人：刘毅，设备：高效液相色谱仪，日期：2026-04-02 18:00-18:30，单号：ORD2039290878765953024。请在「预约审核」中处理。', 0, 443, 'booking_order', '2026-04-11 19:53:56', '2026-04-11 19:53:56', 0);
INSERT INTO `sys_message` VALUES (268, 1, 'BOOKING_AUDIT', '新预约待审核', '申请人：刘毅，设备：高效液相色谱仪，日期：2026-04-02 18:00-18:30，单号：ORD2039290878765953024。请在「预约审核」中处理。', 0, 443, 'booking_order', '2026-04-11 19:53:56', '2026-04-11 19:53:56', 0);
INSERT INTO `sys_message` VALUES (269, 4, 'BOOKING_AUDIT', '新预约待审核', '申请人：刘毅，设备：高效液相色谱仪，日期：2026-04-02 18:00-18:30，单号：ORD2039290878765953024。请在「预约审核」中处理。', 0, 443, 'booking_order', '2026-04-11 19:53:56', '2026-04-11 19:53:56', 0);
INSERT INTO `sys_message` VALUES (270, 5, 'BOOKING_AUDIT', '新预约待审核', '申请人：刘毅，设备：高效液相色谱仪，日期：2026-04-02 18:00-18:30，单号：ORD2039290878765953024。请在「预约审核」中处理。', 0, 443, 'booking_order', '2026-04-11 19:53:56', '2026-04-11 19:53:56', 0);
INSERT INTO `sys_message` VALUES (271, 6, 'BOOKING_AUDIT', '新预约待审核', '申请人：刘毅，设备：高效液相色谱仪，日期：2026-04-02 18:00-18:30，单号：ORD2039290878765953024。请在「预约审核」中处理。', 0, 443, 'booking_order', '2026-04-11 19:53:56', '2026-04-11 19:53:56', 0);
INSERT INTO `sys_message` VALUES (272, 7, 'BOOKING_AUDIT', '新预约待审核', '申请人：刘毅，设备：高效液相色谱仪，日期：2026-04-02 18:00-18:30，单号：ORD2039290878765953024。请在「预约审核」中处理。', 0, 443, 'booking_order', '2026-04-11 19:53:56', '2026-04-11 19:53:56', 0);
INSERT INTO `sys_message` VALUES (273, 8, 'BOOKING_AUDIT', '新预约待审核', '申请人：刘毅，设备：高效液相色谱仪，日期：2026-04-02 18:00-18:30，单号：ORD2039290878765953024。请在「预约审核」中处理。', 0, 443, 'booking_order', '2026-04-11 19:53:56', '2026-04-11 19:53:56', 0);
INSERT INTO `sys_message` VALUES (274, 13, 'BOOKING_AUDIT', '新预约待审核', '申请人：刘毅，设备：高效液相色谱仪，日期：2026-04-02 18:00-18:30，单号：ORD2039290878765953024。请在「预约审核」中处理。', 0, 443, 'booking_order', '2026-04-11 19:53:56', '2026-04-11 19:53:56', 0);
INSERT INTO `sys_message` VALUES (275, 108, 'BOOKING_AUDIT', '新预约待审核', '申请人：刘毅，设备：高效液相色谱仪，日期：2026-04-02 18:00-18:30，单号：ORD2039290878765953024。请在「预约审核」中处理。', 0, 443, 'booking_order', '2026-04-11 19:53:56', '2026-04-11 19:53:56', 0);
INSERT INTO `sys_message` VALUES (276, 3, 'BOOKING_AUDIT', '新预约待审核', '申请人：张志明，设备：高效液相色谱仪，日期：2026-04-02 08:00-08:30，单号：ORD2039298724245024768。请在「预约审核」中处理。', 0, 444, 'booking_order', '2026-04-11 19:53:56', '2026-04-11 19:53:56', 0);
INSERT INTO `sys_message` VALUES (277, 14, 'BOOKING_AUDIT', '新预约待审核', '申请人：张志明，设备：高效液相色谱仪，日期：2026-04-02 08:00-08:30，单号：ORD2039298724245024768。请在「预约审核」中处理。', 0, 444, 'booking_order', '2026-04-11 19:53:56', '2026-04-11 19:53:56', 0);
INSERT INTO `sys_message` VALUES (278, 1, 'BOOKING_AUDIT', '新预约待审核', '申请人：张志明，设备：高效液相色谱仪，日期：2026-04-02 08:00-08:30，单号：ORD2039298724245024768。请在「预约审核」中处理。', 0, 444, 'booking_order', '2026-04-11 19:53:56', '2026-04-11 19:53:56', 0);
INSERT INTO `sys_message` VALUES (279, 19, 'REPAIR_ASSIGN', '系统自动分配工单', '系统自动分配给您一项维修工单，请及时处理。\n设备：高效液相色谱仪\n报修人：陈维护\n故障描述：cscs\n工单编号：WO2039299135324565504', 0, 12, 'repair_order', '2026-04-11 19:53:56', '2026-04-11 19:53:56', 0);
INSERT INTO `sys_message` VALUES (280, 19, 'REPAIR_ASSIGN', '工单处理完成', '您报修的设备（高效液相色谱仪）已维修完成，请前往确认。故障原因：111，解决方案：111', 0, 12, 'repair_order', '2026-04-11 19:53:56', '2026-04-11 19:53:56', 0);
INSERT INTO `sys_message` VALUES (281, 19, 'REPAIR_ASSIGN', '系统自动分配工单', '系统自动分配给您一项维修工单，请及时处理。\n设备：光学显微镜OM-2000\n报修人：张志明\n故障描述：测试\n工单编号：WO2039329823885209600', 0, 13, 'repair_order', '2026-04-11 19:53:56', '2026-04-11 19:53:56', 0);
INSERT INTO `sys_message` VALUES (282, 2, 'BOOKING_AUDIT', '新预约待审核', '申请人：吴九，设备：测试图片，日期：2026-04-03 08:00-08:30，单号：ORD2039390470782136320。请在「预约审核」中处理。', 0, 445, 'booking_order', '2026-04-11 19:53:56', '2026-04-11 19:53:56', 0);
INSERT INTO `sys_message` VALUES (283, 3, 'BOOKING_AUDIT', '新预约待审核', '申请人：吴九，设备：测试图片，日期：2026-04-03 08:00-08:30，单号：ORD2039390470782136320。请在「预约审核」中处理。', 0, 445, 'booking_order', '2026-04-11 19:53:56', '2026-04-11 19:53:56', 0);
INSERT INTO `sys_message` VALUES (284, 14, 'BOOKING_AUDIT', '新预约待审核', '申请人：吴九，设备：测试图片，日期：2026-04-03 08:00-08:30，单号：ORD2039390470782136320。请在「预约审核」中处理。', 0, 445, 'booking_order', '2026-04-11 19:53:56', '2026-04-11 19:53:56', 0);
INSERT INTO `sys_message` VALUES (285, 1, 'BOOKING_AUDIT', '新预约待审核', '申请人：吴九，设备：测试图片，日期：2026-04-03 08:00-08:30，单号：ORD2039390470782136320。请在「预约审核」中处理。', 0, 445, 'booking_order', '2026-04-11 19:53:56', '2026-04-11 19:53:56', 0);
INSERT INTO `sys_message` VALUES (286, 4, 'BOOKING_AUDIT', '新预约待审核', '申请人：吴九，设备：测试图片，日期：2026-04-03 08:00-08:30，单号：ORD2039390470782136320。请在「预约审核」中处理。', 0, 445, 'booking_order', '2026-04-11 19:53:56', '2026-04-11 19:53:56', 0);
INSERT INTO `sys_message` VALUES (287, 5, 'BOOKING_AUDIT', '新预约待审核', '申请人：吴九，设备：测试图片，日期：2026-04-03 08:00-08:30，单号：ORD2039390470782136320。请在「预约审核」中处理。', 0, 445, 'booking_order', '2026-04-11 19:53:56', '2026-04-11 19:53:56', 0);
INSERT INTO `sys_message` VALUES (288, 6, 'BOOKING_AUDIT', '新预约待审核', '申请人：吴九，设备：测试图片，日期：2026-04-03 08:00-08:30，单号：ORD2039390470782136320。请在「预约审核」中处理。', 0, 445, 'booking_order', '2026-04-11 19:53:56', '2026-04-11 19:53:56', 0);
INSERT INTO `sys_message` VALUES (289, 7, 'BOOKING_AUDIT', '新预约待审核', '申请人：吴九，设备：测试图片，日期：2026-04-03 08:00-08:30，单号：ORD2039390470782136320。请在「预约审核」中处理。', 0, 445, 'booking_order', '2026-04-11 19:53:56', '2026-04-11 19:53:56', 0);
INSERT INTO `sys_message` VALUES (290, 8, 'BOOKING_AUDIT', '新预约待审核', '申请人：吴九，设备：测试图片，日期：2026-04-03 08:00-08:30，单号：ORD2039390470782136320。请在「预约审核」中处理。', 0, 445, 'booking_order', '2026-04-11 19:53:56', '2026-04-11 19:53:56', 0);
INSERT INTO `sys_message` VALUES (291, 13, 'BOOKING_AUDIT', '新预约待审核', '申请人：吴九，设备：测试图片，日期：2026-04-03 08:00-08:30，单号：ORD2039390470782136320。请在「预约审核」中处理。', 0, 445, 'booking_order', '2026-04-11 19:53:56', '2026-04-11 19:53:56', 0);
INSERT INTO `sys_message` VALUES (292, 108, 'BOOKING_AUDIT', '新预约待审核', '申请人：吴九，设备：测试图片，日期：2026-04-03 08:00-08:30，单号：ORD2039390470782136320。请在「预约审核」中处理。', 0, 445, 'booking_order', '2026-04-11 19:53:56', '2026-04-11 19:53:56', 0);
INSERT INTO `sys_message` VALUES (293, 2, 'BOOKING_AUDIT', '新预约待审核', '申请人：吴九，设备：测试图片，日期：2026-04-02 09:00-09:30，单号：ORD2039390533394706432。请在「预约审核」中处理。', 0, 446, 'booking_order', '2026-04-11 19:53:56', '2026-04-11 19:53:56', 0);
INSERT INTO `sys_message` VALUES (294, 3, 'BOOKING_AUDIT', '新预约待审核', '申请人：吴九，设备：测试图片，日期：2026-04-02 09:00-09:30，单号：ORD2039390533394706432。请在「预约审核」中处理。', 0, 446, 'booking_order', '2026-04-11 19:53:56', '2026-04-11 19:53:56', 0);
INSERT INTO `sys_message` VALUES (295, 14, 'BOOKING_AUDIT', '新预约待审核', '申请人：吴九，设备：测试图片，日期：2026-04-02 09:00-09:30，单号：ORD2039390533394706432。请在「预约审核」中处理。', 0, 446, 'booking_order', '2026-04-11 19:53:56', '2026-04-11 19:53:56', 0);
INSERT INTO `sys_message` VALUES (296, 1, 'BOOKING_AUDIT', '新预约待审核', '申请人：吴九，设备：测试图片，日期：2026-04-02 09:00-09:30，单号：ORD2039390533394706432。请在「预约审核」中处理。', 0, 446, 'booking_order', '2026-04-11 19:53:56', '2026-04-11 19:53:56', 0);
INSERT INTO `sys_message` VALUES (297, 4, 'BOOKING_AUDIT', '新预约待审核', '申请人：吴九，设备：测试图片，日期：2026-04-02 09:00-09:30，单号：ORD2039390533394706432。请在「预约审核」中处理。', 0, 446, 'booking_order', '2026-04-11 19:53:56', '2026-04-11 19:53:56', 0);
INSERT INTO `sys_message` VALUES (298, 5, 'BOOKING_AUDIT', '新预约待审核', '申请人：吴九，设备：测试图片，日期：2026-04-02 09:00-09:30，单号：ORD2039390533394706432。请在「预约审核」中处理。', 0, 446, 'booking_order', '2026-04-11 19:53:56', '2026-04-11 19:53:56', 0);
INSERT INTO `sys_message` VALUES (299, 6, 'BOOKING_AUDIT', '新预约待审核', '申请人：吴九，设备：测试图片，日期：2026-04-02 09:00-09:30，单号：ORD2039390533394706432。请在「预约审核」中处理。', 0, 446, 'booking_order', '2026-04-11 19:53:56', '2026-04-11 19:53:56', 0);
INSERT INTO `sys_message` VALUES (300, 7, 'BOOKING_AUDIT', '新预约待审核', '申请人：吴九，设备：测试图片，日期：2026-04-02 09:00-09:30，单号：ORD2039390533394706432。请在「预约审核」中处理。', 0, 446, 'booking_order', '2026-04-11 19:53:56', '2026-04-11 19:53:56', 0);
INSERT INTO `sys_message` VALUES (301, 8, 'BOOKING_AUDIT', '新预约待审核', '申请人：吴九，设备：测试图片，日期：2026-04-02 09:00-09:30，单号：ORD2039390533394706432。请在「预约审核」中处理。', 0, 446, 'booking_order', '2026-04-11 19:53:56', '2026-04-11 19:53:56', 0);
INSERT INTO `sys_message` VALUES (302, 13, 'BOOKING_AUDIT', '新预约待审核', '申请人：吴九，设备：测试图片，日期：2026-04-02 09:00-09:30，单号：ORD2039390533394706432。请在「预约审核」中处理。', 0, 446, 'booking_order', '2026-04-11 19:53:56', '2026-04-11 19:53:56', 0);
INSERT INTO `sys_message` VALUES (303, 108, 'BOOKING_AUDIT', '新预约待审核', '申请人：吴九，设备：测试图片，日期：2026-04-02 09:00-09:30，单号：ORD2039390533394706432。请在「预约审核」中处理。', 0, 446, 'booking_order', '2026-04-11 19:53:56', '2026-04-11 19:53:56', 0);
INSERT INTO `sys_message` VALUES (304, 2, 'BOOKING_AUDIT', '新预约待审核', '申请人：吴九，设备：测试图片，日期：2026-04-02 10:00-10:30，单号：ORD2039390597785661440。请在「预约审核」中处理。', 0, 447, 'booking_order', '2026-04-11 19:53:56', '2026-04-11 19:53:56', 0);
INSERT INTO `sys_message` VALUES (305, 3, 'BOOKING_AUDIT', '新预约待审核', '申请人：吴九，设备：测试图片，日期：2026-04-02 10:00-10:30，单号：ORD2039390597785661440。请在「预约审核」中处理。', 0, 447, 'booking_order', '2026-04-11 19:53:56', '2026-04-11 19:53:56', 0);
INSERT INTO `sys_message` VALUES (306, 14, 'BOOKING_AUDIT', '新预约待审核', '申请人：吴九，设备：测试图片，日期：2026-04-02 10:00-10:30，单号：ORD2039390597785661440。请在「预约审核」中处理。', 0, 447, 'booking_order', '2026-04-11 19:53:56', '2026-04-11 19:53:56', 0);
INSERT INTO `sys_message` VALUES (307, 1, 'BOOKING_AUDIT', '新预约待审核', '申请人：吴九，设备：测试图片，日期：2026-04-02 10:00-10:30，单号：ORD2039390597785661440。请在「预约审核」中处理。', 0, 447, 'booking_order', '2026-04-11 19:53:56', '2026-04-11 19:53:56', 0);
INSERT INTO `sys_message` VALUES (308, 4, 'BOOKING_AUDIT', '新预约待审核', '申请人：吴九，设备：测试图片，日期：2026-04-02 10:00-10:30，单号：ORD2039390597785661440。请在「预约审核」中处理。', 0, 447, 'booking_order', '2026-04-11 19:53:56', '2026-04-11 19:53:56', 0);
INSERT INTO `sys_message` VALUES (309, 5, 'BOOKING_AUDIT', '新预约待审核', '申请人：吴九，设备：测试图片，日期：2026-04-02 10:00-10:30，单号：ORD2039390597785661440。请在「预约审核」中处理。', 0, 447, 'booking_order', '2026-04-11 19:53:56', '2026-04-11 19:53:56', 0);
INSERT INTO `sys_message` VALUES (310, 6, 'BOOKING_AUDIT', '新预约待审核', '申请人：吴九，设备：测试图片，日期：2026-04-02 10:00-10:30，单号：ORD2039390597785661440。请在「预约审核」中处理。', 0, 447, 'booking_order', '2026-04-11 19:53:56', '2026-04-11 19:53:56', 0);
INSERT INTO `sys_message` VALUES (311, 7, 'BOOKING_AUDIT', '新预约待审核', '申请人：吴九，设备：测试图片，日期：2026-04-02 10:00-10:30，单号：ORD2039390597785661440。请在「预约审核」中处理。', 0, 447, 'booking_order', '2026-04-11 19:53:56', '2026-04-11 19:53:56', 0);
INSERT INTO `sys_message` VALUES (312, 8, 'BOOKING_AUDIT', '新预约待审核', '申请人：吴九，设备：测试图片，日期：2026-04-02 10:00-10:30，单号：ORD2039390597785661440。请在「预约审核」中处理。', 0, 447, 'booking_order', '2026-04-11 19:53:56', '2026-04-11 19:53:56', 0);
INSERT INTO `sys_message` VALUES (313, 13, 'BOOKING_AUDIT', '新预约待审核', '申请人：吴九，设备：测试图片，日期：2026-04-02 10:00-10:30，单号：ORD2039390597785661440。请在「预约审核」中处理。', 0, 447, 'booking_order', '2026-04-11 19:53:56', '2026-04-11 19:53:56', 0);
INSERT INTO `sys_message` VALUES (314, 108, 'BOOKING_AUDIT', '新预约待审核', '申请人：吴九，设备：测试图片，日期：2026-04-02 10:00-10:30，单号：ORD2039390597785661440。请在「预约审核」中处理。', 0, 447, 'booking_order', '2026-04-11 19:53:56', '2026-04-11 19:53:56', 0);
INSERT INTO `sys_message` VALUES (315, 2, 'BOOKING_AUDIT', '新预约待审核', '申请人：吴九，设备：低速离心机L-530，日期：2026-04-02 11:00-11:30，单号：ORD2039391064322289664。请在「预约审核」中处理。', 0, 448, 'booking_order', '2026-04-11 19:53:56', '2026-04-11 19:53:56', 0);
INSERT INTO `sys_message` VALUES (316, 3, 'BOOKING_AUDIT', '新预约待审核', '申请人：吴九，设备：低速离心机L-530，日期：2026-04-02 11:00-11:30，单号：ORD2039391064322289664。请在「预约审核」中处理。', 0, 448, 'booking_order', '2026-04-11 19:53:56', '2026-04-11 19:53:56', 0);
INSERT INTO `sys_message` VALUES (317, 14, 'BOOKING_AUDIT', '新预约待审核', '申请人：吴九，设备：低速离心机L-530，日期：2026-04-02 11:00-11:30，单号：ORD2039391064322289664。请在「预约审核」中处理。', 0, 448, 'booking_order', '2026-04-11 19:53:56', '2026-04-11 19:53:56', 0);
INSERT INTO `sys_message` VALUES (318, 1, 'BOOKING_AUDIT', '新预约待审核', '申请人：吴九，设备：低速离心机L-530，日期：2026-04-02 11:00-11:30，单号：ORD2039391064322289664。请在「预约审核」中处理。', 0, 448, 'booking_order', '2026-04-11 19:53:56', '2026-04-11 19:53:56', 0);
INSERT INTO `sys_message` VALUES (319, 4, 'BOOKING_AUDIT', '新预约待审核', '申请人：吴九，设备：低速离心机L-530，日期：2026-04-02 11:00-11:30，单号：ORD2039391064322289664。请在「预约审核」中处理。', 0, 448, 'booking_order', '2026-04-11 19:53:56', '2026-04-11 19:53:56', 0);
INSERT INTO `sys_message` VALUES (320, 5, 'BOOKING_AUDIT', '新预约待审核', '申请人：吴九，设备：低速离心机L-530，日期：2026-04-02 11:00-11:30，单号：ORD2039391064322289664。请在「预约审核」中处理。', 0, 448, 'booking_order', '2026-04-11 19:53:56', '2026-04-11 19:53:56', 0);
INSERT INTO `sys_message` VALUES (321, 6, 'BOOKING_AUDIT', '新预约待审核', '申请人：吴九，设备：低速离心机L-530，日期：2026-04-02 11:00-11:30，单号：ORD2039391064322289664。请在「预约审核」中处理。', 0, 448, 'booking_order', '2026-04-11 19:53:56', '2026-04-11 19:53:56', 0);
INSERT INTO `sys_message` VALUES (322, 7, 'BOOKING_AUDIT', '新预约待审核', '申请人：吴九，设备：低速离心机L-530，日期：2026-04-02 11:00-11:30，单号：ORD2039391064322289664。请在「预约审核」中处理。', 0, 448, 'booking_order', '2026-04-11 19:53:56', '2026-04-11 19:53:56', 0);
INSERT INTO `sys_message` VALUES (323, 8, 'BOOKING_AUDIT', '新预约待审核', '申请人：吴九，设备：低速离心机L-530，日期：2026-04-02 11:00-11:30，单号：ORD2039391064322289664。请在「预约审核」中处理。', 0, 448, 'booking_order', '2026-04-11 19:53:56', '2026-04-11 19:53:56', 0);
INSERT INTO `sys_message` VALUES (324, 13, 'BOOKING_AUDIT', '新预约待审核', '申请人：吴九，设备：低速离心机L-530，日期：2026-04-02 11:00-11:30，单号：ORD2039391064322289664。请在「预约审核」中处理。', 0, 448, 'booking_order', '2026-04-11 19:53:56', '2026-04-11 19:53:56', 0);
INSERT INTO `sys_message` VALUES (325, 108, 'BOOKING_AUDIT', '新预约待审核', '申请人：吴九，设备：低速离心机L-530，日期：2026-04-02 11:00-11:30，单号：ORD2039391064322289664。请在「预约审核」中处理。', 0, 448, 'booking_order', '2026-04-11 19:53:56', '2026-04-11 19:53:56', 0);
INSERT INTO `sys_message` VALUES (326, 15, 'BOOKING_AUDIT', '预约审核通过', '您的预约申请已审核通过，设备：测试图片', 0, 446, 'booking_order', '2026-04-11 19:53:56', '2026-04-11 19:53:56', 0);
INSERT INTO `sys_message` VALUES (327, 20, 'REPAIR_ASSIGN', '系统自动分配工单', '系统自动分配给您一项维修工单，请及时处理。\n设备：测试图片\n报修人：吴九\n故障描述：cscsc\n工单编号：WO2039391323773546496', 0, 14, 'repair_order', '2026-04-11 19:53:56', '2026-04-11 19:53:56', 0);
INSERT INTO `sys_message` VALUES (328, 12, 'REPAIR_ASSIGN', '系统自动分配工单', '系统自动分配给您一项维修工单，请及时处理。\n设备：体视显微镜SZX16\n报修人：吴九\n故障描述：cscsc\n工单编号：WO2039391638480564224', 0, 15, 'repair_order', '2026-04-11 19:53:56', '2026-04-11 19:53:56', 0);
INSERT INTO `sys_message` VALUES (329, 19, 'REPAIR_ASSIGN', '系统自动分配工单', '系统自动分配给您一项维修工单，请及时处理。\n设备：高速冷冻离心机5810R\n报修人：吴九\n故障描述：cscs\n工单编号：WO2039391748736233472', 0, 16, 'repair_order', '2026-04-11 19:53:56', '2026-04-11 19:53:56', 0);
INSERT INTO `sys_message` VALUES (330, 7, 'REPAIR_ASSIGN', '工单已被接单', '您报修的设备（倒置显微镜IX73）已被维护人员接单，请等待处理。', 0, 8, 'repair_order', '2026-04-11 19:53:56', '2026-04-11 19:53:56', 0);
INSERT INTO `sys_message` VALUES (331, 15, 'REPAIR_ASSIGN', '工单处理完成', '您报修的设备（高速冷冻离心机5810R）已维修完成，请前往确认。故障原因：，解决方案：', 0, 16, 'repair_order', '2026-04-11 19:53:56', '2026-04-11 19:53:56', 0);
INSERT INTO `sys_message` VALUES (332, 2, 'REPAIR_ASSIGN', '工单处理完成', '您报修的设备（光学显微镜OM-2000）已维修完成，请前往确认。故障原因：csc，解决方案：cscs', 0, 13, 'repair_order', '2026-04-11 19:53:56', '2026-04-11 19:53:56', 0);
INSERT INTO `sys_message` VALUES (333, 2, 'BOOKING_AUDIT', '新预约待审核', '申请人：张三，设备：光学显微镜OM-2000，日期：2026-04-03 15:00-15:30，单号：ORD2039410557480128512。请在「预约审核」中处理。', 0, 450, 'booking_order', '2026-04-11 19:53:56', '2026-04-11 19:53:56', 0);
INSERT INTO `sys_message` VALUES (334, 3, 'BOOKING_AUDIT', '新预约待审核', '申请人：张三，设备：光学显微镜OM-2000，日期：2026-04-03 15:00-15:30，单号：ORD2039410557480128512。请在「预约审核」中处理。', 0, 450, 'booking_order', '2026-04-11 19:53:56', '2026-04-11 19:53:56', 0);
INSERT INTO `sys_message` VALUES (335, 14, 'BOOKING_AUDIT', '新预约待审核', '申请人：张三，设备：光学显微镜OM-2000，日期：2026-04-03 15:00-15:30，单号：ORD2039410557480128512。请在「预约审核」中处理。', 0, 450, 'booking_order', '2026-04-11 19:53:56', '2026-04-11 19:53:56', 0);
INSERT INTO `sys_message` VALUES (336, 1, 'BOOKING_AUDIT', '新预约待审核', '申请人：张三，设备：光学显微镜OM-2000，日期：2026-04-03 15:00-15:30，单号：ORD2039410557480128512。请在「预约审核」中处理。', 0, 450, 'booking_order', '2026-04-11 19:53:56', '2026-04-11 19:53:56', 0);
INSERT INTO `sys_message` VALUES (337, 4, 'BOOKING_AUDIT', '新预约待审核', '申请人：张三，设备：光学显微镜OM-2000，日期：2026-04-03 15:00-15:30，单号：ORD2039410557480128512。请在「预约审核」中处理。', 0, 450, 'booking_order', '2026-04-11 19:53:56', '2026-04-11 19:53:56', 0);
INSERT INTO `sys_message` VALUES (338, 5, 'BOOKING_AUDIT', '新预约待审核', '申请人：张三，设备：光学显微镜OM-2000，日期：2026-04-03 15:00-15:30，单号：ORD2039410557480128512。请在「预约审核」中处理。', 0, 450, 'booking_order', '2026-04-11 19:53:56', '2026-04-11 19:53:56', 0);
INSERT INTO `sys_message` VALUES (339, 6, 'BOOKING_AUDIT', '新预约待审核', '申请人：张三，设备：光学显微镜OM-2000，日期：2026-04-03 15:00-15:30，单号：ORD2039410557480128512。请在「预约审核」中处理。', 0, 450, 'booking_order', '2026-04-11 19:53:56', '2026-04-11 19:53:56', 0);
INSERT INTO `sys_message` VALUES (340, 7, 'BOOKING_AUDIT', '新预约待审核', '申请人：张三，设备：光学显微镜OM-2000，日期：2026-04-03 15:00-15:30，单号：ORD2039410557480128512。请在「预约审核」中处理。', 0, 450, 'booking_order', '2026-04-11 19:53:56', '2026-04-11 19:53:56', 0);
INSERT INTO `sys_message` VALUES (341, 8, 'BOOKING_AUDIT', '新预约待审核', '申请人：张三，设备：光学显微镜OM-2000，日期：2026-04-03 15:00-15:30，单号：ORD2039410557480128512。请在「预约审核」中处理。', 0, 450, 'booking_order', '2026-04-11 19:53:56', '2026-04-11 19:53:56', 0);
INSERT INTO `sys_message` VALUES (342, 13, 'BOOKING_AUDIT', '新预约待审核', '申请人：张三，设备：光学显微镜OM-2000，日期：2026-04-03 15:00-15:30，单号：ORD2039410557480128512。请在「预约审核」中处理。', 0, 450, 'booking_order', '2026-04-11 19:53:56', '2026-04-11 19:53:56', 0);
INSERT INTO `sys_message` VALUES (343, 108, 'BOOKING_AUDIT', '新预约待审核', '申请人：张三，设备：光学显微镜OM-2000，日期：2026-04-03 15:00-15:30，单号：ORD2039410557480128512。请在「预约审核」中处理。', 0, 450, 'booking_order', '2026-04-11 19:53:56', '2026-04-11 19:53:56', 0);
INSERT INTO `sys_message` VALUES (344, 2, 'BOOKING_AUDIT', '新预约待审核', '申请人：张三，设备：光学显微镜OM-2000，日期：2026-04-02 10:00-10:30，单号：ORD2039410818734936064。请在「预约审核」中处理。', 0, 451, 'booking_order', '2026-04-11 19:53:56', '2026-04-11 19:53:56', 0);
INSERT INTO `sys_message` VALUES (345, 3, 'BOOKING_AUDIT', '新预约待审核', '申请人：张三，设备：光学显微镜OM-2000，日期：2026-04-02 10:00-10:30，单号：ORD2039410818734936064。请在「预约审核」中处理。', 0, 451, 'booking_order', '2026-04-11 19:53:56', '2026-04-11 19:53:56', 0);
INSERT INTO `sys_message` VALUES (346, 14, 'BOOKING_AUDIT', '新预约待审核', '申请人：张三，设备：光学显微镜OM-2000，日期：2026-04-02 10:00-10:30，单号：ORD2039410818734936064。请在「预约审核」中处理。', 0, 451, 'booking_order', '2026-04-11 19:53:56', '2026-04-11 19:53:56', 0);
INSERT INTO `sys_message` VALUES (347, 1, 'BOOKING_AUDIT', '新预约待审核', '申请人：张三，设备：光学显微镜OM-2000，日期：2026-04-02 10:00-10:30，单号：ORD2039410818734936064。请在「预约审核」中处理。', 0, 451, 'booking_order', '2026-04-11 19:53:56', '2026-04-11 19:53:56', 0);
INSERT INTO `sys_message` VALUES (348, 4, 'BOOKING_AUDIT', '新预约待审核', '申请人：张三，设备：光学显微镜OM-2000，日期：2026-04-02 10:00-10:30，单号：ORD2039410818734936064。请在「预约审核」中处理。', 0, 451, 'booking_order', '2026-04-11 19:53:56', '2026-04-11 19:53:56', 0);
INSERT INTO `sys_message` VALUES (349, 5, 'BOOKING_AUDIT', '新预约待审核', '申请人：张三，设备：光学显微镜OM-2000，日期：2026-04-02 10:00-10:30，单号：ORD2039410818734936064。请在「预约审核」中处理。', 0, 451, 'booking_order', '2026-04-11 19:53:56', '2026-04-11 19:53:56', 0);
INSERT INTO `sys_message` VALUES (350, 6, 'BOOKING_AUDIT', '新预约待审核', '申请人：张三，设备：光学显微镜OM-2000，日期：2026-04-02 10:00-10:30，单号：ORD2039410818734936064。请在「预约审核」中处理。', 0, 451, 'booking_order', '2026-04-11 19:53:56', '2026-04-11 19:53:56', 0);
INSERT INTO `sys_message` VALUES (351, 7, 'BOOKING_AUDIT', '新预约待审核', '申请人：张三，设备：光学显微镜OM-2000，日期：2026-04-02 10:00-10:30，单号：ORD2039410818734936064。请在「预约审核」中处理。', 0, 451, 'booking_order', '2026-04-11 19:53:56', '2026-04-11 19:53:56', 0);
INSERT INTO `sys_message` VALUES (352, 8, 'BOOKING_AUDIT', '新预约待审核', '申请人：张三，设备：光学显微镜OM-2000，日期：2026-04-02 10:00-10:30，单号：ORD2039410818734936064。请在「预约审核」中处理。', 0, 451, 'booking_order', '2026-04-11 19:53:56', '2026-04-11 19:53:56', 0);
INSERT INTO `sys_message` VALUES (353, 13, 'BOOKING_AUDIT', '新预约待审核', '申请人：张三，设备：光学显微镜OM-2000，日期：2026-04-02 10:00-10:30，单号：ORD2039410818734936064。请在「预约审核」中处理。', 0, 451, 'booking_order', '2026-04-11 19:53:56', '2026-04-11 19:53:56', 0);
INSERT INTO `sys_message` VALUES (354, 108, 'BOOKING_AUDIT', '新预约待审核', '申请人：张三，设备：光学显微镜OM-2000，日期：2026-04-02 10:00-10:30，单号：ORD2039410818734936064。请在「预约审核」中处理。', 0, 451, 'booking_order', '2026-04-11 19:53:56', '2026-04-11 19:53:56', 0);
INSERT INTO `sys_message` VALUES (355, 2, 'BOOKING_AUDIT', '新预约待审核', '申请人：张三，设备：光学显微镜OM-2000，日期：2026-04-02 11:00-11:30，单号：ORD2039414041243865088。请在「预约审核」中处理。', 0, 452, 'booking_order', '2026-04-11 19:53:56', '2026-04-11 19:53:56', 0);
INSERT INTO `sys_message` VALUES (356, 3, 'BOOKING_AUDIT', '新预约待审核', '申请人：张三，设备：光学显微镜OM-2000，日期：2026-04-02 11:00-11:30，单号：ORD2039414041243865088。请在「预约审核」中处理。', 0, 452, 'booking_order', '2026-04-11 19:53:56', '2026-04-11 19:53:56', 0);
INSERT INTO `sys_message` VALUES (357, 14, 'BOOKING_AUDIT', '新预约待审核', '申请人：张三，设备：光学显微镜OM-2000，日期：2026-04-02 11:00-11:30，单号：ORD2039414041243865088。请在「预约审核」中处理。', 0, 452, 'booking_order', '2026-04-11 19:53:56', '2026-04-11 19:53:56', 0);
INSERT INTO `sys_message` VALUES (358, 1, 'BOOKING_AUDIT', '新预约待审核', '申请人：张三，设备：光学显微镜OM-2000，日期：2026-04-02 11:00-11:30，单号：ORD2039414041243865088。请在「预约审核」中处理。', 0, 452, 'booking_order', '2026-04-11 19:53:56', '2026-04-11 19:53:56', 0);
INSERT INTO `sys_message` VALUES (359, 4, 'BOOKING_AUDIT', '新预约待审核', '申请人：张三，设备：光学显微镜OM-2000，日期：2026-04-02 11:00-11:30，单号：ORD2039414041243865088。请在「预约审核」中处理。', 0, 452, 'booking_order', '2026-04-11 19:53:56', '2026-04-11 19:53:56', 0);
INSERT INTO `sys_message` VALUES (360, 5, 'BOOKING_AUDIT', '新预约待审核', '申请人：张三，设备：光学显微镜OM-2000，日期：2026-04-02 11:00-11:30，单号：ORD2039414041243865088。请在「预约审核」中处理。', 0, 452, 'booking_order', '2026-04-11 19:53:56', '2026-04-11 19:53:56', 0);
INSERT INTO `sys_message` VALUES (361, 6, 'BOOKING_AUDIT', '新预约待审核', '申请人：张三，设备：光学显微镜OM-2000，日期：2026-04-02 11:00-11:30，单号：ORD2039414041243865088。请在「预约审核」中处理。', 0, 452, 'booking_order', '2026-04-11 19:53:56', '2026-04-11 19:53:56', 0);
INSERT INTO `sys_message` VALUES (362, 7, 'BOOKING_AUDIT', '新预约待审核', '申请人：张三，设备：光学显微镜OM-2000，日期：2026-04-02 11:00-11:30，单号：ORD2039414041243865088。请在「预约审核」中处理。', 0, 452, 'booking_order', '2026-04-11 19:53:56', '2026-04-11 19:53:56', 0);
INSERT INTO `sys_message` VALUES (363, 8, 'BOOKING_AUDIT', '新预约待审核', '申请人：张三，设备：光学显微镜OM-2000，日期：2026-04-02 11:00-11:30，单号：ORD2039414041243865088。请在「预约审核」中处理。', 0, 452, 'booking_order', '2026-04-11 19:53:56', '2026-04-11 19:53:56', 0);
INSERT INTO `sys_message` VALUES (364, 13, 'BOOKING_AUDIT', '新预约待审核', '申请人：张三，设备：光学显微镜OM-2000，日期：2026-04-02 11:00-11:30，单号：ORD2039414041243865088。请在「预约审核」中处理。', 0, 452, 'booking_order', '2026-04-11 19:53:56', '2026-04-11 19:53:56', 0);
INSERT INTO `sys_message` VALUES (365, 108, 'BOOKING_AUDIT', '新预约待审核', '申请人：张三，设备：光学显微镜OM-2000，日期：2026-04-02 11:00-11:30，单号：ORD2039414041243865088。请在「预约审核」中处理。', 0, 452, 'booking_order', '2026-04-11 19:53:56', '2026-04-11 19:53:56', 0);
INSERT INTO `sys_message` VALUES (366, 2, 'BOOKING_AUDIT', '新预约待审核', '申请人：张三，设备：低速离心机L-530，日期：2026-04-02 16:00-16:30，单号：ORD2039419951060144128。请在「预约审核」中处理。', 0, 456, 'booking_order', '2026-04-11 19:53:56', '2026-04-11 19:53:56', 0);
INSERT INTO `sys_message` VALUES (367, 3, 'BOOKING_AUDIT', '新预约待审核', '申请人：张三，设备：低速离心机L-530，日期：2026-04-02 16:00-16:30，单号：ORD2039419951060144128。请在「预约审核」中处理。', 0, 456, 'booking_order', '2026-04-11 19:53:56', '2026-04-11 19:53:56', 0);
INSERT INTO `sys_message` VALUES (368, 14, 'BOOKING_AUDIT', '新预约待审核', '申请人：张三，设备：低速离心机L-530，日期：2026-04-02 16:00-16:30，单号：ORD2039419951060144128。请在「预约审核」中处理。', 0, 456, 'booking_order', '2026-04-11 19:53:56', '2026-04-11 19:53:56', 0);
INSERT INTO `sys_message` VALUES (369, 1, 'BOOKING_AUDIT', '新预约待审核', '申请人：张三，设备：低速离心机L-530，日期：2026-04-02 16:00-16:30，单号：ORD2039419951060144128。请在「预约审核」中处理。', 0, 456, 'booking_order', '2026-04-11 19:53:56', '2026-04-11 19:53:56', 0);
INSERT INTO `sys_message` VALUES (370, 4, 'BOOKING_AUDIT', '新预约待审核', '申请人：张三，设备：低速离心机L-530，日期：2026-04-02 16:00-16:30，单号：ORD2039419951060144128。请在「预约审核」中处理。', 0, 456, 'booking_order', '2026-04-11 19:53:56', '2026-04-11 19:53:56', 0);
INSERT INTO `sys_message` VALUES (371, 5, 'BOOKING_AUDIT', '新预约待审核', '申请人：张三，设备：低速离心机L-530，日期：2026-04-02 16:00-16:30，单号：ORD2039419951060144128。请在「预约审核」中处理。', 0, 456, 'booking_order', '2026-04-11 19:53:56', '2026-04-11 19:53:56', 0);
INSERT INTO `sys_message` VALUES (372, 6, 'BOOKING_AUDIT', '新预约待审核', '申请人：张三，设备：低速离心机L-530，日期：2026-04-02 16:00-16:30，单号：ORD2039419951060144128。请在「预约审核」中处理。', 0, 456, 'booking_order', '2026-04-11 19:53:56', '2026-04-11 19:53:56', 0);
INSERT INTO `sys_message` VALUES (373, 7, 'BOOKING_AUDIT', '新预约待审核', '申请人：张三，设备：低速离心机L-530，日期：2026-04-02 16:00-16:30，单号：ORD2039419951060144128。请在「预约审核」中处理。', 0, 456, 'booking_order', '2026-04-11 19:53:56', '2026-04-11 19:53:56', 0);
INSERT INTO `sys_message` VALUES (374, 8, 'BOOKING_AUDIT', '新预约待审核', '申请人：张三，设备：低速离心机L-530，日期：2026-04-02 16:00-16:30，单号：ORD2039419951060144128。请在「预约审核」中处理。', 0, 456, 'booking_order', '2026-04-11 19:53:56', '2026-04-11 19:53:56', 0);
INSERT INTO `sys_message` VALUES (375, 13, 'BOOKING_AUDIT', '新预约待审核', '申请人：张三，设备：低速离心机L-530，日期：2026-04-02 16:00-16:30，单号：ORD2039419951060144128。请在「预约审核」中处理。', 0, 456, 'booking_order', '2026-04-11 19:53:56', '2026-04-11 19:53:56', 0);
INSERT INTO `sys_message` VALUES (376, 108, 'BOOKING_AUDIT', '新预约待审核', '申请人：张三，设备：低速离心机L-530，日期：2026-04-02 16:00-16:30，单号：ORD2039419951060144128。请在「预约审核」中处理。', 0, 456, 'booking_order', '2026-04-11 19:53:56', '2026-04-11 19:53:56', 0);
INSERT INTO `sys_message` VALUES (377, 2, 'BOOKING_AUDIT', '新预约待审核', '申请人：张三，设备：倒置显微镜IX73，日期：2026-04-02 09:00-10:00，单号：ORD2039433534888316928。请在「预约审核」中处理。', 0, 466, 'booking_order', '2026-04-11 19:53:56', '2026-04-11 19:53:56', 0);
INSERT INTO `sys_message` VALUES (378, 3, 'BOOKING_AUDIT', '新预约待审核', '申请人：张三，设备：倒置显微镜IX73，日期：2026-04-02 09:00-10:00，单号：ORD2039433534888316928。请在「预约审核」中处理。', 0, 466, 'booking_order', '2026-04-11 19:53:56', '2026-04-11 19:53:56', 0);
INSERT INTO `sys_message` VALUES (379, 14, 'BOOKING_AUDIT', '新预约待审核', '申请人：张三，设备：倒置显微镜IX73，日期：2026-04-02 09:00-10:00，单号：ORD2039433534888316928。请在「预约审核」中处理。', 0, 466, 'booking_order', '2026-04-11 19:53:56', '2026-04-11 19:53:56', 0);
INSERT INTO `sys_message` VALUES (380, 1, 'BOOKING_AUDIT', '新预约待审核', '申请人：张三，设备：倒置显微镜IX73，日期：2026-04-02 09:00-10:00，单号：ORD2039433534888316928。请在「预约审核」中处理。', 0, 466, 'booking_order', '2026-04-11 19:53:56', '2026-04-11 19:53:56', 0);
INSERT INTO `sys_message` VALUES (381, 4, 'BOOKING_AUDIT', '新预约待审核', '申请人：张三，设备：倒置显微镜IX73，日期：2026-04-02 09:00-10:00，单号：ORD2039433534888316928。请在「预约审核」中处理。', 0, 466, 'booking_order', '2026-04-11 19:53:56', '2026-04-11 19:53:56', 0);
INSERT INTO `sys_message` VALUES (382, 5, 'BOOKING_AUDIT', '新预约待审核', '申请人：张三，设备：倒置显微镜IX73，日期：2026-04-02 09:00-10:00，单号：ORD2039433534888316928。请在「预约审核」中处理。', 0, 466, 'booking_order', '2026-04-11 19:53:56', '2026-04-11 19:53:56', 0);
INSERT INTO `sys_message` VALUES (383, 6, 'BOOKING_AUDIT', '新预约待审核', '申请人：张三，设备：倒置显微镜IX73，日期：2026-04-02 09:00-10:00，单号：ORD2039433534888316928。请在「预约审核」中处理。', 0, 466, 'booking_order', '2026-04-11 19:53:56', '2026-04-11 19:53:56', 0);
INSERT INTO `sys_message` VALUES (384, 7, 'BOOKING_AUDIT', '新预约待审核', '申请人：张三，设备：倒置显微镜IX73，日期：2026-04-02 09:00-10:00，单号：ORD2039433534888316928。请在「预约审核」中处理。', 0, 466, 'booking_order', '2026-04-11 19:53:56', '2026-04-11 19:53:56', 0);
INSERT INTO `sys_message` VALUES (385, 8, 'BOOKING_AUDIT', '新预约待审核', '申请人：张三，设备：倒置显微镜IX73，日期：2026-04-02 09:00-10:00，单号：ORD2039433534888316928。请在「预约审核」中处理。', 0, 466, 'booking_order', '2026-04-11 19:53:56', '2026-04-11 19:53:56', 0);
INSERT INTO `sys_message` VALUES (386, 13, 'BOOKING_AUDIT', '新预约待审核', '申请人：张三，设备：倒置显微镜IX73，日期：2026-04-02 09:00-10:00，单号：ORD2039433534888316928。请在「预约审核」中处理。', 0, 466, 'booking_order', '2026-04-11 19:53:56', '2026-04-11 19:53:56', 0);
INSERT INTO `sys_message` VALUES (387, 108, 'BOOKING_AUDIT', '新预约待审核', '申请人：张三，设备：倒置显微镜IX73，日期：2026-04-02 09:00-10:00，单号：ORD2039433534888316928。请在「预约审核」中处理。', 0, 466, 'booking_order', '2026-04-11 19:53:56', '2026-04-11 19:53:56', 0);
INSERT INTO `sys_message` VALUES (388, 2, 'BOOKING_AUDIT', '新预约待审核', '申请人：王建国，设备：倒置显微镜IX73，日期：2026-04-02 12:00-13:00，单号：ORD2039434245508272128。请在「预约审核」中处理。', 0, 469, 'booking_order', '2026-04-11 19:53:56', '2026-04-11 19:53:56', 0);
INSERT INTO `sys_message` VALUES (389, 3, 'BOOKING_AUDIT', '新预约待审核', '申请人：王建国，设备：倒置显微镜IX73，日期：2026-04-02 12:00-13:00，单号：ORD2039434245508272128。请在「预约审核」中处理。', 0, 469, 'booking_order', '2026-04-11 19:53:56', '2026-04-11 19:53:56', 0);
INSERT INTO `sys_message` VALUES (390, 14, 'BOOKING_AUDIT', '新预约待审核', '申请人：王建国，设备：倒置显微镜IX73，日期：2026-04-02 12:00-13:00，单号：ORD2039434245508272128。请在「预约审核」中处理。', 0, 469, 'booking_order', '2026-04-11 19:53:56', '2026-04-11 19:53:56', 0);
INSERT INTO `sys_message` VALUES (391, 1, 'BOOKING_AUDIT', '新预约待审核', '申请人：王建国，设备：倒置显微镜IX73，日期：2026-04-02 12:00-13:00，单号：ORD2039434245508272128。请在「预约审核」中处理。', 0, 469, 'booking_order', '2026-04-11 19:53:56', '2026-04-11 19:53:56', 0);
INSERT INTO `sys_message` VALUES (392, 2, 'BOOKING_AUDIT', '新预约待审核', '申请人：王丽，设备：低速离心机L-530，日期：2026-04-02 09:00-10:00，单号：ORD2039448951421693952。请在「预约审核」中处理。', 0, 471, 'booking_order', '2026-04-11 19:53:56', '2026-04-11 19:53:56', 0);
INSERT INTO `sys_message` VALUES (393, 3, 'BOOKING_AUDIT', '新预约待审核', '申请人：王丽，设备：低速离心机L-530，日期：2026-04-02 09:00-10:00，单号：ORD2039448951421693952。请在「预约审核」中处理。', 0, 471, 'booking_order', '2026-04-11 19:53:56', '2026-04-11 19:53:56', 0);
INSERT INTO `sys_message` VALUES (394, 14, 'BOOKING_AUDIT', '新预约待审核', '申请人：王丽，设备：低速离心机L-530，日期：2026-04-02 09:00-10:00，单号：ORD2039448951421693952。请在「预约审核」中处理。', 0, 471, 'booking_order', '2026-04-11 19:53:56', '2026-04-11 19:53:56', 0);
INSERT INTO `sys_message` VALUES (395, 1, 'BOOKING_AUDIT', '新预约待审核', '申请人：王丽，设备：低速离心机L-530，日期：2026-04-02 09:00-10:00，单号：ORD2039448951421693952。请在「预约审核」中处理。', 0, 471, 'booking_order', '2026-04-11 19:53:56', '2026-04-11 19:53:56', 0);
INSERT INTO `sys_message` VALUES (396, 4, 'BOOKING_AUDIT', '新预约待审核', '申请人：王丽，设备：低速离心机L-530，日期：2026-04-02 09:00-10:00，单号：ORD2039448951421693952。请在「预约审核」中处理。', 0, 471, 'booking_order', '2026-04-11 19:53:56', '2026-04-11 19:53:56', 0);
INSERT INTO `sys_message` VALUES (397, 5, 'BOOKING_AUDIT', '新预约待审核', '申请人：王丽，设备：低速离心机L-530，日期：2026-04-02 09:00-10:00，单号：ORD2039448951421693952。请在「预约审核」中处理。', 0, 471, 'booking_order', '2026-04-11 19:53:56', '2026-04-11 19:53:56', 0);
INSERT INTO `sys_message` VALUES (398, 6, 'BOOKING_AUDIT', '新预约待审核', '申请人：王丽，设备：低速离心机L-530，日期：2026-04-02 09:00-10:00，单号：ORD2039448951421693952。请在「预约审核」中处理。', 0, 471, 'booking_order', '2026-04-11 19:53:56', '2026-04-11 19:53:56', 0);
INSERT INTO `sys_message` VALUES (399, 7, 'BOOKING_AUDIT', '新预约待审核', '申请人：王丽，设备：低速离心机L-530，日期：2026-04-02 09:00-10:00，单号：ORD2039448951421693952。请在「预约审核」中处理。', 0, 471, 'booking_order', '2026-04-11 19:53:56', '2026-04-11 19:53:56', 0);
INSERT INTO `sys_message` VALUES (400, 8, 'BOOKING_AUDIT', '新预约待审核', '申请人：王丽，设备：低速离心机L-530，日期：2026-04-02 09:00-10:00，单号：ORD2039448951421693952。请在「预约审核」中处理。', 0, 471, 'booking_order', '2026-04-11 19:53:56', '2026-04-11 19:53:56', 0);
INSERT INTO `sys_message` VALUES (401, 13, 'BOOKING_AUDIT', '新预约待审核', '申请人：王丽，设备：低速离心机L-530，日期：2026-04-02 09:00-10:00，单号：ORD2039448951421693952。请在「预约审核」中处理。', 0, 471, 'booking_order', '2026-04-11 19:53:56', '2026-04-11 19:53:56', 0);
INSERT INTO `sys_message` VALUES (402, 108, 'BOOKING_AUDIT', '新预约待审核', '申请人：王丽，设备：低速离心机L-530，日期：2026-04-02 09:00-10:00，单号：ORD2039448951421693952。请在「预约审核」中处理。', 0, 471, 'booking_order', '2026-04-11 19:53:56', '2026-04-11 19:53:56', 0);
INSERT INTO `sys_message` VALUES (403, 2, 'BOOKING_AUDIT', '新预约待审核', '申请人：王丽，设备：高速冷冻离心机5810R，日期：2026-04-03 08:00-09:30，单号：ORD2039609778372202496。请在「预约审核」中处理。', 0, 472, 'booking_order', '2026-04-11 19:53:56', '2026-04-11 19:53:56', 0);
INSERT INTO `sys_message` VALUES (404, 3, 'BOOKING_AUDIT', '新预约待审核', '申请人：王丽，设备：高速冷冻离心机5810R，日期：2026-04-03 08:00-09:30，单号：ORD2039609778372202496。请在「预约审核」中处理。', 0, 472, 'booking_order', '2026-04-11 19:53:56', '2026-04-11 19:53:56', 0);
INSERT INTO `sys_message` VALUES (405, 14, 'BOOKING_AUDIT', '新预约待审核', '申请人：王丽，设备：高速冷冻离心机5810R，日期：2026-04-03 08:00-09:30，单号：ORD2039609778372202496。请在「预约审核」中处理。', 0, 472, 'booking_order', '2026-04-11 19:53:56', '2026-04-11 19:53:56', 0);
INSERT INTO `sys_message` VALUES (406, 1, 'BOOKING_AUDIT', '新预约待审核', '申请人：王丽，设备：高速冷冻离心机5810R，日期：2026-04-03 08:00-09:30，单号：ORD2039609778372202496。请在「预约审核」中处理。', 0, 472, 'booking_order', '2026-04-11 19:53:56', '2026-04-11 19:53:56', 0);
INSERT INTO `sys_message` VALUES (407, 4, 'BOOKING_AUDIT', '新预约待审核', '申请人：王丽，设备：高速冷冻离心机5810R，日期：2026-04-03 08:00-09:30，单号：ORD2039609778372202496。请在「预约审核」中处理。', 0, 472, 'booking_order', '2026-04-11 19:53:56', '2026-04-11 19:53:56', 0);
INSERT INTO `sys_message` VALUES (408, 5, 'BOOKING_AUDIT', '新预约待审核', '申请人：王丽，设备：高速冷冻离心机5810R，日期：2026-04-03 08:00-09:30，单号：ORD2039609778372202496。请在「预约审核」中处理。', 0, 472, 'booking_order', '2026-04-11 19:53:56', '2026-04-11 19:53:56', 0);
INSERT INTO `sys_message` VALUES (409, 6, 'BOOKING_AUDIT', '新预约待审核', '申请人：王丽，设备：高速冷冻离心机5810R，日期：2026-04-03 08:00-09:30，单号：ORD2039609778372202496。请在「预约审核」中处理。', 0, 472, 'booking_order', '2026-04-11 19:53:56', '2026-04-11 19:53:56', 0);
INSERT INTO `sys_message` VALUES (410, 7, 'BOOKING_AUDIT', '新预约待审核', '申请人：王丽，设备：高速冷冻离心机5810R，日期：2026-04-03 08:00-09:30，单号：ORD2039609778372202496。请在「预约审核」中处理。', 0, 472, 'booking_order', '2026-04-11 19:53:56', '2026-04-11 19:53:56', 0);
INSERT INTO `sys_message` VALUES (411, 8, 'BOOKING_AUDIT', '新预约待审核', '申请人：王丽，设备：高速冷冻离心机5810R，日期：2026-04-03 08:00-09:30，单号：ORD2039609778372202496。请在「预约审核」中处理。', 0, 472, 'booking_order', '2026-04-11 19:53:56', '2026-04-11 19:53:56', 0);
INSERT INTO `sys_message` VALUES (412, 13, 'BOOKING_AUDIT', '新预约待审核', '申请人：王丽，设备：高速冷冻离心机5810R，日期：2026-04-03 08:00-09:30，单号：ORD2039609778372202496。请在「预约审核」中处理。', 0, 472, 'booking_order', '2026-04-11 19:53:56', '2026-04-11 19:53:56', 0);
INSERT INTO `sys_message` VALUES (413, 108, 'BOOKING_AUDIT', '新预约待审核', '申请人：王丽，设备：高速冷冻离心机5810R，日期：2026-04-03 08:00-09:30，单号：ORD2039609778372202496。请在「预约审核」中处理。', 0, 472, 'booking_order', '2026-04-11 19:53:56', '2026-04-11 19:53:56', 0);
INSERT INTO `sys_message` VALUES (414, 2, 'BOOKING_AUDIT', '新预约待审核', '申请人：王丽，设备：高效液相色谱仪，日期：2026-04-02 18:00-21:00，单号：ORD2039610352790523904。请在「预约审核」中处理。', 0, 473, 'booking_order', '2026-04-11 19:53:56', '2026-04-11 19:53:56', 0);
INSERT INTO `sys_message` VALUES (415, 3, 'BOOKING_AUDIT', '新预约待审核', '申请人：王丽，设备：高效液相色谱仪，日期：2026-04-02 18:00-21:00，单号：ORD2039610352790523904。请在「预约审核」中处理。', 0, 473, 'booking_order', '2026-04-11 19:53:56', '2026-04-11 19:53:56', 0);
INSERT INTO `sys_message` VALUES (416, 14, 'BOOKING_AUDIT', '新预约待审核', '申请人：王丽，设备：高效液相色谱仪，日期：2026-04-02 18:00-21:00，单号：ORD2039610352790523904。请在「预约审核」中处理。', 0, 473, 'booking_order', '2026-04-11 19:53:56', '2026-04-11 19:53:56', 0);
INSERT INTO `sys_message` VALUES (417, 1, 'BOOKING_AUDIT', '新预约待审核', '申请人：王丽，设备：高效液相色谱仪，日期：2026-04-02 18:00-21:00，单号：ORD2039610352790523904。请在「预约审核」中处理。', 0, 473, 'booking_order', '2026-04-11 19:53:56', '2026-04-11 19:53:56', 0);
INSERT INTO `sys_message` VALUES (418, 4, 'BOOKING_AUDIT', '新预约待审核', '申请人：王丽，设备：高效液相色谱仪，日期：2026-04-02 18:00-21:00，单号：ORD2039610352790523904。请在「预约审核」中处理。', 0, 473, 'booking_order', '2026-04-11 19:53:56', '2026-04-11 19:53:56', 0);
INSERT INTO `sys_message` VALUES (419, 5, 'BOOKING_AUDIT', '新预约待审核', '申请人：王丽，设备：高效液相色谱仪，日期：2026-04-02 18:00-21:00，单号：ORD2039610352790523904。请在「预约审核」中处理。', 0, 473, 'booking_order', '2026-04-11 19:53:56', '2026-04-11 19:53:56', 0);
INSERT INTO `sys_message` VALUES (420, 6, 'BOOKING_AUDIT', '新预约待审核', '申请人：王丽，设备：高效液相色谱仪，日期：2026-04-02 18:00-21:00，单号：ORD2039610352790523904。请在「预约审核」中处理。', 0, 473, 'booking_order', '2026-04-11 19:53:56', '2026-04-11 19:53:56', 0);
INSERT INTO `sys_message` VALUES (421, 7, 'BOOKING_AUDIT', '新预约待审核', '申请人：王丽，设备：高效液相色谱仪，日期：2026-04-02 18:00-21:00，单号：ORD2039610352790523904。请在「预约审核」中处理。', 0, 473, 'booking_order', '2026-04-11 19:53:56', '2026-04-11 19:53:56', 0);
INSERT INTO `sys_message` VALUES (422, 8, 'BOOKING_AUDIT', '新预约待审核', '申请人：王丽，设备：高效液相色谱仪，日期：2026-04-02 18:00-21:00，单号：ORD2039610352790523904。请在「预约审核」中处理。', 0, 473, 'booking_order', '2026-04-11 19:53:56', '2026-04-11 19:53:56', 0);
INSERT INTO `sys_message` VALUES (423, 13, 'BOOKING_AUDIT', '新预约待审核', '申请人：王丽，设备：高效液相色谱仪，日期：2026-04-02 18:00-21:00，单号：ORD2039610352790523904。请在「预约审核」中处理。', 0, 473, 'booking_order', '2026-04-11 19:53:56', '2026-04-11 19:53:56', 0);
INSERT INTO `sys_message` VALUES (424, 108, 'BOOKING_AUDIT', '新预约待审核', '申请人：王丽，设备：高效液相色谱仪，日期：2026-04-02 18:00-21:00，单号：ORD2039610352790523904。请在「预约审核」中处理。', 0, 473, 'booking_order', '2026-04-11 19:53:56', '2026-04-11 19:53:56', 0);
INSERT INTO `sys_message` VALUES (425, 2, 'BOOKING_AUDIT', '新预约待审核', '申请人：王丽，设备：高效液相色谱仪，日期：2026-04-03 10:00-11:00，单号：ORD2039610954358575104。请在「预约审核」中处理。', 0, 474, 'booking_order', '2026-04-11 19:53:56', '2026-04-11 19:53:56', 0);
INSERT INTO `sys_message` VALUES (426, 3, 'BOOKING_AUDIT', '新预约待审核', '申请人：王丽，设备：高效液相色谱仪，日期：2026-04-03 10:00-11:00，单号：ORD2039610954358575104。请在「预约审核」中处理。', 0, 474, 'booking_order', '2026-04-11 19:53:56', '2026-04-11 19:53:56', 0);
INSERT INTO `sys_message` VALUES (427, 14, 'BOOKING_AUDIT', '新预约待审核', '申请人：王丽，设备：高效液相色谱仪，日期：2026-04-03 10:00-11:00，单号：ORD2039610954358575104。请在「预约审核」中处理。', 0, 474, 'booking_order', '2026-04-11 19:53:56', '2026-04-11 19:53:56', 0);
INSERT INTO `sys_message` VALUES (428, 1, 'BOOKING_AUDIT', '新预约待审核', '申请人：王丽，设备：高效液相色谱仪，日期：2026-04-03 10:00-11:00，单号：ORD2039610954358575104。请在「预约审核」中处理。', 0, 474, 'booking_order', '2026-04-11 19:53:56', '2026-04-11 19:53:56', 0);
INSERT INTO `sys_message` VALUES (429, 4, 'BOOKING_AUDIT', '新预约待审核', '申请人：王丽，设备：高效液相色谱仪，日期：2026-04-03 10:00-11:00，单号：ORD2039610954358575104。请在「预约审核」中处理。', 0, 474, 'booking_order', '2026-04-11 19:53:56', '2026-04-11 19:53:56', 0);
INSERT INTO `sys_message` VALUES (430, 5, 'BOOKING_AUDIT', '新预约待审核', '申请人：王丽，设备：高效液相色谱仪，日期：2026-04-03 10:00-11:00，单号：ORD2039610954358575104。请在「预约审核」中处理。', 0, 474, 'booking_order', '2026-04-11 19:53:56', '2026-04-11 19:53:56', 0);
INSERT INTO `sys_message` VALUES (431, 6, 'BOOKING_AUDIT', '新预约待审核', '申请人：王丽，设备：高效液相色谱仪，日期：2026-04-03 10:00-11:00，单号：ORD2039610954358575104。请在「预约审核」中处理。', 0, 474, 'booking_order', '2026-04-11 19:53:56', '2026-04-11 19:53:56', 0);
INSERT INTO `sys_message` VALUES (432, 7, 'BOOKING_AUDIT', '新预约待审核', '申请人：王丽，设备：高效液相色谱仪，日期：2026-04-03 10:00-11:00，单号：ORD2039610954358575104。请在「预约审核」中处理。', 0, 474, 'booking_order', '2026-04-11 19:53:56', '2026-04-11 19:53:56', 0);
INSERT INTO `sys_message` VALUES (433, 8, 'BOOKING_AUDIT', '新预约待审核', '申请人：王丽，设备：高效液相色谱仪，日期：2026-04-03 10:00-11:00，单号：ORD2039610954358575104。请在「预约审核」中处理。', 0, 474, 'booking_order', '2026-04-11 19:53:56', '2026-04-11 19:53:56', 0);
INSERT INTO `sys_message` VALUES (434, 13, 'BOOKING_AUDIT', '新预约待审核', '申请人：王丽，设备：高效液相色谱仪，日期：2026-04-03 10:00-11:00，单号：ORD2039610954358575104。请在「预约审核」中处理。', 0, 474, 'booking_order', '2026-04-11 19:53:56', '2026-04-11 19:53:56', 0);
INSERT INTO `sys_message` VALUES (435, 108, 'BOOKING_AUDIT', '新预约待审核', '申请人：王丽，设备：高效液相色谱仪，日期：2026-04-03 10:00-11:00，单号：ORD2039610954358575104。请在「预约审核」中处理。', 0, 474, 'booking_order', '2026-04-11 19:53:56', '2026-04-11 19:53:56', 0);
INSERT INTO `sys_message` VALUES (436, 2, 'BOOKING_AUDIT', '新预约待审核', '申请人：王丽，设备：高效液相色谱仪，日期：2026-04-03 12:00-13:00，单号：ORD2039611020620189696。请在「预约审核」中处理。', 0, 475, 'booking_order', '2026-04-11 19:53:56', '2026-04-11 19:53:56', 0);
INSERT INTO `sys_message` VALUES (437, 3, 'BOOKING_AUDIT', '新预约待审核', '申请人：王丽，设备：高效液相色谱仪，日期：2026-04-03 12:00-13:00，单号：ORD2039611020620189696。请在「预约审核」中处理。', 0, 475, 'booking_order', '2026-04-11 19:53:56', '2026-04-11 19:53:56', 0);
INSERT INTO `sys_message` VALUES (438, 14, 'BOOKING_AUDIT', '新预约待审核', '申请人：王丽，设备：高效液相色谱仪，日期：2026-04-03 12:00-13:00，单号：ORD2039611020620189696。请在「预约审核」中处理。', 0, 475, 'booking_order', '2026-04-11 19:53:56', '2026-04-11 19:53:56', 0);
INSERT INTO `sys_message` VALUES (439, 1, 'BOOKING_AUDIT', '新预约待审核', '申请人：王丽，设备：高效液相色谱仪，日期：2026-04-03 12:00-13:00，单号：ORD2039611020620189696。请在「预约审核」中处理。', 0, 475, 'booking_order', '2026-04-11 19:53:56', '2026-04-11 19:53:56', 0);
INSERT INTO `sys_message` VALUES (440, 4, 'BOOKING_AUDIT', '新预约待审核', '申请人：王丽，设备：高效液相色谱仪，日期：2026-04-03 12:00-13:00，单号：ORD2039611020620189696。请在「预约审核」中处理。', 0, 475, 'booking_order', '2026-04-11 19:53:56', '2026-04-11 19:53:56', 0);
INSERT INTO `sys_message` VALUES (441, 5, 'BOOKING_AUDIT', '新预约待审核', '申请人：王丽，设备：高效液相色谱仪，日期：2026-04-03 12:00-13:00，单号：ORD2039611020620189696。请在「预约审核」中处理。', 0, 475, 'booking_order', '2026-04-11 19:53:56', '2026-04-11 19:53:56', 0);
INSERT INTO `sys_message` VALUES (442, 6, 'BOOKING_AUDIT', '新预约待审核', '申请人：王丽，设备：高效液相色谱仪，日期：2026-04-03 12:00-13:00，单号：ORD2039611020620189696。请在「预约审核」中处理。', 0, 475, 'booking_order', '2026-04-11 19:53:56', '2026-04-11 19:53:56', 0);
INSERT INTO `sys_message` VALUES (443, 7, 'BOOKING_AUDIT', '新预约待审核', '申请人：王丽，设备：高效液相色谱仪，日期：2026-04-03 12:00-13:00，单号：ORD2039611020620189696。请在「预约审核」中处理。', 0, 475, 'booking_order', '2026-04-11 19:53:56', '2026-04-11 19:53:56', 0);
INSERT INTO `sys_message` VALUES (444, 8, 'BOOKING_AUDIT', '新预约待审核', '申请人：王丽，设备：高效液相色谱仪，日期：2026-04-03 12:00-13:00，单号：ORD2039611020620189696。请在「预约审核」中处理。', 0, 475, 'booking_order', '2026-04-11 19:53:56', '2026-04-11 19:53:56', 0);
INSERT INTO `sys_message` VALUES (445, 13, 'BOOKING_AUDIT', '新预约待审核', '申请人：王丽，设备：高效液相色谱仪，日期：2026-04-03 12:00-13:00，单号：ORD2039611020620189696。请在「预约审核」中处理。', 0, 475, 'booking_order', '2026-04-11 19:53:56', '2026-04-11 19:53:56', 0);
INSERT INTO `sys_message` VALUES (446, 108, 'BOOKING_AUDIT', '新预约待审核', '申请人：王丽，设备：高效液相色谱仪，日期：2026-04-03 12:00-13:00，单号：ORD2039611020620189696。请在「预约审核」中处理。', 0, 475, 'booking_order', '2026-04-11 19:53:56', '2026-04-11 19:53:56', 0);
INSERT INTO `sys_message` VALUES (447, 2, 'BOOKING_AUDIT', '新预约待审核', '申请人：王丽，设备：高效液相色谱仪，日期：2026-04-03 13:30-14:00，单号：ORD2039611445662568448。请在「预约审核」中处理。', 0, 476, 'booking_order', '2026-04-11 19:53:56', '2026-04-11 19:53:56', 0);
INSERT INTO `sys_message` VALUES (448, 3, 'BOOKING_AUDIT', '新预约待审核', '申请人：王丽，设备：高效液相色谱仪，日期：2026-04-03 13:30-14:00，单号：ORD2039611445662568448。请在「预约审核」中处理。', 0, 476, 'booking_order', '2026-04-11 19:53:56', '2026-04-11 19:53:56', 0);
INSERT INTO `sys_message` VALUES (449, 14, 'BOOKING_AUDIT', '新预约待审核', '申请人：王丽，设备：高效液相色谱仪，日期：2026-04-03 13:30-14:00，单号：ORD2039611445662568448。请在「预约审核」中处理。', 0, 476, 'booking_order', '2026-04-11 19:53:56', '2026-04-11 19:53:56', 0);
INSERT INTO `sys_message` VALUES (450, 1, 'BOOKING_AUDIT', '新预约待审核', '申请人：王丽，设备：高效液相色谱仪，日期：2026-04-03 13:30-14:00，单号：ORD2039611445662568448。请在「预约审核」中处理。', 0, 476, 'booking_order', '2026-04-11 19:53:56', '2026-04-11 19:53:56', 0);
INSERT INTO `sys_message` VALUES (451, 4, 'BOOKING_AUDIT', '新预约待审核', '申请人：王丽，设备：高效液相色谱仪，日期：2026-04-03 13:30-14:00，单号：ORD2039611445662568448。请在「预约审核」中处理。', 0, 476, 'booking_order', '2026-04-11 19:53:56', '2026-04-11 19:53:56', 0);
INSERT INTO `sys_message` VALUES (452, 5, 'BOOKING_AUDIT', '新预约待审核', '申请人：王丽，设备：高效液相色谱仪，日期：2026-04-03 13:30-14:00，单号：ORD2039611445662568448。请在「预约审核」中处理。', 0, 476, 'booking_order', '2026-04-11 19:53:56', '2026-04-11 19:53:56', 0);
INSERT INTO `sys_message` VALUES (453, 6, 'BOOKING_AUDIT', '新预约待审核', '申请人：王丽，设备：高效液相色谱仪，日期：2026-04-03 13:30-14:00，单号：ORD2039611445662568448。请在「预约审核」中处理。', 0, 476, 'booking_order', '2026-04-11 19:53:56', '2026-04-11 19:53:56', 0);
INSERT INTO `sys_message` VALUES (454, 7, 'BOOKING_AUDIT', '新预约待审核', '申请人：王丽，设备：高效液相色谱仪，日期：2026-04-03 13:30-14:00，单号：ORD2039611445662568448。请在「预约审核」中处理。', 0, 476, 'booking_order', '2026-04-11 19:53:56', '2026-04-11 19:53:56', 0);
INSERT INTO `sys_message` VALUES (455, 8, 'BOOKING_AUDIT', '新预约待审核', '申请人：王丽，设备：高效液相色谱仪，日期：2026-04-03 13:30-14:00，单号：ORD2039611445662568448。请在「预约审核」中处理。', 0, 476, 'booking_order', '2026-04-11 19:53:56', '2026-04-11 19:53:56', 0);
INSERT INTO `sys_message` VALUES (456, 13, 'BOOKING_AUDIT', '新预约待审核', '申请人：王丽，设备：高效液相色谱仪，日期：2026-04-03 13:30-14:00，单号：ORD2039611445662568448。请在「预约审核」中处理。', 0, 476, 'booking_order', '2026-04-11 19:53:56', '2026-04-11 19:53:56', 0);
INSERT INTO `sys_message` VALUES (457, 108, 'BOOKING_AUDIT', '新预约待审核', '申请人：王丽，设备：高效液相色谱仪，日期：2026-04-03 13:30-14:00，单号：ORD2039611445662568448。请在「预约审核」中处理。', 0, 476, 'booking_order', '2026-04-11 19:53:56', '2026-04-11 19:53:56', 0);
INSERT INTO `sys_message` VALUES (458, 2, 'BOOKING_AUDIT', '新预约待审核', '申请人：王丽，设备：高效液相色谱仪，日期：2026-04-03 09:00-09:30，单号：ORD2039612589252136960。请在「预约审核」中处理。', 0, 477, 'booking_order', '2026-04-11 19:53:56', '2026-04-11 19:53:56', 0);
INSERT INTO `sys_message` VALUES (459, 3, 'BOOKING_AUDIT', '新预约待审核', '申请人：王丽，设备：高效液相色谱仪，日期：2026-04-03 09:00-09:30，单号：ORD2039612589252136960。请在「预约审核」中处理。', 0, 477, 'booking_order', '2026-04-11 19:53:56', '2026-04-11 19:53:56', 0);
INSERT INTO `sys_message` VALUES (460, 14, 'BOOKING_AUDIT', '新预约待审核', '申请人：王丽，设备：高效液相色谱仪，日期：2026-04-03 09:00-09:30，单号：ORD2039612589252136960。请在「预约审核」中处理。', 0, 477, 'booking_order', '2026-04-11 19:53:56', '2026-04-11 19:53:56', 0);
INSERT INTO `sys_message` VALUES (461, 1, 'BOOKING_AUDIT', '新预约待审核', '申请人：王丽，设备：高效液相色谱仪，日期：2026-04-03 09:00-09:30，单号：ORD2039612589252136960。请在「预约审核」中处理。', 0, 477, 'booking_order', '2026-04-11 19:53:56', '2026-04-11 19:53:56', 0);
INSERT INTO `sys_message` VALUES (462, 4, 'BOOKING_AUDIT', '新预约待审核', '申请人：王丽，设备：高效液相色谱仪，日期：2026-04-03 09:00-09:30，单号：ORD2039612589252136960。请在「预约审核」中处理。', 0, 477, 'booking_order', '2026-04-11 19:53:56', '2026-04-11 19:53:56', 0);
INSERT INTO `sys_message` VALUES (463, 5, 'BOOKING_AUDIT', '新预约待审核', '申请人：王丽，设备：高效液相色谱仪，日期：2026-04-03 09:00-09:30，单号：ORD2039612589252136960。请在「预约审核」中处理。', 0, 477, 'booking_order', '2026-04-11 19:53:56', '2026-04-11 19:53:56', 0);
INSERT INTO `sys_message` VALUES (464, 6, 'BOOKING_AUDIT', '新预约待审核', '申请人：王丽，设备：高效液相色谱仪，日期：2026-04-03 09:00-09:30，单号：ORD2039612589252136960。请在「预约审核」中处理。', 0, 477, 'booking_order', '2026-04-11 19:53:56', '2026-04-11 19:53:56', 0);
INSERT INTO `sys_message` VALUES (465, 7, 'BOOKING_AUDIT', '新预约待审核', '申请人：王丽，设备：高效液相色谱仪，日期：2026-04-03 09:00-09:30，单号：ORD2039612589252136960。请在「预约审核」中处理。', 0, 477, 'booking_order', '2026-04-11 19:53:56', '2026-04-11 19:53:56', 0);
INSERT INTO `sys_message` VALUES (466, 8, 'BOOKING_AUDIT', '新预约待审核', '申请人：王丽，设备：高效液相色谱仪，日期：2026-04-03 09:00-09:30，单号：ORD2039612589252136960。请在「预约审核」中处理。', 0, 477, 'booking_order', '2026-04-11 19:53:56', '2026-04-11 19:53:56', 0);
INSERT INTO `sys_message` VALUES (467, 13, 'BOOKING_AUDIT', '新预约待审核', '申请人：王丽，设备：高效液相色谱仪，日期：2026-04-03 09:00-09:30，单号：ORD2039612589252136960。请在「预约审核」中处理。', 0, 477, 'booking_order', '2026-04-11 19:53:56', '2026-04-11 19:53:56', 0);
INSERT INTO `sys_message` VALUES (468, 108, 'BOOKING_AUDIT', '新预约待审核', '申请人：王丽，设备：高效液相色谱仪，日期：2026-04-03 09:00-09:30，单号：ORD2039612589252136960。请在「预约审核」中处理。', 0, 477, 'booking_order', '2026-04-11 19:53:56', '2026-04-11 19:53:56', 0);
INSERT INTO `sys_message` VALUES (469, 2, 'BOOKING_AUDIT', '新预约待审核', '申请人：王丽，设备：高效液相色谱仪，日期：2026-04-03 10:00-10:30，单号：ORD2039612810233237504。请在「预约审核」中处理。', 0, 478, 'booking_order', '2026-04-11 19:53:56', '2026-04-11 19:53:56', 0);
INSERT INTO `sys_message` VALUES (470, 3, 'BOOKING_AUDIT', '新预约待审核', '申请人：王丽，设备：高效液相色谱仪，日期：2026-04-03 10:00-10:30，单号：ORD2039612810233237504。请在「预约审核」中处理。', 0, 478, 'booking_order', '2026-04-11 19:53:56', '2026-04-11 19:53:56', 0);
INSERT INTO `sys_message` VALUES (471, 14, 'BOOKING_AUDIT', '新预约待审核', '申请人：王丽，设备：高效液相色谱仪，日期：2026-04-03 10:00-10:30，单号：ORD2039612810233237504。请在「预约审核」中处理。', 0, 478, 'booking_order', '2026-04-11 19:53:56', '2026-04-11 19:53:56', 0);
INSERT INTO `sys_message` VALUES (472, 1, 'BOOKING_AUDIT', '新预约待审核', '申请人：王丽，设备：高效液相色谱仪，日期：2026-04-03 10:00-10:30，单号：ORD2039612810233237504。请在「预约审核」中处理。', 0, 478, 'booking_order', '2026-04-11 19:53:56', '2026-04-11 19:53:56', 0);
INSERT INTO `sys_message` VALUES (473, 4, 'BOOKING_AUDIT', '新预约待审核', '申请人：王丽，设备：高效液相色谱仪，日期：2026-04-03 10:00-10:30，单号：ORD2039612810233237504。请在「预约审核」中处理。', 0, 478, 'booking_order', '2026-04-11 19:53:56', '2026-04-11 19:53:56', 0);
INSERT INTO `sys_message` VALUES (474, 5, 'BOOKING_AUDIT', '新预约待审核', '申请人：王丽，设备：高效液相色谱仪，日期：2026-04-03 10:00-10:30，单号：ORD2039612810233237504。请在「预约审核」中处理。', 0, 478, 'booking_order', '2026-04-11 19:53:56', '2026-04-11 19:53:56', 0);
INSERT INTO `sys_message` VALUES (475, 6, 'BOOKING_AUDIT', '新预约待审核', '申请人：王丽，设备：高效液相色谱仪，日期：2026-04-03 10:00-10:30，单号：ORD2039612810233237504。请在「预约审核」中处理。', 0, 478, 'booking_order', '2026-04-11 19:53:56', '2026-04-11 19:53:56', 0);
INSERT INTO `sys_message` VALUES (476, 7, 'BOOKING_AUDIT', '新预约待审核', '申请人：王丽，设备：高效液相色谱仪，日期：2026-04-03 10:00-10:30，单号：ORD2039612810233237504。请在「预约审核」中处理。', 0, 478, 'booking_order', '2026-04-11 19:53:56', '2026-04-11 19:53:56', 0);
INSERT INTO `sys_message` VALUES (477, 8, 'BOOKING_AUDIT', '新预约待审核', '申请人：王丽，设备：高效液相色谱仪，日期：2026-04-03 10:00-10:30，单号：ORD2039612810233237504。请在「预约审核」中处理。', 0, 478, 'booking_order', '2026-04-11 19:53:56', '2026-04-11 19:53:56', 0);
INSERT INTO `sys_message` VALUES (478, 13, 'BOOKING_AUDIT', '新预约待审核', '申请人：王丽，设备：高效液相色谱仪，日期：2026-04-03 10:00-10:30，单号：ORD2039612810233237504。请在「预约审核」中处理。', 0, 478, 'booking_order', '2026-04-11 19:53:56', '2026-04-11 19:53:56', 0);
INSERT INTO `sys_message` VALUES (479, 108, 'BOOKING_AUDIT', '新预约待审核', '申请人：王丽，设备：高效液相色谱仪，日期：2026-04-03 10:00-10:30，单号：ORD2039612810233237504。请在「预约审核」中处理。', 0, 478, 'booking_order', '2026-04-11 19:53:56', '2026-04-11 19:53:56', 0);
INSERT INTO `sys_message` VALUES (480, 2, 'BOOKING_AUDIT', '新预约待审核', '申请人：王丽，设备：台式计算机PC-01~PC-10，日期：2026-04-03 08:00-08:30，单号：ORD2039651575840493568。请在「预约审核」中处理。', 0, 479, 'booking_order', '2026-04-11 19:53:56', '2026-04-11 19:53:56', 0);
INSERT INTO `sys_message` VALUES (481, 3, 'BOOKING_AUDIT', '新预约待审核', '申请人：王丽，设备：台式计算机PC-01~PC-10，日期：2026-04-03 08:00-08:30，单号：ORD2039651575840493568。请在「预约审核」中处理。', 0, 479, 'booking_order', '2026-04-11 19:53:56', '2026-04-11 19:53:56', 0);
INSERT INTO `sys_message` VALUES (482, 14, 'BOOKING_AUDIT', '新预约待审核', '申请人：王丽，设备：台式计算机PC-01~PC-10，日期：2026-04-03 08:00-08:30，单号：ORD2039651575840493568。请在「预约审核」中处理。', 0, 479, 'booking_order', '2026-04-11 19:53:56', '2026-04-11 19:53:56', 0);
INSERT INTO `sys_message` VALUES (483, 1, 'BOOKING_AUDIT', '新预约待审核', '申请人：王丽，设备：台式计算机PC-01~PC-10，日期：2026-04-03 08:00-08:30，单号：ORD2039651575840493568。请在「预约审核」中处理。', 0, 479, 'booking_order', '2026-04-11 19:53:56', '2026-04-11 19:53:56', 0);
INSERT INTO `sys_message` VALUES (484, 4, 'BOOKING_AUDIT', '新预约待审核', '申请人：王丽，设备：台式计算机PC-01~PC-10，日期：2026-04-03 08:00-08:30，单号：ORD2039651575840493568。请在「预约审核」中处理。', 0, 479, 'booking_order', '2026-04-11 19:53:56', '2026-04-11 19:53:56', 0);
INSERT INTO `sys_message` VALUES (485, 5, 'BOOKING_AUDIT', '新预约待审核', '申请人：王丽，设备：台式计算机PC-01~PC-10，日期：2026-04-03 08:00-08:30，单号：ORD2039651575840493568。请在「预约审核」中处理。', 0, 479, 'booking_order', '2026-04-11 19:53:56', '2026-04-11 19:53:56', 0);
INSERT INTO `sys_message` VALUES (486, 6, 'BOOKING_AUDIT', '新预约待审核', '申请人：王丽，设备：台式计算机PC-01~PC-10，日期：2026-04-03 08:00-08:30，单号：ORD2039651575840493568。请在「预约审核」中处理。', 0, 479, 'booking_order', '2026-04-11 19:53:56', '2026-04-11 19:53:56', 0);
INSERT INTO `sys_message` VALUES (487, 7, 'BOOKING_AUDIT', '新预约待审核', '申请人：王丽，设备：台式计算机PC-01~PC-10，日期：2026-04-03 08:00-08:30，单号：ORD2039651575840493568。请在「预约审核」中处理。', 0, 479, 'booking_order', '2026-04-11 19:53:56', '2026-04-11 19:53:56', 0);
INSERT INTO `sys_message` VALUES (488, 8, 'BOOKING_AUDIT', '新预约待审核', '申请人：王丽，设备：台式计算机PC-01~PC-10，日期：2026-04-03 08:00-08:30，单号：ORD2039651575840493568。请在「预约审核」中处理。', 0, 479, 'booking_order', '2026-04-11 19:53:56', '2026-04-11 19:53:56', 0);
INSERT INTO `sys_message` VALUES (489, 13, 'BOOKING_AUDIT', '新预约待审核', '申请人：王丽，设备：台式计算机PC-01~PC-10，日期：2026-04-03 08:00-08:30，单号：ORD2039651575840493568。请在「预约审核」中处理。', 0, 479, 'booking_order', '2026-04-11 19:53:56', '2026-04-11 19:53:56', 0);
INSERT INTO `sys_message` VALUES (490, 108, 'BOOKING_AUDIT', '新预约待审核', '申请人：王丽，设备：台式计算机PC-01~PC-10，日期：2026-04-03 08:00-08:30，单号：ORD2039651575840493568。请在「预约审核」中处理。', 0, 479, 'booking_order', '2026-04-11 19:53:56', '2026-04-11 19:53:56', 0);
INSERT INTO `sys_message` VALUES (491, 17, 'BOOKING_AUDIT', '预约审核通过', '您的预约申请已审核通过，设备：台式计算机PC-01~PC-10', 0, 479, 'booking_order', '2026-04-11 19:53:56', '2026-04-11 19:53:56', 0);
INSERT INTO `sys_message` VALUES (492, 2, 'BOOKING_AUDIT', '新预约待审核', '申请人：王丽，设备：高效液相色谱仪，日期：2026-04-03 14:00-14:30，单号：ORD2039652541566406656。请在「预约审核」中处理。', 0, 480, 'booking_order', '2026-04-11 19:53:56', '2026-04-11 19:53:56', 0);
INSERT INTO `sys_message` VALUES (493, 3, 'BOOKING_AUDIT', '新预约待审核', '申请人：王丽，设备：高效液相色谱仪，日期：2026-04-03 14:00-14:30，单号：ORD2039652541566406656。请在「预约审核」中处理。', 0, 480, 'booking_order', '2026-04-11 19:53:56', '2026-04-11 19:53:56', 0);
INSERT INTO `sys_message` VALUES (494, 14, 'BOOKING_AUDIT', '新预约待审核', '申请人：王丽，设备：高效液相色谱仪，日期：2026-04-03 14:00-14:30，单号：ORD2039652541566406656。请在「预约审核」中处理。', 0, 480, 'booking_order', '2026-04-11 19:53:56', '2026-04-11 19:53:56', 0);
INSERT INTO `sys_message` VALUES (495, 1, 'BOOKING_AUDIT', '新预约待审核', '申请人：王丽，设备：高效液相色谱仪，日期：2026-04-03 14:00-14:30，单号：ORD2039652541566406656。请在「预约审核」中处理。', 0, 480, 'booking_order', '2026-04-11 19:53:56', '2026-04-11 19:53:56', 0);
INSERT INTO `sys_message` VALUES (496, 4, 'BOOKING_AUDIT', '新预约待审核', '申请人：王丽，设备：高效液相色谱仪，日期：2026-04-03 14:00-14:30，单号：ORD2039652541566406656。请在「预约审核」中处理。', 0, 480, 'booking_order', '2026-04-11 19:53:56', '2026-04-11 19:53:56', 0);
INSERT INTO `sys_message` VALUES (497, 5, 'BOOKING_AUDIT', '新预约待审核', '申请人：王丽，设备：高效液相色谱仪，日期：2026-04-03 14:00-14:30，单号：ORD2039652541566406656。请在「预约审核」中处理。', 0, 480, 'booking_order', '2026-04-11 19:53:56', '2026-04-11 19:53:56', 0);
INSERT INTO `sys_message` VALUES (498, 6, 'BOOKING_AUDIT', '新预约待审核', '申请人：王丽，设备：高效液相色谱仪，日期：2026-04-03 14:00-14:30，单号：ORD2039652541566406656。请在「预约审核」中处理。', 0, 480, 'booking_order', '2026-04-11 19:53:56', '2026-04-11 19:53:56', 0);
INSERT INTO `sys_message` VALUES (499, 7, 'BOOKING_AUDIT', '新预约待审核', '申请人：王丽，设备：高效液相色谱仪，日期：2026-04-03 14:00-14:30，单号：ORD2039652541566406656。请在「预约审核」中处理。', 0, 480, 'booking_order', '2026-04-11 19:53:56', '2026-04-11 19:53:56', 0);
INSERT INTO `sys_message` VALUES (500, 8, 'BOOKING_AUDIT', '新预约待审核', '申请人：王丽，设备：高效液相色谱仪，日期：2026-04-03 14:00-14:30，单号：ORD2039652541566406656。请在「预约审核」中处理。', 0, 480, 'booking_order', '2026-04-11 19:53:56', '2026-04-11 19:53:56', 0);
INSERT INTO `sys_message` VALUES (501, 13, 'BOOKING_AUDIT', '新预约待审核', '申请人：王丽，设备：高效液相色谱仪，日期：2026-04-03 14:00-14:30，单号：ORD2039652541566406656。请在「预约审核」中处理。', 0, 480, 'booking_order', '2026-04-11 19:53:56', '2026-04-11 19:53:56', 0);
INSERT INTO `sys_message` VALUES (502, 108, 'BOOKING_AUDIT', '新预约待审核', '申请人：王丽，设备：高效液相色谱仪，日期：2026-04-03 14:00-14:30，单号：ORD2039652541566406656。请在「预约审核」中处理。', 0, 480, 'booking_order', '2026-04-11 19:53:56', '2026-04-11 19:53:56', 0);
INSERT INTO `sys_message` VALUES (503, 2, 'BOOKING_AUDIT', '新预约待审核', '申请人：王丽，设备：高效液相色谱仪，日期：2026-04-05 09:00-10:00，单号：ORD2040406377994129408。请在「预约审核」中处理。', 0, 481, 'booking_order', '2026-04-11 19:53:56', '2026-04-11 19:53:56', 0);
INSERT INTO `sys_message` VALUES (504, 3, 'BOOKING_AUDIT', '新预约待审核', '申请人：王丽，设备：高效液相色谱仪，日期：2026-04-05 09:00-10:00，单号：ORD2040406377994129408。请在「预约审核」中处理。', 0, 481, 'booking_order', '2026-04-11 19:53:56', '2026-04-11 19:53:56', 0);
INSERT INTO `sys_message` VALUES (505, 14, 'BOOKING_AUDIT', '新预约待审核', '申请人：王丽，设备：高效液相色谱仪，日期：2026-04-05 09:00-10:00，单号：ORD2040406377994129408。请在「预约审核」中处理。', 0, 481, 'booking_order', '2026-04-11 19:53:56', '2026-04-11 19:53:56', 0);
INSERT INTO `sys_message` VALUES (506, 1, 'BOOKING_AUDIT', '新预约待审核', '申请人：王丽，设备：高效液相色谱仪，日期：2026-04-05 09:00-10:00，单号：ORD2040406377994129408。请在「预约审核」中处理。', 0, 481, 'booking_order', '2026-04-11 19:53:56', '2026-04-11 19:53:56', 0);
INSERT INTO `sys_message` VALUES (507, 4, 'BOOKING_AUDIT', '新预约待审核', '申请人：王丽，设备：高效液相色谱仪，日期：2026-04-05 09:00-10:00，单号：ORD2040406377994129408。请在「预约审核」中处理。', 0, 481, 'booking_order', '2026-04-11 19:53:56', '2026-04-11 19:53:56', 0);
INSERT INTO `sys_message` VALUES (508, 5, 'BOOKING_AUDIT', '新预约待审核', '申请人：王丽，设备：高效液相色谱仪，日期：2026-04-05 09:00-10:00，单号：ORD2040406377994129408。请在「预约审核」中处理。', 0, 481, 'booking_order', '2026-04-11 19:53:56', '2026-04-11 19:53:56', 0);
INSERT INTO `sys_message` VALUES (509, 6, 'BOOKING_AUDIT', '新预约待审核', '申请人：王丽，设备：高效液相色谱仪，日期：2026-04-05 09:00-10:00，单号：ORD2040406377994129408。请在「预约审核」中处理。', 0, 481, 'booking_order', '2026-04-11 19:53:56', '2026-04-11 19:53:56', 0);
INSERT INTO `sys_message` VALUES (510, 7, 'BOOKING_AUDIT', '新预约待审核', '申请人：王丽，设备：高效液相色谱仪，日期：2026-04-05 09:00-10:00，单号：ORD2040406377994129408。请在「预约审核」中处理。', 0, 481, 'booking_order', '2026-04-11 19:53:56', '2026-04-11 19:53:56', 0);
INSERT INTO `sys_message` VALUES (511, 8, 'BOOKING_AUDIT', '新预约待审核', '申请人：王丽，设备：高效液相色谱仪，日期：2026-04-05 09:00-10:00，单号：ORD2040406377994129408。请在「预约审核」中处理。', 0, 481, 'booking_order', '2026-04-11 19:53:56', '2026-04-11 19:53:56', 0);
INSERT INTO `sys_message` VALUES (512, 13, 'BOOKING_AUDIT', '新预约待审核', '申请人：王丽，设备：高效液相色谱仪，日期：2026-04-05 09:00-10:00，单号：ORD2040406377994129408。请在「预约审核」中处理。', 0, 481, 'booking_order', '2026-04-11 19:53:56', '2026-04-11 19:53:56', 0);
INSERT INTO `sys_message` VALUES (513, 108, 'BOOKING_AUDIT', '新预约待审核', '申请人：王丽，设备：高效液相色谱仪，日期：2026-04-05 09:00-10:00，单号：ORD2040406377994129408。请在「预约审核」中处理。', 0, 481, 'booking_order', '2026-04-11 19:53:56', '2026-04-11 19:53:56', 0);
INSERT INTO `sys_message` VALUES (514, 19, 'REPAIR_ASSIGN', '系统自动分配工单', '系统自动分配给您一项维修工单，请及时处理。\n设备：高效液相色谱仪\n报修人：刘毅\n故障描述：测试\n工单编号：WO2040406962894016512', 0, 17, 'repair_order', '2026-04-11 19:53:56', '2026-04-11 19:53:56', 0);
INSERT INTO `sys_message` VALUES (515, 18, 'REPAIR_ASSIGN', '工单处理完成', '您报修的设备（高效液相色谱仪）已维修完成，请前往确认。故障原因：测试，解决方案：测试', 0, 17, 'repair_order', '2026-04-11 19:53:56', '2026-04-11 19:53:56', 0);
INSERT INTO `sys_message` VALUES (516, 2, 'BOOKING_AUDIT', '新预约待审核', '申请人：罗海维，设备：分析天平BSA124S，日期：2026-04-05 18:00-18:30，单号：ORD2040448654183501824。请在「预约审核」中处理。', 0, 482, 'booking_order', '2026-04-11 19:53:56', '2026-04-11 19:53:56', 0);
INSERT INTO `sys_message` VALUES (517, 3, 'BOOKING_AUDIT', '新预约待审核', '申请人：罗海维，设备：分析天平BSA124S，日期：2026-04-05 18:00-18:30，单号：ORD2040448654183501824。请在「预约审核」中处理。', 0, 482, 'booking_order', '2026-04-11 19:53:56', '2026-04-11 19:53:56', 0);
INSERT INTO `sys_message` VALUES (518, 14, 'BOOKING_AUDIT', '新预约待审核', '申请人：罗海维，设备：分析天平BSA124S，日期：2026-04-05 18:00-18:30，单号：ORD2040448654183501824。请在「预约审核」中处理。', 0, 482, 'booking_order', '2026-04-11 19:53:56', '2026-04-11 19:53:56', 0);
INSERT INTO `sys_message` VALUES (519, 1, 'BOOKING_AUDIT', '预约审核通过', '您的预约申请已审核通过，设备：分析天平BSA124S', 0, 482, 'booking_order', '2026-04-11 19:53:56', '2026-04-11 19:53:56', 0);
INSERT INTO `sys_message` VALUES (520, 3, 'BOOKING_AUDIT', '新预约待审核', '申请人：张志明，设备：测试，日期：2026-04-05 15:00-15:30，单号：ORD2040448940495081472。请在「预约审核」中处理。', 0, 483, 'booking_order', '2026-04-11 19:53:56', '2026-04-11 19:53:56', 0);
INSERT INTO `sys_message` VALUES (521, 14, 'BOOKING_AUDIT', '新预约待审核', '申请人：张志明，设备：测试，日期：2026-04-05 15:00-15:30，单号：ORD2040448940495081472。请在「预约审核」中处理。', 0, 483, 'booking_order', '2026-04-11 19:53:56', '2026-04-11 19:53:56', 0);
INSERT INTO `sys_message` VALUES (522, 1, 'BOOKING_AUDIT', '新预约待审核', '申请人：张志明，设备：测试，日期：2026-04-05 15:00-15:30，单号：ORD2040448940495081472。请在「预约审核」中处理。', 0, 483, 'booking_order', '2026-04-11 19:53:56', '2026-04-11 19:53:56', 0);
INSERT INTO `sys_message` VALUES (523, 2, 'BOOKING_AUDIT', '预约审核通过', '您的预约申请已审核通过，设备：测试', 0, 483, 'booking_order', '2026-04-11 19:53:56', '2026-04-11 19:53:56', 0);
INSERT INTO `sys_message` VALUES (524, 3, 'BOOKING_AUDIT', '新预约待审核', '申请人：张志明，设备：高速冷冻离心机5810R，日期：2026-04-06 15:00-15:30，单号：ORD2040449168891711488。请在「预约审核」中处理。', 0, 484, 'booking_order', '2026-04-11 19:53:56', '2026-04-11 19:53:56', 0);
INSERT INTO `sys_message` VALUES (525, 14, 'BOOKING_AUDIT', '新预约待审核', '申请人：张志明，设备：高速冷冻离心机5810R，日期：2026-04-06 15:00-15:30，单号：ORD2040449168891711488。请在「预约审核」中处理。', 0, 484, 'booking_order', '2026-04-11 19:53:56', '2026-04-11 19:53:56', 0);
INSERT INTO `sys_message` VALUES (526, 1, 'BOOKING_AUDIT', '新预约待审核', '申请人：张志明，设备：高速冷冻离心机5810R，日期：2026-04-06 15:00-15:30，单号：ORD2040449168891711488。请在「预约审核」中处理。', 0, 484, 'booking_order', '2026-04-11 19:53:56', '2026-04-11 19:53:56', 0);
INSERT INTO `sys_message` VALUES (527, 2, 'CALIBRATION_REMIND', '设备校准到期提醒', '设备「全自动核酸提取仪NA-1280」（编号：NA-001）将于 2 天后（2026-04-07）到期校准，请及时安排校准工作。', 0, 83, 'device_info', '2026-04-11 19:53:56', '2026-04-11 19:53:56', 0);
INSERT INTO `sys_message` VALUES (528, 3, 'CALIBRATION_REMIND', '设备校准到期提醒', '设备「全自动核酸提取仪NA-1280」（编号：NA-001）将于 2 天后（2026-04-07）到期校准，请及时安排校准工作。', 0, 83, 'device_info', '2026-04-11 19:53:56', '2026-04-11 19:53:56', 0);
INSERT INTO `sys_message` VALUES (529, 14, 'CALIBRATION_REMIND', '设备校准到期提醒', '设备「全自动核酸提取仪NA-1280」（编号：NA-001）将于 2 天后（2026-04-07）到期校准，请及时安排校准工作。', 0, 83, 'device_info', '2026-04-11 19:53:56', '2026-04-11 19:53:56', 0);
INSERT INTO `sys_message` VALUES (530, 2, 'CALIBRATION_REMIND', '设备校准到期提醒', '设备「CSCS3」（编号：CSCSCS3）将于 0 天后（2026-04-05）到期校准，请及时安排校准工作。', 0, 106, 'device_info', '2026-04-11 19:53:56', '2026-04-11 19:53:56', 0);
INSERT INTO `sys_message` VALUES (531, 3, 'CALIBRATION_REMIND', '设备校准到期提醒', '设备「CSCS3」（编号：CSCSCS3）将于 0 天后（2026-04-05）到期校准，请及时安排校准工作。', 0, 106, 'device_info', '2026-04-11 19:53:56', '2026-04-11 19:53:56', 0);
INSERT INTO `sys_message` VALUES (532, 14, 'CALIBRATION_REMIND', '设备校准到期提醒', '设备「CSCS3」（编号：CSCSCS3）将于 0 天后（2026-04-05）到期校准，请及时安排校准工作。', 0, 106, 'device_info', '2026-04-11 19:53:56', '2026-04-11 19:53:56', 0);
INSERT INTO `sys_message` VALUES (533, 2, 'CALIBRATION_REMIND', '设备校准到期提醒', '设备「紫外可见分光光度计UV-1800」（编号：SPEC-001）将于 6 天后（2026-04-15）到期校准，请及时安排校准工作。', 0, 40, 'device_info', '2026-04-11 19:53:56', '2026-04-11 19:53:56', 0);
INSERT INTO `sys_message` VALUES (534, 3, 'CALIBRATION_REMIND', '设备校准到期提醒', '设备「紫外可见分光光度计UV-1800」（编号：SPEC-001）将于 6 天后（2026-04-15）到期校准，请及时安排校准工作。', 0, 40, 'device_info', '2026-04-11 19:53:56', '2026-04-11 19:53:56', 0);
INSERT INTO `sys_message` VALUES (535, 14, 'CALIBRATION_REMIND', '设备校准到期提醒', '设备「紫外可见分光光度计UV-1800」（编号：SPEC-001）将于 6 天后（2026-04-15）到期校准，请及时安排校准工作。', 0, 40, 'device_info', '2026-04-11 19:53:56', '2026-04-11 19:53:56', 0);
INSERT INTO `sys_message` VALUES (536, 19, 'REPAIR_ASSIGN', '系统自动分配工单', '系统自动分配给您一项维修工单，请及时处理。\n设备：测试\n报修人：罗海维\n故障描述：菜市场\n工单编号：WO2041952401556615168', 0, 18, 'repair_order', '2026-04-11 19:53:56', '2026-04-11 19:53:56', 0);
INSERT INTO `sys_message` VALUES (537, 2, 'BOOKING_AUDIT', '新预约待审核', '申请人：张三，设备：光学显微镜OM-2000，日期：2026-04-12 08:00-08:30，单号：ORD2042290105494380544。请在「预约审核」中处理。', 0, 485, 'booking_order', '2026-04-11 19:53:56', '2026-04-11 19:53:56', 0);
INSERT INTO `sys_message` VALUES (538, 3, 'BOOKING_AUDIT', '新预约待审核', '申请人：张三，设备：光学显微镜OM-2000，日期：2026-04-12 08:00-08:30，单号：ORD2042290105494380544。请在「预约审核」中处理。', 0, 485, 'booking_order', '2026-04-11 19:53:56', '2026-04-11 19:53:56', 0);
INSERT INTO `sys_message` VALUES (539, 14, 'BOOKING_AUDIT', '新预约待审核', '申请人：张三，设备：光学显微镜OM-2000，日期：2026-04-12 08:00-08:30，单号：ORD2042290105494380544。请在「预约审核」中处理。', 0, 485, 'booking_order', '2026-04-11 19:53:56', '2026-04-11 19:53:56', 0);
INSERT INTO `sys_message` VALUES (540, 1, 'BOOKING_AUDIT', '新预约待审核', '申请人：张三，设备：光学显微镜OM-2000，日期：2026-04-12 08:00-08:30，单号：ORD2042290105494380544。请在「预约审核」中处理。', 0, 485, 'booking_order', '2026-04-11 19:53:56', '2026-04-11 19:53:56', 0);
INSERT INTO `sys_message` VALUES (541, 4, 'BOOKING_AUDIT', '新预约待审核', '申请人：张三，设备：光学显微镜OM-2000，日期：2026-04-12 08:00-08:30，单号：ORD2042290105494380544。请在「预约审核」中处理。', 0, 485, 'booking_order', '2026-04-11 19:53:56', '2026-04-11 19:53:56', 0);
INSERT INTO `sys_message` VALUES (542, 5, 'BOOKING_AUDIT', '新预约待审核', '申请人：张三，设备：光学显微镜OM-2000，日期：2026-04-12 08:00-08:30，单号：ORD2042290105494380544。请在「预约审核」中处理。', 0, 485, 'booking_order', '2026-04-11 19:53:56', '2026-04-11 19:53:56', 0);
INSERT INTO `sys_message` VALUES (543, 6, 'BOOKING_AUDIT', '新预约待审核', '申请人：张三，设备：光学显微镜OM-2000，日期：2026-04-12 08:00-08:30，单号：ORD2042290105494380544。请在「预约审核」中处理。', 0, 485, 'booking_order', '2026-04-11 19:53:56', '2026-04-11 19:53:56', 0);
INSERT INTO `sys_message` VALUES (544, 7, 'BOOKING_AUDIT', '新预约待审核', '申请人：张三，设备：光学显微镜OM-2000，日期：2026-04-12 08:00-08:30，单号：ORD2042290105494380544。请在「预约审核」中处理。', 0, 485, 'booking_order', '2026-04-11 19:53:56', '2026-04-11 19:53:56', 0);
INSERT INTO `sys_message` VALUES (545, 8, 'BOOKING_AUDIT', '新预约待审核', '申请人：张三，设备：光学显微镜OM-2000，日期：2026-04-12 08:00-08:30，单号：ORD2042290105494380544。请在「预约审核」中处理。', 0, 485, 'booking_order', '2026-04-11 19:53:56', '2026-04-11 19:53:56', 0);
INSERT INTO `sys_message` VALUES (546, 13, 'BOOKING_AUDIT', '新预约待审核', '申请人：张三，设备：光学显微镜OM-2000，日期：2026-04-12 08:00-08:30，单号：ORD2042290105494380544。请在「预约审核」中处理。', 0, 485, 'booking_order', '2026-04-11 19:53:56', '2026-04-11 19:53:56', 0);
INSERT INTO `sys_message` VALUES (547, 2, 'BOOKING_AUDIT', '新预约待审核', '申请人：张三，设备：光学显微镜OM-2000，日期：2026-04-12 08:00-08:30，单号：ORD2042291203282149376。请在「预约审核」中处理。', 0, 486, 'booking_order', '2026-04-11 19:53:56', '2026-04-11 19:53:56', 0);
INSERT INTO `sys_message` VALUES (548, 3, 'BOOKING_AUDIT', '新预约待审核', '申请人：张三，设备：光学显微镜OM-2000，日期：2026-04-12 08:00-08:30，单号：ORD2042291203282149376。请在「预约审核」中处理。', 0, 486, 'booking_order', '2026-04-11 19:53:56', '2026-04-11 19:53:56', 0);
INSERT INTO `sys_message` VALUES (549, 14, 'BOOKING_AUDIT', '新预约待审核', '申请人：张三，设备：光学显微镜OM-2000，日期：2026-04-12 08:00-08:30，单号：ORD2042291203282149376。请在「预约审核」中处理。', 0, 486, 'booking_order', '2026-04-11 19:53:56', '2026-04-11 19:53:56', 0);
INSERT INTO `sys_message` VALUES (550, 1, 'BOOKING_AUDIT', '新预约待审核', '申请人：张三，设备：光学显微镜OM-2000，日期：2026-04-12 08:00-08:30，单号：ORD2042291203282149376。请在「预约审核」中处理。', 0, 486, 'booking_order', '2026-04-11 19:53:56', '2026-04-11 19:53:56', 0);
INSERT INTO `sys_message` VALUES (551, 4, 'BOOKING_AUDIT', '新预约待审核', '申请人：张三，设备：光学显微镜OM-2000，日期：2026-04-12 08:00-08:30，单号：ORD2042291203282149376。请在「预约审核」中处理。', 0, 486, 'booking_order', '2026-04-11 19:53:56', '2026-04-11 19:53:56', 0);
INSERT INTO `sys_message` VALUES (552, 5, 'BOOKING_AUDIT', '新预约待审核', '申请人：张三，设备：光学显微镜OM-2000，日期：2026-04-12 08:00-08:30，单号：ORD2042291203282149376。请在「预约审核」中处理。', 0, 486, 'booking_order', '2026-04-11 19:53:56', '2026-04-11 19:53:56', 0);
INSERT INTO `sys_message` VALUES (553, 6, 'BOOKING_AUDIT', '新预约待审核', '申请人：张三，设备：光学显微镜OM-2000，日期：2026-04-12 08:00-08:30，单号：ORD2042291203282149376。请在「预约审核」中处理。', 0, 486, 'booking_order', '2026-04-11 19:53:56', '2026-04-11 19:53:56', 0);
INSERT INTO `sys_message` VALUES (554, 7, 'BOOKING_AUDIT', '新预约待审核', '申请人：张三，设备：光学显微镜OM-2000，日期：2026-04-12 08:00-08:30，单号：ORD2042291203282149376。请在「预约审核」中处理。', 0, 486, 'booking_order', '2026-04-11 19:53:56', '2026-04-11 19:53:56', 0);
INSERT INTO `sys_message` VALUES (555, 8, 'BOOKING_AUDIT', '新预约待审核', '申请人：张三，设备：光学显微镜OM-2000，日期：2026-04-12 08:00-08:30，单号：ORD2042291203282149376。请在「预约审核」中处理。', 0, 486, 'booking_order', '2026-04-11 19:53:56', '2026-04-11 19:53:56', 0);
INSERT INTO `sys_message` VALUES (556, 13, 'BOOKING_AUDIT', '新预约待审核', '申请人：张三，设备：光学显微镜OM-2000，日期：2026-04-12 08:00-08:30，单号：ORD2042291203282149376。请在「预约审核」中处理。', 0, 486, 'booking_order', '2026-04-11 19:53:56', '2026-04-11 19:53:56', 0);
INSERT INTO `sys_message` VALUES (557, 9, 'BOOKING_AUDIT', '预约审核通过', '您的预约申请已审核通过，设备：光学显微镜OM-2000', 0, 486, 'booking_order', '2026-04-11 19:53:56', '2026-04-11 19:53:56', 0);
INSERT INTO `sys_message` VALUES (558, 2, 'BOOKING_AUDIT', '新预约待审核', '申请人：张三，设备：光学显微镜OM-2000，日期：2026-04-11 18:00-18:30，单号：ORD2042295129192636416。请在「预约审核」中处理。', 0, 487, 'booking_order', '2026-04-11 19:53:56', '2026-04-11 19:53:56', 0);
INSERT INTO `sys_message` VALUES (559, 3, 'BOOKING_AUDIT', '新预约待审核', '申请人：张三，设备：光学显微镜OM-2000，日期：2026-04-11 18:00-18:30，单号：ORD2042295129192636416。请在「预约审核」中处理。', 0, 487, 'booking_order', '2026-04-11 19:53:56', '2026-04-11 19:53:56', 0);
INSERT INTO `sys_message` VALUES (560, 14, 'BOOKING_AUDIT', '新预约待审核', '申请人：张三，设备：光学显微镜OM-2000，日期：2026-04-11 18:00-18:30，单号：ORD2042295129192636416。请在「预约审核」中处理。', 0, 487, 'booking_order', '2026-04-11 19:53:56', '2026-04-11 19:53:56', 0);
INSERT INTO `sys_message` VALUES (561, 1, 'BOOKING_AUDIT', '新预约待审核', '申请人：张三，设备：光学显微镜OM-2000，日期：2026-04-11 18:00-18:30，单号：ORD2042295129192636416。请在「预约审核」中处理。', 0, 487, 'booking_order', '2026-04-11 19:53:56', '2026-04-11 19:53:56', 0);
INSERT INTO `sys_message` VALUES (562, 4, 'BOOKING_AUDIT', '新预约待审核', '申请人：张三，设备：光学显微镜OM-2000，日期：2026-04-11 18:00-18:30，单号：ORD2042295129192636416。请在「预约审核」中处理。', 0, 487, 'booking_order', '2026-04-11 19:53:56', '2026-04-11 19:53:56', 0);
INSERT INTO `sys_message` VALUES (563, 5, 'BOOKING_AUDIT', '新预约待审核', '申请人：张三，设备：光学显微镜OM-2000，日期：2026-04-11 18:00-18:30，单号：ORD2042295129192636416。请在「预约审核」中处理。', 0, 487, 'booking_order', '2026-04-11 19:53:56', '2026-04-11 19:53:56', 0);
INSERT INTO `sys_message` VALUES (564, 6, 'BOOKING_AUDIT', '新预约待审核', '申请人：张三，设备：光学显微镜OM-2000，日期：2026-04-11 18:00-18:30，单号：ORD2042295129192636416。请在「预约审核」中处理。', 0, 487, 'booking_order', '2026-04-11 19:53:56', '2026-04-11 19:53:56', 0);
INSERT INTO `sys_message` VALUES (565, 7, 'BOOKING_AUDIT', '新预约待审核', '申请人：张三，设备：光学显微镜OM-2000，日期：2026-04-11 18:00-18:30，单号：ORD2042295129192636416。请在「预约审核」中处理。', 0, 487, 'booking_order', '2026-04-11 19:53:56', '2026-04-11 19:53:56', 0);
INSERT INTO `sys_message` VALUES (566, 8, 'BOOKING_AUDIT', '新预约待审核', '申请人：张三，设备：光学显微镜OM-2000，日期：2026-04-11 18:00-18:30，单号：ORD2042295129192636416。请在「预约审核」中处理。', 0, 487, 'booking_order', '2026-04-11 19:53:56', '2026-04-11 19:53:56', 0);
INSERT INTO `sys_message` VALUES (567, 13, 'BOOKING_AUDIT', '新预约待审核', '申请人：张三，设备：光学显微镜OM-2000，日期：2026-04-11 18:00-18:30，单号：ORD2042295129192636416。请在「预约审核」中处理。', 0, 487, 'booking_order', '2026-04-11 19:53:56', '2026-04-11 19:53:56', 0);
INSERT INTO `sys_message` VALUES (568, 9, 'BOOKING_AUDIT', '预约审核通过', '您的预约申请已审核通过，设备：光学显微镜OM-2000', 0, 487, 'booking_order', '2026-04-11 19:53:56', '2026-04-11 19:53:56', 0);
INSERT INTO `sys_message` VALUES (569, 2, 'BOOKING_AUDIT', '新预约待审核', '申请人：张三，设备：光学显微镜OM-2000，日期：2026-04-13 09:00-09:30，单号：ORD2042295977507409920。请在「预约审核」中处理。', 0, 488, 'booking_order', '2026-04-11 19:53:56', '2026-04-11 19:53:56', 0);
INSERT INTO `sys_message` VALUES (570, 3, 'BOOKING_AUDIT', '新预约待审核', '申请人：张三，设备：光学显微镜OM-2000，日期：2026-04-13 09:00-09:30，单号：ORD2042295977507409920。请在「预约审核」中处理。', 0, 488, 'booking_order', '2026-04-11 19:53:56', '2026-04-11 19:53:56', 0);
INSERT INTO `sys_message` VALUES (571, 14, 'BOOKING_AUDIT', '新预约待审核', '申请人：张三，设备：光学显微镜OM-2000，日期：2026-04-13 09:00-09:30，单号：ORD2042295977507409920。请在「预约审核」中处理。', 0, 488, 'booking_order', '2026-04-11 19:53:56', '2026-04-11 19:53:56', 0);
INSERT INTO `sys_message` VALUES (572, 1, 'BOOKING_AUDIT', '新预约待审核', '申请人：张三，设备：光学显微镜OM-2000，日期：2026-04-13 09:00-09:30，单号：ORD2042295977507409920。请在「预约审核」中处理。', 0, 488, 'booking_order', '2026-04-11 19:53:56', '2026-04-11 19:53:56', 0);
INSERT INTO `sys_message` VALUES (573, 4, 'BOOKING_AUDIT', '新预约待审核', '申请人：张三，设备：光学显微镜OM-2000，日期：2026-04-13 09:00-09:30，单号：ORD2042295977507409920。请在「预约审核」中处理。', 0, 488, 'booking_order', '2026-04-11 19:53:56', '2026-04-11 19:53:56', 0);
INSERT INTO `sys_message` VALUES (574, 5, 'BOOKING_AUDIT', '新预约待审核', '申请人：张三，设备：光学显微镜OM-2000，日期：2026-04-13 09:00-09:30，单号：ORD2042295977507409920。请在「预约审核」中处理。', 0, 488, 'booking_order', '2026-04-11 19:53:56', '2026-04-11 19:53:56', 0);
INSERT INTO `sys_message` VALUES (575, 6, 'BOOKING_AUDIT', '新预约待审核', '申请人：张三，设备：光学显微镜OM-2000，日期：2026-04-13 09:00-09:30，单号：ORD2042295977507409920。请在「预约审核」中处理。', 0, 488, 'booking_order', '2026-04-11 19:53:56', '2026-04-11 19:53:56', 0);
INSERT INTO `sys_message` VALUES (576, 7, 'BOOKING_AUDIT', '新预约待审核', '申请人：张三，设备：光学显微镜OM-2000，日期：2026-04-13 09:00-09:30，单号：ORD2042295977507409920。请在「预约审核」中处理。', 0, 488, 'booking_order', '2026-04-11 19:53:56', '2026-04-11 19:53:56', 0);
INSERT INTO `sys_message` VALUES (577, 8, 'BOOKING_AUDIT', '新预约待审核', '申请人：张三，设备：光学显微镜OM-2000，日期：2026-04-13 09:00-09:30，单号：ORD2042295977507409920。请在「预约审核」中处理。', 0, 488, 'booking_order', '2026-04-11 19:53:56', '2026-04-11 19:53:56', 0);
INSERT INTO `sys_message` VALUES (578, 13, 'BOOKING_AUDIT', '新预约待审核', '申请人：张三，设备：光学显微镜OM-2000，日期：2026-04-13 09:00-09:30，单号：ORD2042295977507409920。请在「预约审核」中处理。', 0, 488, 'booking_order', '2026-04-11 19:53:56', '2026-04-11 19:53:56', 0);
INSERT INTO `sys_message` VALUES (579, 9, 'BOOKING_AUDIT', '预约审核通过', '您的预约申请已审核通过，设备：光学显微镜OM-2000', 0, 488, 'booking_order', '2026-04-11 19:53:56', '2026-04-11 19:53:56', 0);
INSERT INTO `sys_message` VALUES (580, 2, 'BOOKING_AUDIT', '新预约待审核', '申请人：张三，设备：光学显微镜OM-2000，日期：2026-04-12 12:00-12:30，单号：ORD2042297096082149376。请在「预约审核」中处理。', 0, 489, 'booking_order', '2026-04-11 19:53:56', '2026-04-11 19:53:56', 0);
INSERT INTO `sys_message` VALUES (581, 3, 'BOOKING_AUDIT', '新预约待审核', '申请人：张三，设备：光学显微镜OM-2000，日期：2026-04-12 12:00-12:30，单号：ORD2042297096082149376。请在「预约审核」中处理。', 0, 489, 'booking_order', '2026-04-11 19:53:56', '2026-04-11 19:53:56', 0);
INSERT INTO `sys_message` VALUES (582, 14, 'BOOKING_AUDIT', '新预约待审核', '申请人：张三，设备：光学显微镜OM-2000，日期：2026-04-12 12:00-12:30，单号：ORD2042297096082149376。请在「预约审核」中处理。', 0, 489, 'booking_order', '2026-04-11 19:53:56', '2026-04-11 19:53:56', 0);
INSERT INTO `sys_message` VALUES (583, 1, 'BOOKING_AUDIT', '新预约待审核', '申请人：张三，设备：光学显微镜OM-2000，日期：2026-04-12 12:00-12:30，单号：ORD2042297096082149376。请在「预约审核」中处理。', 0, 489, 'booking_order', '2026-04-11 19:53:56', '2026-04-11 19:53:56', 0);
INSERT INTO `sys_message` VALUES (584, 4, 'BOOKING_AUDIT', '新预约待审核', '申请人：张三，设备：光学显微镜OM-2000，日期：2026-04-12 12:00-12:30，单号：ORD2042297096082149376。请在「预约审核」中处理。', 0, 489, 'booking_order', '2026-04-11 19:53:56', '2026-04-11 19:53:56', 0);
INSERT INTO `sys_message` VALUES (585, 5, 'BOOKING_AUDIT', '新预约待审核', '申请人：张三，设备：光学显微镜OM-2000，日期：2026-04-12 12:00-12:30，单号：ORD2042297096082149376。请在「预约审核」中处理。', 0, 489, 'booking_order', '2026-04-11 19:53:56', '2026-04-11 19:53:56', 0);
INSERT INTO `sys_message` VALUES (586, 6, 'BOOKING_AUDIT', '新预约待审核', '申请人：张三，设备：光学显微镜OM-2000，日期：2026-04-12 12:00-12:30，单号：ORD2042297096082149376。请在「预约审核」中处理。', 0, 489, 'booking_order', '2026-04-11 19:53:56', '2026-04-11 19:53:56', 0);
INSERT INTO `sys_message` VALUES (587, 7, 'BOOKING_AUDIT', '新预约待审核', '申请人：张三，设备：光学显微镜OM-2000，日期：2026-04-12 12:00-12:30，单号：ORD2042297096082149376。请在「预约审核」中处理。', 0, 489, 'booking_order', '2026-04-11 19:53:56', '2026-04-11 19:53:56', 0);
INSERT INTO `sys_message` VALUES (588, 8, 'BOOKING_AUDIT', '新预约待审核', '申请人：张三，设备：光学显微镜OM-2000，日期：2026-04-12 12:00-12:30，单号：ORD2042297096082149376。请在「预约审核」中处理。', 0, 489, 'booking_order', '2026-04-11 19:53:56', '2026-04-11 19:53:56', 0);
INSERT INTO `sys_message` VALUES (589, 13, 'BOOKING_AUDIT', '新预约待审核', '申请人：张三，设备：光学显微镜OM-2000，日期：2026-04-12 12:00-12:30，单号：ORD2042297096082149376。请在「预约审核」中处理。', 0, 489, 'booking_order', '2026-04-11 19:53:56', '2026-04-11 19:53:56', 0);
INSERT INTO `sys_message` VALUES (590, 9, 'BOOKING_AUDIT', '预约审核通过', '您的预约申请已审核通过，设备：光学显微镜OM-2000', 0, 489, 'booking_order', '2026-04-11 19:53:56', '2026-04-11 19:53:56', 0);
INSERT INTO `sys_message` VALUES (591, 2, 'BOOKING_AUDIT', '新预约待审核', '申请人：张三，设备：光学显微镜OM-2000，日期：2026-04-12 18:00-18:30，单号：ORD2042297538379894784。请在「预约审核」中处理。', 0, 490, 'booking_order', '2026-04-11 19:53:56', '2026-04-11 19:53:56', 0);
INSERT INTO `sys_message` VALUES (592, 3, 'BOOKING_AUDIT', '新预约待审核', '申请人：张三，设备：光学显微镜OM-2000，日期：2026-04-12 18:00-18:30，单号：ORD2042297538379894784。请在「预约审核」中处理。', 0, 490, 'booking_order', '2026-04-11 19:53:56', '2026-04-11 19:53:56', 0);
INSERT INTO `sys_message` VALUES (593, 14, 'BOOKING_AUDIT', '新预约待审核', '申请人：张三，设备：光学显微镜OM-2000，日期：2026-04-12 18:00-18:30，单号：ORD2042297538379894784。请在「预约审核」中处理。', 0, 490, 'booking_order', '2026-04-11 19:53:56', '2026-04-11 19:53:56', 0);
INSERT INTO `sys_message` VALUES (594, 1, 'BOOKING_AUDIT', '新预约待审核', '申请人：张三，设备：光学显微镜OM-2000，日期：2026-04-12 18:00-18:30，单号：ORD2042297538379894784。请在「预约审核」中处理。', 0, 490, 'booking_order', '2026-04-11 19:53:56', '2026-04-11 19:53:56', 0);
INSERT INTO `sys_message` VALUES (595, 4, 'BOOKING_AUDIT', '新预约待审核', '申请人：张三，设备：光学显微镜OM-2000，日期：2026-04-12 18:00-18:30，单号：ORD2042297538379894784。请在「预约审核」中处理。', 0, 490, 'booking_order', '2026-04-11 19:53:56', '2026-04-11 19:53:56', 0);
INSERT INTO `sys_message` VALUES (596, 5, 'BOOKING_AUDIT', '新预约待审核', '申请人：张三，设备：光学显微镜OM-2000，日期：2026-04-12 18:00-18:30，单号：ORD2042297538379894784。请在「预约审核」中处理。', 0, 490, 'booking_order', '2026-04-11 19:53:56', '2026-04-11 19:53:56', 0);
INSERT INTO `sys_message` VALUES (597, 6, 'BOOKING_AUDIT', '新预约待审核', '申请人：张三，设备：光学显微镜OM-2000，日期：2026-04-12 18:00-18:30，单号：ORD2042297538379894784。请在「预约审核」中处理。', 0, 490, 'booking_order', '2026-04-11 19:53:56', '2026-04-11 19:53:56', 0);
INSERT INTO `sys_message` VALUES (598, 7, 'BOOKING_AUDIT', '新预约待审核', '申请人：张三，设备：光学显微镜OM-2000，日期：2026-04-12 18:00-18:30，单号：ORD2042297538379894784。请在「预约审核」中处理。', 0, 490, 'booking_order', '2026-04-11 19:53:56', '2026-04-11 19:53:56', 0);
INSERT INTO `sys_message` VALUES (599, 8, 'BOOKING_AUDIT', '新预约待审核', '申请人：张三，设备：光学显微镜OM-2000，日期：2026-04-12 18:00-18:30，单号：ORD2042297538379894784。请在「预约审核」中处理。', 0, 490, 'booking_order', '2026-04-11 19:53:56', '2026-04-11 19:53:56', 0);
INSERT INTO `sys_message` VALUES (600, 13, 'BOOKING_AUDIT', '新预约待审核', '申请人：张三，设备：光学显微镜OM-2000，日期：2026-04-12 18:00-18:30，单号：ORD2042297538379894784。请在「预约审核」中处理。', 0, 490, 'booking_order', '2026-04-11 19:53:56', '2026-04-11 19:53:56', 0);
INSERT INTO `sys_message` VALUES (601, 9, 'BOOKING_AUDIT', '预约审核通过', '您的预约申请已审核通过，设备：光学显微镜OM-2000', 0, 490, 'booking_order', '2026-04-11 19:53:56', '2026-04-11 19:53:56', 0);
INSERT INTO `sys_message` VALUES (602, 2, 'BOOKING_AUDIT', '新预约待审核', '申请人：张三，设备：光学显微镜OM-2000，日期：2026-04-12 11:00-11:30，单号：ORD2042297715949948928。请在「预约审核」中处理。', 0, 491, 'booking_order', '2026-04-11 19:53:56', '2026-04-11 19:53:56', 0);
INSERT INTO `sys_message` VALUES (603, 3, 'BOOKING_AUDIT', '新预约待审核', '申请人：张三，设备：光学显微镜OM-2000，日期：2026-04-12 11:00-11:30，单号：ORD2042297715949948928。请在「预约审核」中处理。', 0, 491, 'booking_order', '2026-04-11 19:53:56', '2026-04-11 19:53:56', 0);
INSERT INTO `sys_message` VALUES (604, 14, 'BOOKING_AUDIT', '新预约待审核', '申请人：张三，设备：光学显微镜OM-2000，日期：2026-04-12 11:00-11:30，单号：ORD2042297715949948928。请在「预约审核」中处理。', 0, 491, 'booking_order', '2026-04-11 19:53:56', '2026-04-11 19:53:56', 0);
INSERT INTO `sys_message` VALUES (605, 1, 'BOOKING_AUDIT', '新预约待审核', '申请人：张三，设备：光学显微镜OM-2000，日期：2026-04-12 11:00-11:30，单号：ORD2042297715949948928。请在「预约审核」中处理。', 0, 491, 'booking_order', '2026-04-11 19:53:56', '2026-04-11 19:53:56', 0);
INSERT INTO `sys_message` VALUES (606, 4, 'BOOKING_AUDIT', '新预约待审核', '申请人：张三，设备：光学显微镜OM-2000，日期：2026-04-12 11:00-11:30，单号：ORD2042297715949948928。请在「预约审核」中处理。', 0, 491, 'booking_order', '2026-04-11 19:53:56', '2026-04-11 19:53:56', 0);
INSERT INTO `sys_message` VALUES (607, 5, 'BOOKING_AUDIT', '新预约待审核', '申请人：张三，设备：光学显微镜OM-2000，日期：2026-04-12 11:00-11:30，单号：ORD2042297715949948928。请在「预约审核」中处理。', 0, 491, 'booking_order', '2026-04-11 19:53:56', '2026-04-11 19:53:56', 0);
INSERT INTO `sys_message` VALUES (608, 6, 'BOOKING_AUDIT', '新预约待审核', '申请人：张三，设备：光学显微镜OM-2000，日期：2026-04-12 11:00-11:30，单号：ORD2042297715949948928。请在「预约审核」中处理。', 0, 491, 'booking_order', '2026-04-11 19:53:56', '2026-04-11 19:53:56', 0);
INSERT INTO `sys_message` VALUES (609, 7, 'BOOKING_AUDIT', '新预约待审核', '申请人：张三，设备：光学显微镜OM-2000，日期：2026-04-12 11:00-11:30，单号：ORD2042297715949948928。请在「预约审核」中处理。', 0, 491, 'booking_order', '2026-04-11 19:53:56', '2026-04-11 19:53:56', 0);
INSERT INTO `sys_message` VALUES (610, 8, 'BOOKING_AUDIT', '新预约待审核', '申请人：张三，设备：光学显微镜OM-2000，日期：2026-04-12 11:00-11:30，单号：ORD2042297715949948928。请在「预约审核」中处理。', 0, 491, 'booking_order', '2026-04-11 19:53:56', '2026-04-11 19:53:56', 0);
INSERT INTO `sys_message` VALUES (611, 13, 'BOOKING_AUDIT', '新预约待审核', '申请人：张三，设备：光学显微镜OM-2000，日期：2026-04-12 11:00-11:30，单号：ORD2042297715949948928。请在「预约审核」中处理。', 0, 491, 'booking_order', '2026-04-11 19:53:56', '2026-04-11 19:53:56', 0);
INSERT INTO `sys_message` VALUES (612, 9, 'BOOKING_AUDIT', '预约审核通过', '您的预约申请已审核通过，设备：光学显微镜OM-2000', 0, 491, 'booking_order', '2026-04-11 19:53:56', '2026-04-11 19:53:56', 0);
INSERT INTO `sys_message` VALUES (613, 2, 'BOOKING_AUDIT', '新预约待审核', '申请人：张三，设备：光学显微镜OM-2000，日期：2026-04-13 15:00-15:30，单号：ORD2042297878642806784。请在「预约审核」中处理。', 0, 492, 'booking_order', '2026-04-11 19:53:56', '2026-04-11 19:53:56', 0);
INSERT INTO `sys_message` VALUES (614, 3, 'BOOKING_AUDIT', '新预约待审核', '申请人：张三，设备：光学显微镜OM-2000，日期：2026-04-13 15:00-15:30，单号：ORD2042297878642806784。请在「预约审核」中处理。', 0, 492, 'booking_order', '2026-04-11 19:53:56', '2026-04-11 19:53:56', 0);
INSERT INTO `sys_message` VALUES (615, 14, 'BOOKING_AUDIT', '新预约待审核', '申请人：张三，设备：光学显微镜OM-2000，日期：2026-04-13 15:00-15:30，单号：ORD2042297878642806784。请在「预约审核」中处理。', 0, 492, 'booking_order', '2026-04-11 19:53:56', '2026-04-11 19:53:56', 0);
INSERT INTO `sys_message` VALUES (616, 1, 'BOOKING_AUDIT', '新预约待审核', '申请人：张三，设备：光学显微镜OM-2000，日期：2026-04-13 15:00-15:30，单号：ORD2042297878642806784。请在「预约审核」中处理。', 0, 492, 'booking_order', '2026-04-11 19:53:56', '2026-04-11 19:53:56', 0);
INSERT INTO `sys_message` VALUES (617, 4, 'BOOKING_AUDIT', '新预约待审核', '申请人：张三，设备：光学显微镜OM-2000，日期：2026-04-13 15:00-15:30，单号：ORD2042297878642806784。请在「预约审核」中处理。', 0, 492, 'booking_order', '2026-04-11 19:53:56', '2026-04-11 19:53:56', 0);
INSERT INTO `sys_message` VALUES (618, 5, 'BOOKING_AUDIT', '新预约待审核', '申请人：张三，设备：光学显微镜OM-2000，日期：2026-04-13 15:00-15:30，单号：ORD2042297878642806784。请在「预约审核」中处理。', 0, 492, 'booking_order', '2026-04-11 19:53:56', '2026-04-11 19:53:56', 0);
INSERT INTO `sys_message` VALUES (619, 6, 'BOOKING_AUDIT', '新预约待审核', '申请人：张三，设备：光学显微镜OM-2000，日期：2026-04-13 15:00-15:30，单号：ORD2042297878642806784。请在「预约审核」中处理。', 0, 492, 'booking_order', '2026-04-11 19:53:56', '2026-04-11 19:53:56', 0);
INSERT INTO `sys_message` VALUES (620, 7, 'BOOKING_AUDIT', '新预约待审核', '申请人：张三，设备：光学显微镜OM-2000，日期：2026-04-13 15:00-15:30，单号：ORD2042297878642806784。请在「预约审核」中处理。', 0, 492, 'booking_order', '2026-04-11 19:53:56', '2026-04-11 19:53:56', 0);
INSERT INTO `sys_message` VALUES (621, 8, 'BOOKING_AUDIT', '新预约待审核', '申请人：张三，设备：光学显微镜OM-2000，日期：2026-04-13 15:00-15:30，单号：ORD2042297878642806784。请在「预约审核」中处理。', 0, 492, 'booking_order', '2026-04-11 19:53:56', '2026-04-11 19:53:56', 0);
INSERT INTO `sys_message` VALUES (622, 13, 'BOOKING_AUDIT', '新预约待审核', '申请人：张三，设备：光学显微镜OM-2000，日期：2026-04-13 15:00-15:30，单号：ORD2042297878642806784。请在「预约审核」中处理。', 0, 492, 'booking_order', '2026-04-11 19:53:56', '2026-04-11 19:53:56', 0);
INSERT INTO `sys_message` VALUES (623, 9, 'BOOKING_AUDIT', '预约审核通过', '您的预约申请已审核通过，设备：光学显微镜OM-2000', 0, 492, 'booking_order', '2026-04-11 19:53:56', '2026-04-11 19:53:56', 0);
INSERT INTO `sys_message` VALUES (624, 2, 'BOOKING_AUDIT', '新预约待审核', '申请人：罗海维，设备：光学显微镜OM-2000，日期：2026-04-12 09:00-09:30，单号：ORD2042301320576749568。请在「预约审核」中处理。', 0, 493, 'booking_order', '2026-04-11 19:53:56', '2026-04-11 19:53:56', 0);
INSERT INTO `sys_message` VALUES (625, 3, 'BOOKING_AUDIT', '新预约待审核', '申请人：罗海维，设备：光学显微镜OM-2000，日期：2026-04-12 09:00-09:30，单号：ORD2042301320576749568。请在「预约审核」中处理。', 0, 493, 'booking_order', '2026-04-11 19:53:56', '2026-04-11 19:53:56', 0);
INSERT INTO `sys_message` VALUES (626, 14, 'BOOKING_AUDIT', '新预约待审核', '申请人：罗海维，设备：光学显微镜OM-2000，日期：2026-04-12 09:00-09:30，单号：ORD2042301320576749568。请在「预约审核」中处理。', 0, 493, 'booking_order', '2026-04-11 19:53:56', '2026-04-11 19:53:56', 0);
INSERT INTO `sys_message` VALUES (627, 2, 'BOOKING_AUDIT', '新预约待审核', '申请人：张三，设备：光学显微镜OM-2000，日期：2026-04-12 10:00-11:00，单号：ORD2042301402894159872。请在「预约审核」中处理。', 0, 494, 'booking_order', '2026-04-11 19:53:56', '2026-04-11 19:53:56', 0);
INSERT INTO `sys_message` VALUES (628, 3, 'BOOKING_AUDIT', '新预约待审核', '申请人：张三，设备：光学显微镜OM-2000，日期：2026-04-12 10:00-11:00，单号：ORD2042301402894159872。请在「预约审核」中处理。', 0, 494, 'booking_order', '2026-04-11 19:53:56', '2026-04-11 19:53:56', 0);
INSERT INTO `sys_message` VALUES (629, 14, 'BOOKING_AUDIT', '新预约待审核', '申请人：张三，设备：光学显微镜OM-2000，日期：2026-04-12 10:00-11:00，单号：ORD2042301402894159872。请在「预约审核」中处理。', 0, 494, 'booking_order', '2026-04-11 19:53:56', '2026-04-11 19:53:56', 0);
INSERT INTO `sys_message` VALUES (630, 1, 'BOOKING_AUDIT', '新预约待审核', '申请人：张三，设备：光学显微镜OM-2000，日期：2026-04-12 10:00-11:00，单号：ORD2042301402894159872。请在「预约审核」中处理。', 0, 494, 'booking_order', '2026-04-11 19:53:56', '2026-04-11 19:53:56', 0);
INSERT INTO `sys_message` VALUES (631, 4, 'BOOKING_AUDIT', '新预约待审核', '申请人：张三，设备：光学显微镜OM-2000，日期：2026-04-12 10:00-11:00，单号：ORD2042301402894159872。请在「预约审核」中处理。', 0, 494, 'booking_order', '2026-04-11 19:53:56', '2026-04-11 19:53:56', 0);
INSERT INTO `sys_message` VALUES (632, 5, 'BOOKING_AUDIT', '新预约待审核', '申请人：张三，设备：光学显微镜OM-2000，日期：2026-04-12 10:00-11:00，单号：ORD2042301402894159872。请在「预约审核」中处理。', 0, 494, 'booking_order', '2026-04-11 19:53:56', '2026-04-11 19:53:56', 0);
INSERT INTO `sys_message` VALUES (633, 6, 'BOOKING_AUDIT', '新预约待审核', '申请人：张三，设备：光学显微镜OM-2000，日期：2026-04-12 10:00-11:00，单号：ORD2042301402894159872。请在「预约审核」中处理。', 0, 494, 'booking_order', '2026-04-11 19:53:56', '2026-04-11 19:53:56', 0);
INSERT INTO `sys_message` VALUES (634, 7, 'BOOKING_AUDIT', '新预约待审核', '申请人：张三，设备：光学显微镜OM-2000，日期：2026-04-12 10:00-11:00，单号：ORD2042301402894159872。请在「预约审核」中处理。', 0, 494, 'booking_order', '2026-04-11 19:53:56', '2026-04-11 19:53:56', 0);
INSERT INTO `sys_message` VALUES (635, 8, 'BOOKING_AUDIT', '新预约待审核', '申请人：张三，设备：光学显微镜OM-2000，日期：2026-04-12 10:00-11:00，单号：ORD2042301402894159872。请在「预约审核」中处理。', 0, 494, 'booking_order', '2026-04-11 19:53:56', '2026-04-11 19:53:56', 0);
INSERT INTO `sys_message` VALUES (636, 13, 'BOOKING_AUDIT', '新预约待审核', '申请人：张三，设备：光学显微镜OM-2000，日期：2026-04-12 10:00-11:00，单号：ORD2042301402894159872。请在「预约审核」中处理。', 0, 494, 'booking_order', '2026-04-11 19:53:56', '2026-04-11 19:53:56', 0);
INSERT INTO `sys_message` VALUES (637, 2, 'BOOKING_AUDIT', '新预约待审核', '申请人：罗海维，设备：光学显微镜OM-2000，日期：2026-04-13 18:00-18:30，单号：ORD2042308429292883968。请在「预约审核」中处理。', 0, 495, 'booking_order', '2026-04-11 19:53:56', '2026-04-11 19:53:56', 0);
INSERT INTO `sys_message` VALUES (638, 3, 'BOOKING_AUDIT', '新预约待审核', '申请人：罗海维，设备：光学显微镜OM-2000，日期：2026-04-13 18:00-18:30，单号：ORD2042308429292883968。请在「预约审核」中处理。', 0, 495, 'booking_order', '2026-04-11 19:53:56', '2026-04-11 19:53:56', 0);
INSERT INTO `sys_message` VALUES (639, 14, 'BOOKING_AUDIT', '新预约待审核', '申请人：罗海维，设备：光学显微镜OM-2000，日期：2026-04-13 18:00-18:30，单号：ORD2042308429292883968。请在「预约审核」中处理。', 0, 495, 'booking_order', '2026-04-11 19:53:56', '2026-04-11 19:53:56', 0);
INSERT INTO `sys_message` VALUES (640, 2, 'BOOKING_AUDIT', '新预约待审核', '申请人：张三，设备：光学显微镜OM-2000，日期：2026-04-12 13:00-13:30，单号：ORD2042309531459506176。请在「预约审核」中处理。', 0, 496, 'booking_order', '2026-04-11 19:53:56', '2026-04-11 19:53:56', 0);
INSERT INTO `sys_message` VALUES (641, 3, 'BOOKING_AUDIT', '新预约待审核', '申请人：张三，设备：光学显微镜OM-2000，日期：2026-04-12 13:00-13:30，单号：ORD2042309531459506176。请在「预约审核」中处理。', 0, 496, 'booking_order', '2026-04-11 19:53:56', '2026-04-11 19:53:56', 0);
INSERT INTO `sys_message` VALUES (642, 14, 'BOOKING_AUDIT', '新预约待审核', '申请人：张三，设备：光学显微镜OM-2000，日期：2026-04-12 13:00-13:30，单号：ORD2042309531459506176。请在「预约审核」中处理。', 0, 496, 'booking_order', '2026-04-11 19:53:56', '2026-04-11 19:53:56', 0);
INSERT INTO `sys_message` VALUES (643, 1, 'BOOKING_AUDIT', '新预约待审核', '申请人：张三，设备：光学显微镜OM-2000，日期：2026-04-12 13:00-13:30，单号：ORD2042309531459506176。请在「预约审核」中处理。', 0, 496, 'booking_order', '2026-04-11 19:53:56', '2026-04-11 19:53:56', 0);
INSERT INTO `sys_message` VALUES (644, 4, 'BOOKING_AUDIT', '新预约待审核', '申请人：张三，设备：光学显微镜OM-2000，日期：2026-04-12 13:00-13:30，单号：ORD2042309531459506176。请在「预约审核」中处理。', 0, 496, 'booking_order', '2026-04-11 19:53:56', '2026-04-11 19:53:56', 0);
INSERT INTO `sys_message` VALUES (645, 5, 'BOOKING_AUDIT', '新预约待审核', '申请人：张三，设备：光学显微镜OM-2000，日期：2026-04-12 13:00-13:30，单号：ORD2042309531459506176。请在「预约审核」中处理。', 0, 496, 'booking_order', '2026-04-11 19:53:56', '2026-04-11 19:53:56', 0);
INSERT INTO `sys_message` VALUES (646, 6, 'BOOKING_AUDIT', '新预约待审核', '申请人：张三，设备：光学显微镜OM-2000，日期：2026-04-12 13:00-13:30，单号：ORD2042309531459506176。请在「预约审核」中处理。', 0, 496, 'booking_order', '2026-04-11 19:53:56', '2026-04-11 19:53:56', 0);
INSERT INTO `sys_message` VALUES (647, 7, 'BOOKING_AUDIT', '新预约待审核', '申请人：张三，设备：光学显微镜OM-2000，日期：2026-04-12 13:00-13:30，单号：ORD2042309531459506176。请在「预约审核」中处理。', 0, 496, 'booking_order', '2026-04-11 19:53:56', '2026-04-11 19:53:56', 0);
INSERT INTO `sys_message` VALUES (648, 8, 'BOOKING_AUDIT', '新预约待审核', '申请人：张三，设备：光学显微镜OM-2000，日期：2026-04-12 13:00-13:30，单号：ORD2042309531459506176。请在「预约审核」中处理。', 0, 496, 'booking_order', '2026-04-11 19:53:56', '2026-04-11 19:53:56', 0);
INSERT INTO `sys_message` VALUES (649, 13, 'BOOKING_AUDIT', '新预约待审核', '申请人：张三，设备：光学显微镜OM-2000，日期：2026-04-12 13:00-13:30，单号：ORD2042309531459506176。请在「预约审核」中处理。', 0, 496, 'booking_order', '2026-04-11 19:53:56', '2026-04-11 19:53:56', 0);
INSERT INTO `sys_message` VALUES (650, 9, 'BOOKING_AUDIT', '预约审核通过', '您的预约申请已审核通过，设备：光学显微镜OM-2000', 0, 496, 'booking_order', '2026-04-11 19:53:56', '2026-04-11 19:53:56', 0);
INSERT INTO `sys_message` VALUES (651, 2, 'BOOKING_AUDIT', '新预约待审核', '申请人：张三，设备：光学显微镜OM-2000，日期：2026-04-12 11:00-11:30，单号：ORD2042311529172946944。请在「预约审核」中处理。', 0, 497, 'booking_order', '2026-04-11 19:53:56', '2026-04-11 19:53:56', 0);
INSERT INTO `sys_message` VALUES (652, 3, 'BOOKING_AUDIT', '新预约待审核', '申请人：张三，设备：光学显微镜OM-2000，日期：2026-04-12 11:00-11:30，单号：ORD2042311529172946944。请在「预约审核」中处理。', 0, 497, 'booking_order', '2026-04-11 19:53:56', '2026-04-11 19:53:56', 0);
INSERT INTO `sys_message` VALUES (653, 14, 'BOOKING_AUDIT', '新预约待审核', '申请人：张三，设备：光学显微镜OM-2000，日期：2026-04-12 11:00-11:30，单号：ORD2042311529172946944。请在「预约审核」中处理。', 0, 497, 'booking_order', '2026-04-11 19:53:56', '2026-04-11 19:53:56', 0);
INSERT INTO `sys_message` VALUES (654, 1, 'BOOKING_AUDIT', '新预约待审核', '申请人：张三，设备：光学显微镜OM-2000，日期：2026-04-12 11:00-11:30，单号：ORD2042311529172946944。请在「预约审核」中处理。', 0, 497, 'booking_order', '2026-04-11 19:53:56', '2026-04-11 19:53:56', 0);
INSERT INTO `sys_message` VALUES (655, 4, 'BOOKING_AUDIT', '新预约待审核', '申请人：张三，设备：光学显微镜OM-2000，日期：2026-04-12 11:00-11:30，单号：ORD2042311529172946944。请在「预约审核」中处理。', 0, 497, 'booking_order', '2026-04-11 19:53:56', '2026-04-11 19:53:56', 0);
INSERT INTO `sys_message` VALUES (656, 5, 'BOOKING_AUDIT', '新预约待审核', '申请人：张三，设备：光学显微镜OM-2000，日期：2026-04-12 11:00-11:30，单号：ORD2042311529172946944。请在「预约审核」中处理。', 0, 497, 'booking_order', '2026-04-11 19:53:56', '2026-04-11 19:53:56', 0);
INSERT INTO `sys_message` VALUES (657, 6, 'BOOKING_AUDIT', '新预约待审核', '申请人：张三，设备：光学显微镜OM-2000，日期：2026-04-12 11:00-11:30，单号：ORD2042311529172946944。请在「预约审核」中处理。', 0, 497, 'booking_order', '2026-04-11 19:53:56', '2026-04-11 19:53:56', 0);
INSERT INTO `sys_message` VALUES (658, 7, 'BOOKING_AUDIT', '新预约待审核', '申请人：张三，设备：光学显微镜OM-2000，日期：2026-04-12 11:00-11:30，单号：ORD2042311529172946944。请在「预约审核」中处理。', 0, 497, 'booking_order', '2026-04-11 19:53:56', '2026-04-11 19:53:56', 0);
INSERT INTO `sys_message` VALUES (659, 8, 'BOOKING_AUDIT', '新预约待审核', '申请人：张三，设备：光学显微镜OM-2000，日期：2026-04-12 11:00-11:30，单号：ORD2042311529172946944。请在「预约审核」中处理。', 0, 497, 'booking_order', '2026-04-11 19:53:56', '2026-04-11 19:53:56', 0);
INSERT INTO `sys_message` VALUES (660, 13, 'BOOKING_AUDIT', '新预约待审核', '申请人：张三，设备：光学显微镜OM-2000，日期：2026-04-12 11:00-11:30，单号：ORD2042311529172946944。请在「预约审核」中处理。', 0, 497, 'booking_order', '2026-04-11 19:53:56', '2026-04-11 19:53:56', 0);
INSERT INTO `sys_message` VALUES (661, 9, 'BOOKING_AUDIT', '预约审核未通过', '您的预约申请未通过审核，原因：333', 0, 497, 'booking_order', '2026-04-11 19:53:56', '2026-04-11 19:53:56', 0);
INSERT INTO `sys_message` VALUES (662, 2, 'BOOKING_AUDIT', '新预约待审核', '申请人：王建国，设备：光学显微镜OM-2000，日期：2026-04-12 11:00-11:30，单号：ORD2042314370247675904。请在「预约审核」中处理。', 0, 498, 'booking_order', '2026-04-11 19:53:56', '2026-04-11 19:53:56', 0);
INSERT INTO `sys_message` VALUES (663, 3, 'BOOKING_AUDIT', '新预约待审核', '申请人：王建国，设备：光学显微镜OM-2000，日期：2026-04-12 11:00-11:30，单号：ORD2042314370247675904。请在「预约审核」中处理。', 0, 498, 'booking_order', '2026-04-11 19:53:56', '2026-04-11 19:53:56', 0);
INSERT INTO `sys_message` VALUES (664, 14, 'BOOKING_AUDIT', '新预约待审核', '申请人：王建国，设备：光学显微镜OM-2000，日期：2026-04-12 11:00-11:30，单号：ORD2042314370247675904。请在「预约审核」中处理。', 0, 498, 'booking_order', '2026-04-11 19:53:56', '2026-04-11 19:53:56', 0);
INSERT INTO `sys_message` VALUES (665, 1, 'BOOKING_AUDIT', '新预约待审核', '申请人：王建国，设备：光学显微镜OM-2000，日期：2026-04-12 11:00-11:30，单号：ORD2042314370247675904。请在「预约审核」中处理。', 0, 498, 'booking_order', '2026-04-11 19:53:56', '2026-04-11 19:53:56', 0);
INSERT INTO `sys_message` VALUES (666, 4, 'BOOKING_AUDIT', '预约审核未通过', '您的预约申请未通过审核，原因：无', 0, 498, 'booking_order', '2026-04-11 19:53:56', '2026-04-11 19:53:56', 0);
INSERT INTO `sys_message` VALUES (667, 1, 'BOOKING_AUDIT', '预约审核未通过', '您的预约申请未通过审核，原因：无', 0, 495, 'booking_order', '2026-04-11 19:53:56', '2026-04-11 19:53:56', 0);
INSERT INTO `sys_message` VALUES (668, 1, 'BOOKING_AUDIT', '预约审核未通过', '您的预约申请未通过审核，原因：无', 0, 493, 'booking_order', '2026-04-11 19:53:56', '2026-04-11 19:53:56', 0);
INSERT INTO `sys_message` VALUES (669, 2, 'BOOKING_AUDIT', '新预约待审核', '申请人：张三，设备：光学显微镜OM-2000，日期：2026-04-13 14:00-14:30，单号：ORD2042314579870601216。请在「预约审核」中处理。', 0, 499, 'booking_order', '2026-04-11 19:53:56', '2026-04-11 19:53:56', 0);
INSERT INTO `sys_message` VALUES (670, 3, 'BOOKING_AUDIT', '新预约待审核', '申请人：张三，设备：光学显微镜OM-2000，日期：2026-04-13 14:00-14:30，单号：ORD2042314579870601216。请在「预约审核」中处理。', 0, 499, 'booking_order', '2026-04-11 19:53:56', '2026-04-11 19:53:56', 0);
INSERT INTO `sys_message` VALUES (671, 14, 'BOOKING_AUDIT', '新预约待审核', '申请人：张三，设备：光学显微镜OM-2000，日期：2026-04-13 14:00-14:30，单号：ORD2042314579870601216。请在「预约审核」中处理。', 0, 499, 'booking_order', '2026-04-11 19:53:56', '2026-04-11 19:53:56', 0);
INSERT INTO `sys_message` VALUES (672, 1, 'BOOKING_AUDIT', '新预约待审核', '申请人：张三，设备：光学显微镜OM-2000，日期：2026-04-13 14:00-14:30，单号：ORD2042314579870601216。请在「预约审核」中处理。', 0, 499, 'booking_order', '2026-04-11 19:53:56', '2026-04-11 19:53:56', 0);
INSERT INTO `sys_message` VALUES (673, 4, 'BOOKING_AUDIT', '新预约待审核', '申请人：张三，设备：光学显微镜OM-2000，日期：2026-04-13 14:00-14:30，单号：ORD2042314579870601216。请在「预约审核」中处理。', 0, 499, 'booking_order', '2026-04-11 19:53:56', '2026-04-11 19:53:56', 0);
INSERT INTO `sys_message` VALUES (674, 5, 'BOOKING_AUDIT', '新预约待审核', '申请人：张三，设备：光学显微镜OM-2000，日期：2026-04-13 14:00-14:30，单号：ORD2042314579870601216。请在「预约审核」中处理。', 0, 499, 'booking_order', '2026-04-11 19:53:56', '2026-04-11 19:53:56', 0);
INSERT INTO `sys_message` VALUES (675, 6, 'BOOKING_AUDIT', '新预约待审核', '申请人：张三，设备：光学显微镜OM-2000，日期：2026-04-13 14:00-14:30，单号：ORD2042314579870601216。请在「预约审核」中处理。', 0, 499, 'booking_order', '2026-04-11 19:53:56', '2026-04-11 19:53:56', 0);
INSERT INTO `sys_message` VALUES (676, 7, 'BOOKING_AUDIT', '新预约待审核', '申请人：张三，设备：光学显微镜OM-2000，日期：2026-04-13 14:00-14:30，单号：ORD2042314579870601216。请在「预约审核」中处理。', 0, 499, 'booking_order', '2026-04-11 19:53:56', '2026-04-11 19:53:56', 0);
INSERT INTO `sys_message` VALUES (677, 8, 'BOOKING_AUDIT', '新预约待审核', '申请人：张三，设备：光学显微镜OM-2000，日期：2026-04-13 14:00-14:30，单号：ORD2042314579870601216。请在「预约审核」中处理。', 0, 499, 'booking_order', '2026-04-11 19:53:56', '2026-04-11 19:53:56', 0);
INSERT INTO `sys_message` VALUES (678, 13, 'BOOKING_AUDIT', '新预约待审核', '申请人：张三，设备：光学显微镜OM-2000，日期：2026-04-13 14:00-14:30，单号：ORD2042314579870601216。请在「预约审核」中处理。', 0, 499, 'booking_order', '2026-04-11 19:53:56', '2026-04-11 19:53:56', 0);
INSERT INTO `sys_message` VALUES (679, 2, 'BOOKING_AUDIT', '新预约待审核', '申请人：吴九，设备：光学显微镜OM-2000，日期：2026-04-18 14:00-14:30，单号：ORD2042314704688893952。请在「预约审核」中处理。', 0, 500, 'booking_order', '2026-04-11 19:53:56', '2026-04-11 19:53:56', 0);
INSERT INTO `sys_message` VALUES (680, 3, 'BOOKING_AUDIT', '新预约待审核', '申请人：吴九，设备：光学显微镜OM-2000，日期：2026-04-18 14:00-14:30，单号：ORD2042314704688893952。请在「预约审核」中处理。', 0, 500, 'booking_order', '2026-04-11 19:53:56', '2026-04-11 19:53:56', 0);
INSERT INTO `sys_message` VALUES (681, 14, 'BOOKING_AUDIT', '新预约待审核', '申请人：吴九，设备：光学显微镜OM-2000，日期：2026-04-18 14:00-14:30，单号：ORD2042314704688893952。请在「预约审核」中处理。', 0, 500, 'booking_order', '2026-04-11 19:53:56', '2026-04-11 19:53:56', 0);
INSERT INTO `sys_message` VALUES (682, 1, 'BOOKING_AUDIT', '新预约待审核', '申请人：吴九，设备：光学显微镜OM-2000，日期：2026-04-18 14:00-14:30，单号：ORD2042314704688893952。请在「预约审核」中处理。', 0, 500, 'booking_order', '2026-04-11 19:53:56', '2026-04-11 19:53:56', 0);
INSERT INTO `sys_message` VALUES (683, 4, 'BOOKING_AUDIT', '新预约待审核', '申请人：吴九，设备：光学显微镜OM-2000，日期：2026-04-18 14:00-14:30，单号：ORD2042314704688893952。请在「预约审核」中处理。', 0, 500, 'booking_order', '2026-04-11 19:53:56', '2026-04-11 19:53:56', 0);
INSERT INTO `sys_message` VALUES (684, 5, 'BOOKING_AUDIT', '新预约待审核', '申请人：吴九，设备：光学显微镜OM-2000，日期：2026-04-18 14:00-14:30，单号：ORD2042314704688893952。请在「预约审核」中处理。', 0, 500, 'booking_order', '2026-04-11 19:53:56', '2026-04-11 19:53:56', 0);
INSERT INTO `sys_message` VALUES (685, 6, 'BOOKING_AUDIT', '新预约待审核', '申请人：吴九，设备：光学显微镜OM-2000，日期：2026-04-18 14:00-14:30，单号：ORD2042314704688893952。请在「预约审核」中处理。', 0, 500, 'booking_order', '2026-04-11 19:53:56', '2026-04-11 19:53:56', 0);
INSERT INTO `sys_message` VALUES (686, 7, 'BOOKING_AUDIT', '新预约待审核', '申请人：吴九，设备：光学显微镜OM-2000，日期：2026-04-18 14:00-14:30，单号：ORD2042314704688893952。请在「预约审核」中处理。', 0, 500, 'booking_order', '2026-04-11 19:53:56', '2026-04-11 19:53:56', 0);
INSERT INTO `sys_message` VALUES (687, 8, 'BOOKING_AUDIT', '新预约待审核', '申请人：吴九，设备：光学显微镜OM-2000，日期：2026-04-18 14:00-14:30，单号：ORD2042314704688893952。请在「预约审核」中处理。', 0, 500, 'booking_order', '2026-04-11 19:53:56', '2026-04-11 19:53:56', 0);
INSERT INTO `sys_message` VALUES (688, 13, 'BOOKING_AUDIT', '新预约待审核', '申请人：吴九，设备：光学显微镜OM-2000，日期：2026-04-18 14:00-14:30，单号：ORD2042314704688893952。请在「预约审核」中处理。', 0, 500, 'booking_order', '2026-04-11 19:53:56', '2026-04-11 19:53:56', 0);
INSERT INTO `sys_message` VALUES (689, 2, 'BOOKING_AUDIT', '新预约待审核', '申请人：吴九，设备：光学显微镜OM-2000，日期：2026-04-13 16:00-16:30，单号：ORD2042315153202597888。请在「预约审核」中处理。', 0, 501, 'booking_order', '2026-04-11 19:53:56', '2026-04-11 19:53:56', 0);
INSERT INTO `sys_message` VALUES (690, 3, 'BOOKING_AUDIT', '新预约待审核', '申请人：吴九，设备：光学显微镜OM-2000，日期：2026-04-13 16:00-16:30，单号：ORD2042315153202597888。请在「预约审核」中处理。', 0, 501, 'booking_order', '2026-04-11 19:53:56', '2026-04-11 19:53:56', 0);
INSERT INTO `sys_message` VALUES (691, 14, 'BOOKING_AUDIT', '新预约待审核', '申请人：吴九，设备：光学显微镜OM-2000，日期：2026-04-13 16:00-16:30，单号：ORD2042315153202597888。请在「预约审核」中处理。', 0, 501, 'booking_order', '2026-04-11 19:53:56', '2026-04-11 19:53:56', 0);
INSERT INTO `sys_message` VALUES (692, 1, 'BOOKING_AUDIT', '新预约待审核', '申请人：吴九，设备：光学显微镜OM-2000，日期：2026-04-13 16:00-16:30，单号：ORD2042315153202597888。请在「预约审核」中处理。', 0, 501, 'booking_order', '2026-04-11 19:53:56', '2026-04-11 19:53:56', 0);
INSERT INTO `sys_message` VALUES (693, 4, 'BOOKING_AUDIT', '新预约待审核', '申请人：吴九，设备：光学显微镜OM-2000，日期：2026-04-13 16:00-16:30，单号：ORD2042315153202597888。请在「预约审核」中处理。', 0, 501, 'booking_order', '2026-04-11 19:53:56', '2026-04-11 19:53:56', 0);
INSERT INTO `sys_message` VALUES (694, 5, 'BOOKING_AUDIT', '新预约待审核', '申请人：吴九，设备：光学显微镜OM-2000，日期：2026-04-13 16:00-16:30，单号：ORD2042315153202597888。请在「预约审核」中处理。', 0, 501, 'booking_order', '2026-04-11 19:53:56', '2026-04-11 19:53:56', 0);
INSERT INTO `sys_message` VALUES (695, 6, 'BOOKING_AUDIT', '新预约待审核', '申请人：吴九，设备：光学显微镜OM-2000，日期：2026-04-13 16:00-16:30，单号：ORD2042315153202597888。请在「预约审核」中处理。', 0, 501, 'booking_order', '2026-04-11 19:53:56', '2026-04-11 19:53:56', 0);
INSERT INTO `sys_message` VALUES (696, 7, 'BOOKING_AUDIT', '新预约待审核', '申请人：吴九，设备：光学显微镜OM-2000，日期：2026-04-13 16:00-16:30，单号：ORD2042315153202597888。请在「预约审核」中处理。', 0, 501, 'booking_order', '2026-04-11 19:53:56', '2026-04-11 19:53:56', 0);
INSERT INTO `sys_message` VALUES (697, 8, 'BOOKING_AUDIT', '新预约待审核', '申请人：吴九，设备：光学显微镜OM-2000，日期：2026-04-13 16:00-16:30，单号：ORD2042315153202597888。请在「预约审核」中处理。', 0, 501, 'booking_order', '2026-04-11 19:53:56', '2026-04-11 19:53:56', 0);
INSERT INTO `sys_message` VALUES (698, 13, 'BOOKING_AUDIT', '新预约待审核', '申请人：吴九，设备：光学显微镜OM-2000，日期：2026-04-13 16:00-16:30，单号：ORD2042315153202597888。请在「预约审核」中处理。', 0, 501, 'booking_order', '2026-04-11 19:53:56', '2026-04-11 19:53:56', 0);
INSERT INTO `sys_message` VALUES (699, 15, 'BOOKING_AUDIT', '预约审核未通过', '您的预约申请未通过审核，原因：无', 0, 501, 'booking_order', '2026-04-11 19:53:56', '2026-04-11 19:53:56', 0);
INSERT INTO `sys_message` VALUES (700, 15, 'BOOKING_AUDIT', '预约审核未通过', '您的预约申请未通过审核，原因：无', 0, 500, 'booking_order', '2026-04-11 19:53:56', '2026-04-11 19:53:56', 0);
INSERT INTO `sys_message` VALUES (701, 9, 'BOOKING_AUDIT', '预约审核未通过', '您的预约申请未通过审核，原因：无', 0, 499, 'booking_order', '2026-04-11 19:53:56', '2026-04-11 19:53:56', 0);
INSERT INTO `sys_message` VALUES (702, 20, 'REPAIR_ASSIGN', '系统自动分配工单', '系统自动分配给您一项维修工单，请及时处理。\n设备：光学显微镜OM-2000\n报修人：王建国\n故障描述：测试\n工单编号：WO2042321547129638912', 0, 19, 'repair_order', '2026-04-11 19:53:56', '2026-04-11 19:53:56', 0);
INSERT INTO `sys_message` VALUES (703, 4, 'REPAIR_ASSIGN', '工单处理完成', '您报修的设备（光学显微镜OM-2000）已维修完成，请前往确认。故障原因：，解决方案：', 0, 19, 'repair_order', '2026-04-11 19:53:56', '2026-04-11 19:53:56', 0);
INSERT INTO `sys_message` VALUES (704, 2, 'BOOKING_AUDIT', '新预约待审核', '申请人：吴九，设备：光学显微镜OM-2000，日期：2026-04-14 19:00-19:30，单号：ORD2042323513905893376。请在「预约审核」中处理。', 0, 502, 'booking_order', '2026-04-11 19:53:56', '2026-04-11 19:53:56', 0);
INSERT INTO `sys_message` VALUES (705, 3, 'BOOKING_AUDIT', '新预约待审核', '申请人：吴九，设备：光学显微镜OM-2000，日期：2026-04-14 19:00-19:30，单号：ORD2042323513905893376。请在「预约审核」中处理。', 0, 502, 'booking_order', '2026-04-11 19:53:56', '2026-04-11 19:53:56', 0);
INSERT INTO `sys_message` VALUES (706, 14, 'BOOKING_AUDIT', '新预约待审核', '申请人：吴九，设备：光学显微镜OM-2000，日期：2026-04-14 19:00-19:30，单号：ORD2042323513905893376。请在「预约审核」中处理。', 0, 502, 'booking_order', '2026-04-11 19:53:56', '2026-04-11 19:53:56', 0);
INSERT INTO `sys_message` VALUES (707, 1, 'BOOKING_AUDIT', '新预约待审核', '申请人：吴九，设备：光学显微镜OM-2000，日期：2026-04-14 19:00-19:30，单号：ORD2042323513905893376。请在「预约审核」中处理。', 0, 502, 'booking_order', '2026-04-11 19:53:56', '2026-04-11 19:53:56', 0);
INSERT INTO `sys_message` VALUES (708, 4, 'BOOKING_AUDIT', '新预约待审核', '申请人：吴九，设备：光学显微镜OM-2000，日期：2026-04-14 19:00-19:30，单号：ORD2042323513905893376。请在「预约审核」中处理。', 0, 502, 'booking_order', '2026-04-11 19:53:56', '2026-04-11 19:53:56', 0);
INSERT INTO `sys_message` VALUES (709, 5, 'BOOKING_AUDIT', '新预约待审核', '申请人：吴九，设备：光学显微镜OM-2000，日期：2026-04-14 19:00-19:30，单号：ORD2042323513905893376。请在「预约审核」中处理。', 0, 502, 'booking_order', '2026-04-11 19:53:56', '2026-04-11 19:53:56', 0);
INSERT INTO `sys_message` VALUES (710, 6, 'BOOKING_AUDIT', '新预约待审核', '申请人：吴九，设备：光学显微镜OM-2000，日期：2026-04-14 19:00-19:30，单号：ORD2042323513905893376。请在「预约审核」中处理。', 0, 502, 'booking_order', '2026-04-11 19:53:56', '2026-04-11 19:53:56', 0);
INSERT INTO `sys_message` VALUES (711, 7, 'BOOKING_AUDIT', '新预约待审核', '申请人：吴九，设备：光学显微镜OM-2000，日期：2026-04-14 19:00-19:30，单号：ORD2042323513905893376。请在「预约审核」中处理。', 0, 502, 'booking_order', '2026-04-11 19:53:56', '2026-04-11 19:53:56', 0);
INSERT INTO `sys_message` VALUES (712, 8, 'BOOKING_AUDIT', '新预约待审核', '申请人：吴九，设备：光学显微镜OM-2000，日期：2026-04-14 19:00-19:30，单号：ORD2042323513905893376。请在「预约审核」中处理。', 0, 502, 'booking_order', '2026-04-11 19:53:56', '2026-04-11 19:53:56', 0);
INSERT INTO `sys_message` VALUES (713, 13, 'BOOKING_AUDIT', '新预约待审核', '申请人：吴九，设备：光学显微镜OM-2000，日期：2026-04-14 19:00-19:30，单号：ORD2042323513905893376。请在「预约审核」中处理。', 0, 502, 'booking_order', '2026-04-11 19:53:56', '2026-04-11 19:53:56', 0);
INSERT INTO `sys_message` VALUES (714, 15, 'BOOKING_AUDIT', '预约审核通过', '您的预约申请已审核通过，设备：光学显微镜OM-2000', 0, 502, 'booking_order', '2026-04-11 19:53:56', '2026-04-11 19:53:56', 0);
INSERT INTO `sys_message` VALUES (715, 13, 'REPAIR_ASSIGN', '工单已被接单', '您报修的设备（）已被维护人员接单，请等待处理。', 0, 7, 'repair_order', '2026-04-11 19:53:56', '2026-04-11 19:53:56', 0);
INSERT INTO `sys_message` VALUES (716, 20, 'REPAIR_ASSIGN', '系统自动分配工单', '系统自动分配给您一项维修工单，请及时处理。\n设备：光学显微镜OM-2000\n报修人：罗海维\n故障描述：测试\n工单编号：WO2042330170069209088', 0, 20, 'repair_order', '2026-04-11 19:53:56', '2026-04-11 19:53:56', 0);
INSERT INTO `sys_message` VALUES (717, 20, 'REPAIR_ASSIGN', '系统自动分配工单', '系统自动分配给您一项维修工单，请及时处理。\n设备：测试\n报修人：罗海维\n故障描述：33 \n工单编号：WO2042331269677305856', 0, 21, 'repair_order', '2026-04-11 19:53:56', '2026-04-11 19:53:56', 0);
INSERT INTO `sys_message` VALUES (718, 19, 'REPAIR_ASSIGN', '系统自动分配工单', '系统自动分配给您一项维修工单，请及时处理。\n设备：信号发生器\n报修人：罗海维\n故障描述：cs \n工单编号：WO2042355488595238912', 0, 22, 'repair_order', '2026-04-11 19:53:56', '2026-04-11 19:53:56', 0);
INSERT INTO `sys_message` VALUES (719, 1, 'REPAIR_ASSIGN', '工单处理完成', '您报修的设备（信号发生器）已维修完成，请前往确认。故障原因：，解决方案：', 0, 22, 'repair_order', '2026-04-11 19:53:56', '2026-04-11 19:53:56', 0);
INSERT INTO `sys_message` VALUES (720, 13, 'REPAIR_ASSIGN', '工单处理完成', '您报修的设备（）已维修完成，请前往确认。故障原因：，解决方案：', 0, 7, 'repair_order', '2026-04-11 19:53:56', '2026-04-11 19:53:56', 0);
INSERT INTO `sys_message` VALUES (721, 7, 'REPAIR_ASSIGN', '工单处理完成', '您报修的设备（）已维修完成，请前往确认。故障原因：，解决方案：', 0, 8, 'repair_order', '2026-04-11 19:53:56', '2026-04-11 19:53:56', 0);
INSERT INTO `sys_message` VALUES (722, 1, 'REPAIR_ASSIGN', '工单处理完成', '您报修的设备（）已维修完成，请前往确认。故障原因：，解决方案：', 0, 18, 'repair_order', '2026-04-11 19:53:56', '2026-04-11 19:53:56', 0);
INSERT INTO `sys_message` VALUES (723, 19, 'REPAIR_ASSIGN', '系统自动分配工单', '系统自动分配给您一项维修工单，请及时处理。\n设备：倒置显微镜\n报修人：罗海维\n故障描述：cs\n工单编号：WO2042358750140559360', 0, 23, 'repair_order', '2026-04-11 19:53:56', '2026-04-11 19:53:56', 0);
INSERT INTO `sys_message` VALUES (724, 19, 'REPAIR_ASSIGN', '系统自动分配工单', '系统自动分配给您一项维修工单，请及时处理。\n设备：二氧化碳培养箱\n报修人：罗海维\n故障描述：cs \n工单编号：WO2042358830973186048', 0, 24, 'repair_order', '2026-04-11 19:53:56', '2026-04-11 19:53:56', 0);
INSERT INTO `sys_message` VALUES (725, 19, 'REPAIR_ASSIGN', '系统自动分配工单', '系统自动分配给您一项维修工单，请及时处理。\n设备：高速离心机\n报修人：罗海维\n故障描述：cscs\n工单编号：WO2042358863730700288', 0, 25, 'repair_order', '2026-04-11 19:53:56', '2026-04-11 19:53:56', 0);
INSERT INTO `sys_message` VALUES (726, 20, 'REPAIR_ASSIGN', '系统自动分配工单', '系统自动分配给您一项维修工单，请及时处理。\n设备：高效液相色谱仪\n报修人：罗海维\n故障描述：cs\n工单编号：WO2042360583156158464', 0, 26, 'repair_order', '2026-04-11 19:53:56', '2026-04-11 19:53:56', 0);
INSERT INTO `sys_message` VALUES (727, 1, 'REPAIR_ASSIGN', '工单处理完成', '您报修的设备（高速离心机）已维修完成，请前往确认。故障原因：，解决方案：', 0, 25, 'repair_order', '2026-04-11 19:53:56', '2026-04-11 19:53:56', 0);
INSERT INTO `sys_message` VALUES (728, 2, 'BOOKING_AUDIT', '新预约待审核', '申请人：陈维护，设备：旋转蒸发仪，日期：2026-04-13 09:00-09:30，单号：ORD2042366308871852032。请在「预约审核」中处理。', 0, 503, 'booking_order', '2026-04-11 19:53:56', '2026-04-11 19:53:56', 0);
INSERT INTO `sys_message` VALUES (729, 3, 'BOOKING_AUDIT', '新预约待审核', '申请人：陈维护，设备：旋转蒸发仪，日期：2026-04-13 09:00-09:30，单号：ORD2042366308871852032。请在「预约审核」中处理。', 0, 503, 'booking_order', '2026-04-11 19:53:56', '2026-04-11 19:53:56', 0);
INSERT INTO `sys_message` VALUES (730, 14, 'BOOKING_AUDIT', '新预约待审核', '申请人：陈维护，设备：旋转蒸发仪，日期：2026-04-13 09:00-09:30，单号：ORD2042366308871852032。请在「预约审核」中处理。', 0, 503, 'booking_order', '2026-04-11 19:53:56', '2026-04-11 19:53:56', 0);
INSERT INTO `sys_message` VALUES (731, 1, 'BOOKING_AUDIT', '新预约待审核', '申请人：陈维护，设备：旋转蒸发仪，日期：2026-04-13 09:00-09:30，单号：ORD2042366308871852032。请在「预约审核」中处理。', 0, 503, 'booking_order', '2026-04-11 19:53:56', '2026-04-11 19:53:56', 0);
INSERT INTO `sys_message` VALUES (732, 19, 'BOOKING_AUDIT', '预约审核通过', '您的预约申请已审核通过，设备：旋转蒸发仪', 0, 503, 'booking_order', '2026-04-11 19:53:56', '2026-04-11 19:53:56', 0);
INSERT INTO `sys_message` VALUES (733, 2, 'BOOKING_AUDIT', '新预约待审核', '申请人：吴九，设备：高速离心机，日期：2026-04-17 14:00-14:30，单号：ORD2042384193828696064。请在「预约审核」中处理。', 0, 504, 'booking_order', '2026-04-11 19:53:56', '2026-04-11 19:53:56', 0);
INSERT INTO `sys_message` VALUES (734, 3, 'BOOKING_AUDIT', '新预约待审核', '申请人：吴九，设备：高速离心机，日期：2026-04-17 14:00-14:30，单号：ORD2042384193828696064。请在「预约审核」中处理。', 0, 504, 'booking_order', '2026-04-11 19:53:56', '2026-04-11 19:53:56', 0);
INSERT INTO `sys_message` VALUES (735, 14, 'BOOKING_AUDIT', '新预约待审核', '申请人：吴九，设备：高速离心机，日期：2026-04-17 14:00-14:30，单号：ORD2042384193828696064。请在「预约审核」中处理。', 0, 504, 'booking_order', '2026-04-11 19:53:56', '2026-04-11 19:53:56', 0);
INSERT INTO `sys_message` VALUES (736, 1, 'BOOKING_AUDIT', '新预约待审核', '申请人：吴九，设备：高速离心机，日期：2026-04-17 14:00-14:30，单号：ORD2042384193828696064。请在「预约审核」中处理。', 0, 504, 'booking_order', '2026-04-11 19:53:56', '2026-04-11 19:53:56', 0);
INSERT INTO `sys_message` VALUES (737, 4, 'BOOKING_AUDIT', '新预约待审核', '申请人：吴九，设备：高速离心机，日期：2026-04-17 14:00-14:30，单号：ORD2042384193828696064。请在「预约审核」中处理。', 0, 504, 'booking_order', '2026-04-11 19:53:56', '2026-04-11 19:53:56', 0);
INSERT INTO `sys_message` VALUES (738, 5, 'BOOKING_AUDIT', '新预约待审核', '申请人：吴九，设备：高速离心机，日期：2026-04-17 14:00-14:30，单号：ORD2042384193828696064。请在「预约审核」中处理。', 0, 504, 'booking_order', '2026-04-11 19:53:56', '2026-04-11 19:53:56', 0);
INSERT INTO `sys_message` VALUES (739, 6, 'BOOKING_AUDIT', '新预约待审核', '申请人：吴九，设备：高速离心机，日期：2026-04-17 14:00-14:30，单号：ORD2042384193828696064。请在「预约审核」中处理。', 0, 504, 'booking_order', '2026-04-11 19:53:56', '2026-04-11 19:53:56', 0);
INSERT INTO `sys_message` VALUES (740, 7, 'BOOKING_AUDIT', '新预约待审核', '申请人：吴九，设备：高速离心机，日期：2026-04-17 14:00-14:30，单号：ORD2042384193828696064。请在「预约审核」中处理。', 0, 504, 'booking_order', '2026-04-11 19:53:56', '2026-04-11 19:53:56', 0);
INSERT INTO `sys_message` VALUES (741, 8, 'BOOKING_AUDIT', '新预约待审核', '申请人：吴九，设备：高速离心机，日期：2026-04-17 14:00-14:30，单号：ORD2042384193828696064。请在「预约审核」中处理。', 0, 504, 'booking_order', '2026-04-11 19:53:56', '2026-04-11 19:53:56', 0);
INSERT INTO `sys_message` VALUES (742, 13, 'BOOKING_AUDIT', '新预约待审核', '申请人：吴九，设备：高速离心机，日期：2026-04-17 14:00-14:30，单号：ORD2042384193828696064。请在「预约审核」中处理。', 0, 504, 'booking_order', '2026-04-11 19:53:56', '2026-04-11 19:53:56', 0);
INSERT INTO `sys_message` VALUES (743, 15, 'BOOKING_AUDIT', '预约审核通过', '您的预约申请已审核通过，设备：高速离心机', 0, 504, 'booking_order', '2026-04-11 19:53:56', '2026-04-11 19:53:56', 0);
INSERT INTO `sys_message` VALUES (744, 2, 'BOOKING_AUDIT', '新预约待审核', '申请人：吴九，设备：高速离心机，日期：2026-04-17 18:00-18:30，单号：ORD2042385983152336896。请在「预约审核」中处理。', 0, 505, 'booking_order', '2026-04-11 19:53:56', '2026-04-11 19:53:56', 0);
INSERT INTO `sys_message` VALUES (745, 3, 'BOOKING_AUDIT', '新预约待审核', '申请人：吴九，设备：高速离心机，日期：2026-04-17 18:00-18:30，单号：ORD2042385983152336896。请在「预约审核」中处理。', 0, 505, 'booking_order', '2026-04-11 19:53:56', '2026-04-11 19:53:56', 0);
INSERT INTO `sys_message` VALUES (746, 14, 'BOOKING_AUDIT', '新预约待审核', '申请人：吴九，设备：高速离心机，日期：2026-04-17 18:00-18:30，单号：ORD2042385983152336896。请在「预约审核」中处理。', 0, 505, 'booking_order', '2026-04-11 19:53:56', '2026-04-11 19:53:56', 0);
INSERT INTO `sys_message` VALUES (747, 1, 'BOOKING_AUDIT', '新预约待审核', '申请人：吴九，设备：高速离心机，日期：2026-04-17 18:00-18:30，单号：ORD2042385983152336896。请在「预约审核」中处理。', 0, 505, 'booking_order', '2026-04-11 19:53:56', '2026-04-11 19:53:56', 0);
INSERT INTO `sys_message` VALUES (748, 4, 'BOOKING_AUDIT', '新预约待审核', '申请人：吴九，设备：高速离心机，日期：2026-04-17 18:00-18:30，单号：ORD2042385983152336896。请在「预约审核」中处理。', 0, 505, 'booking_order', '2026-04-11 19:53:56', '2026-04-11 19:53:56', 0);
INSERT INTO `sys_message` VALUES (749, 5, 'BOOKING_AUDIT', '新预约待审核', '申请人：吴九，设备：高速离心机，日期：2026-04-17 18:00-18:30，单号：ORD2042385983152336896。请在「预约审核」中处理。', 0, 505, 'booking_order', '2026-04-11 19:53:56', '2026-04-11 19:53:56', 0);
INSERT INTO `sys_message` VALUES (750, 6, 'BOOKING_AUDIT', '新预约待审核', '申请人：吴九，设备：高速离心机，日期：2026-04-17 18:00-18:30，单号：ORD2042385983152336896。请在「预约审核」中处理。', 0, 505, 'booking_order', '2026-04-11 19:53:56', '2026-04-11 19:53:56', 0);
INSERT INTO `sys_message` VALUES (751, 7, 'BOOKING_AUDIT', '新预约待审核', '申请人：吴九，设备：高速离心机，日期：2026-04-17 18:00-18:30，单号：ORD2042385983152336896。请在「预约审核」中处理。', 0, 505, 'booking_order', '2026-04-11 19:53:56', '2026-04-11 19:53:56', 0);
INSERT INTO `sys_message` VALUES (752, 8, 'BOOKING_AUDIT', '新预约待审核', '申请人：吴九，设备：高速离心机，日期：2026-04-17 18:00-18:30，单号：ORD2042385983152336896。请在「预约审核」中处理。', 0, 505, 'booking_order', '2026-04-11 19:53:56', '2026-04-11 19:53:56', 0);
INSERT INTO `sys_message` VALUES (753, 13, 'BOOKING_AUDIT', '新预约待审核', '申请人：吴九，设备：高速离心机，日期：2026-04-17 18:00-18:30，单号：ORD2042385983152336896。请在「预约审核」中处理。', 0, 505, 'booking_order', '2026-04-11 19:53:56', '2026-04-11 19:53:56', 0);
INSERT INTO `sys_message` VALUES (754, 19, 'REPAIR_ASSIGN', '系统自动分配工单', '系统自动分配给您一项维修工单，请及时处理。\n设备：高效液相色谱仪\n报修人：张志明\n故障描述：cs\n工单编号：WO2042390026935345152', 0, 27, 'repair_order', '2026-04-11 19:53:56', '2026-04-11 19:53:56', 0);
INSERT INTO `sys_message` VALUES (755, 3, 'BOOKING_AUDIT', '新预约待审核', '申请人：张志明，设备：村上春树，日期：2026-04-13 11:00-11:30，单号：ORD2042539813550792704。请在「预约审核」中处理。', 0, 506, 'booking_order', '2026-04-11 19:53:56', '2026-04-11 19:53:56', 0);
INSERT INTO `sys_message` VALUES (756, 14, 'BOOKING_AUDIT', '新预约待审核', '申请人：张志明，设备：村上春树，日期：2026-04-13 11:00-11:30，单号：ORD2042539813550792704。请在「预约审核」中处理。', 0, 506, 'booking_order', '2026-04-11 19:53:56', '2026-04-11 19:53:56', 0);
INSERT INTO `sys_message` VALUES (757, 1, 'BOOKING_AUDIT', '新预约待审核', '申请人：张志明，设备：村上春树，日期：2026-04-13 11:00-11:30，单号：ORD2042539813550792704。请在「预约审核」中处理。', 0, 506, 'booking_order', '2026-04-11 19:53:56', '2026-04-11 19:53:56', 0);
INSERT INTO `sys_message` VALUES (758, 3, 'BOOKING_AUDIT', '新预约待审核', '申请人：张志明，设备：村上春树，日期：2026-04-13 18:00-18:30，单号：ORD2042539911559094272。请在「预约审核」中处理。', 0, 507, 'booking_order', '2026-04-11 19:53:56', '2026-04-11 19:53:56', 0);
INSERT INTO `sys_message` VALUES (759, 14, 'BOOKING_AUDIT', '新预约待审核', '申请人：张志明，设备：村上春树，日期：2026-04-13 18:00-18:30，单号：ORD2042539911559094272。请在「预约审核」中处理。', 0, 507, 'booking_order', '2026-04-11 19:53:56', '2026-04-11 19:53:56', 0);
INSERT INTO `sys_message` VALUES (760, 1, 'BOOKING_AUDIT', '新预约待审核', '申请人：张志明，设备：村上春树，日期：2026-04-13 18:00-18:30，单号：ORD2042539911559094272。请在「预约审核」中处理。', 0, 507, 'booking_order', '2026-04-11 19:53:56', '2026-04-11 19:53:56', 0);
INSERT INTO `sys_message` VALUES (761, 2, 'BOOKING_AUDIT', '预约审核通过', '您的预约申请已审核通过，设备：原子吸收分光光度计', 0, 507, 'booking_order', '2026-04-11 19:53:56', '2026-04-11 19:53:56', 0);
INSERT INTO `sys_message` VALUES (762, 2, 'CALIBRATION_REMIND', '设备校准到期提醒', '设备「光学显微镜OM-2000」（编号：MIC-001）将于 3 天后（2026-04-14）到期校准，请及时安排校准工作。', 0, 1, 'device_info', '2026-04-11 19:53:56', '2026-04-11 19:53:56', 0);
INSERT INTO `sys_message` VALUES (763, 3, 'CALIBRATION_REMIND', '设备校准到期提醒', '设备「光学显微镜OM-2000」（编号：MIC-001）将于 3 天后（2026-04-14）到期校准，请及时安排校准工作。', 0, 1, 'device_info', '2026-04-11 19:53:56', '2026-04-11 19:53:56', 0);
INSERT INTO `sys_message` VALUES (764, 14, 'CALIBRATION_REMIND', '设备校准到期提醒', '设备「光学显微镜OM-2000」（编号：MIC-001）将于 3 天后（2026-04-14）到期校准，请及时安排校准工作。', 0, 1, 'device_info', '2026-04-11 19:53:56', '2026-04-11 19:53:56', 0);
INSERT INTO `sys_message` VALUES (765, 2, 'CALIBRATION_REMIND', '设备校准到期提醒', '设备「显微镜」（编号：MIC-005）将于 1 天后（2026-04-12）到期校准，请及时安排校准工作。', 0, 119, 'device_info', '2026-04-11 19:53:56', '2026-04-11 19:53:56', 0);
INSERT INTO `sys_message` VALUES (766, 3, 'CALIBRATION_REMIND', '设备校准到期提醒', '设备「显微镜」（编号：MIC-005）将于 1 天后（2026-04-12）到期校准，请及时安排校准工作。', 0, 119, 'device_info', '2026-04-11 19:53:56', '2026-04-11 19:53:56', 0);
INSERT INTO `sys_message` VALUES (767, 14, 'CALIBRATION_REMIND', '设备校准到期提醒', '设备「显微镜」（编号：MIC-005）将于 1 天后（2026-04-12）到期校准，请及时安排校准工作。', 0, 119, 'device_info', '2026-04-11 19:53:56', '2026-04-11 19:53:56', 0);
INSERT INTO `sys_message` VALUES (768, 2, 'BOOKING_AUDIT', '新预约待审核', '申请人：张三，设备：高速离心机，日期：2026-04-13 08:00-08:30，单号：ORD2042915194933989376。请在「预约审核」中处理。', 0, 508, 'booking_order', '2026-04-11 19:53:56', '2026-04-11 19:53:56', 0);
INSERT INTO `sys_message` VALUES (769, 3, 'BOOKING_AUDIT', '新预约待审核', '申请人：张三，设备：高速离心机，日期：2026-04-13 08:00-08:30，单号：ORD2042915194933989376。请在「预约审核」中处理。', 0, 508, 'booking_order', '2026-04-11 19:53:56', '2026-04-11 19:53:56', 0);
INSERT INTO `sys_message` VALUES (770, 14, 'BOOKING_AUDIT', '新预约待审核', '申请人：张三，设备：高速离心机，日期：2026-04-13 08:00-08:30，单号：ORD2042915194933989376。请在「预约审核」中处理。', 0, 508, 'booking_order', '2026-04-11 19:53:56', '2026-04-11 19:53:56', 0);
INSERT INTO `sys_message` VALUES (771, 1, 'BOOKING_AUDIT', '新预约待审核', '申请人：张三，设备：高速离心机，日期：2026-04-13 08:00-08:30，单号：ORD2042915194933989376。请在「预约审核」中处理。', 0, 508, 'booking_order', '2026-04-11 19:53:56', '2026-04-11 19:53:56', 0);
INSERT INTO `sys_message` VALUES (772, 4, 'BOOKING_AUDIT', '新预约待审核', '申请人：张三，设备：高速离心机，日期：2026-04-13 08:00-08:30，单号：ORD2042915194933989376。请在「预约审核」中处理。', 0, 508, 'booking_order', '2026-04-11 19:53:56', '2026-04-11 19:53:56', 0);
INSERT INTO `sys_message` VALUES (773, 5, 'BOOKING_AUDIT', '新预约待审核', '申请人：张三，设备：高速离心机，日期：2026-04-13 08:00-08:30，单号：ORD2042915194933989376。请在「预约审核」中处理。', 0, 508, 'booking_order', '2026-04-11 19:53:56', '2026-04-11 19:53:56', 0);
INSERT INTO `sys_message` VALUES (774, 6, 'BOOKING_AUDIT', '新预约待审核', '申请人：张三，设备：高速离心机，日期：2026-04-13 08:00-08:30，单号：ORD2042915194933989376。请在「预约审核」中处理。', 0, 508, 'booking_order', '2026-04-11 19:53:56', '2026-04-11 19:53:56', 0);
INSERT INTO `sys_message` VALUES (775, 7, 'BOOKING_AUDIT', '新预约待审核', '申请人：张三，设备：高速离心机，日期：2026-04-13 08:00-08:30，单号：ORD2042915194933989376。请在「预约审核」中处理。', 0, 508, 'booking_order', '2026-04-11 19:53:56', '2026-04-11 19:53:56', 0);
INSERT INTO `sys_message` VALUES (776, 13, 'BOOKING_AUDIT', '新预约待审核', '申请人：张三，设备：高速离心机，日期：2026-04-13 08:00-08:30，单号：ORD2042915194933989376。请在「预约审核」中处理。', 0, 508, 'booking_order', '2026-04-11 19:53:56', '2026-04-11 19:53:56', 0);
INSERT INTO `sys_message` VALUES (777, 2, 'CALIBRATION_REMIND', '设备校准到期提醒', '设备「光学显微镜OM-2000」（编号：MIC-001）将于 2 天后（2026-04-14）到期校准，请及时安排校准工作。', 0, 1, 'device_info', '2026-04-12 01:00:00', '2026-04-12 01:00:00', 0);
INSERT INTO `sys_message` VALUES (778, 3, 'CALIBRATION_REMIND', '设备校准到期提醒', '设备「光学显微镜OM-2000」（编号：MIC-001）将于 2 天后（2026-04-14）到期校准，请及时安排校准工作。', 0, 1, 'device_info', '2026-04-12 01:00:01', '2026-04-12 01:00:01', 0);
INSERT INTO `sys_message` VALUES (779, 14, 'CALIBRATION_REMIND', '设备校准到期提醒', '设备「光学显微镜OM-2000」（编号：MIC-001）将于 2 天后（2026-04-14）到期校准，请及时安排校准工作。', 0, 1, 'device_info', '2026-04-12 01:00:01', '2026-04-12 01:00:01', 0);
INSERT INTO `sys_message` VALUES (780, 2, 'CALIBRATION_REMIND', '设备校准到期提醒', '设备「显微镜」（编号：MIC-005）将于 0 天后（2026-04-12）到期校准，请及时安排校准工作。', 0, 119, 'device_info', '2026-04-12 01:00:01', '2026-04-12 01:00:01', 0);
INSERT INTO `sys_message` VALUES (781, 3, 'CALIBRATION_REMIND', '设备校准到期提醒', '设备「显微镜」（编号：MIC-005）将于 0 天后（2026-04-12）到期校准，请及时安排校准工作。', 0, 119, 'device_info', '2026-04-12 01:00:01', '2026-04-12 01:00:01', 0);
INSERT INTO `sys_message` VALUES (782, 14, 'CALIBRATION_REMIND', '设备校准到期提醒', '设备「显微镜」（编号：MIC-005）将于 0 天后（2026-04-12）到期校准，请及时安排校准工作。', 0, 119, 'device_info', '2026-04-12 01:00:01', '2026-04-12 01:00:01', 0);
INSERT INTO `sys_message` VALUES (783, 2, 'CALIBRATION_REMIND', '设备校准到期提醒', '设备「光学显微镜OM-2000」（编号：MIC-001）将于 1 天后（2026-04-14）到期校准，请及时安排校准工作。', 0, 1, 'device_info', '2026-04-13 01:00:00', '2026-04-13 01:00:00', 0);
INSERT INTO `sys_message` VALUES (784, 3, 'CALIBRATION_REMIND', '设备校准到期提醒', '设备「光学显微镜OM-2000」（编号：MIC-001）将于 1 天后（2026-04-14）到期校准，请及时安排校准工作。', 0, 1, 'device_info', '2026-04-13 01:00:00', '2026-04-13 01:00:00', 0);
INSERT INTO `sys_message` VALUES (785, 14, 'CALIBRATION_REMIND', '设备校准到期提醒', '设备「光学显微镜OM-2000」（编号：MIC-001）将于 1 天后（2026-04-14）到期校准，请及时安排校准工作。', 0, 1, 'device_info', '2026-04-13 01:00:00', '2026-04-13 01:00:00', 0);
INSERT INTO `sys_message` VALUES (786, 19, 'REPAIR_ASSIGN', '系统自动分配工单', '系统自动分配给您一项维修工单，请及时处理。\n设备：数字示波器\n报修人：罗海维\n故障描述：csc\n工单编号：WO2043687712007479296', 0, 28, 'repair_order', '2026-04-13 21:48:15', '2026-04-13 21:48:15', 0);
INSERT INTO `sys_message` VALUES (787, 20, 'REPAIR_ASSIGN', '系统自动分配工单', '系统自动分配给您一项维修工单，请及时处理。\n设备：旋转蒸发仪\n报修人：罗海维\n故障描述：cc\n工单编号：WO2043687862977257472', 0, 29, 'repair_order', '2026-04-13 21:48:51', '2026-04-13 21:48:51', 0);
INSERT INTO `sys_message` VALUES (788, 2, 'CALIBRATION_REMIND', '设备校准到期提醒', '设备「光学显微镜OM-2000」（编号：MIC-001）将于 0 天后（2026-04-14）到期校准，请及时安排校准工作。', 0, 1, 'device_info', '2026-04-14 01:00:00', '2026-04-14 01:00:00', 0);
INSERT INTO `sys_message` VALUES (789, 3, 'CALIBRATION_REMIND', '设备校准到期提醒', '设备「光学显微镜OM-2000」（编号：MIC-001）将于 0 天后（2026-04-14）到期校准，请及时安排校准工作。', 0, 1, 'device_info', '2026-04-14 01:00:00', '2026-04-14 01:00:00', 0);
INSERT INTO `sys_message` VALUES (790, 14, 'CALIBRATION_REMIND', '设备校准到期提醒', '设备「光学显微镜OM-2000」（编号：MIC-001）将于 0 天后（2026-04-14）到期校准，请及时安排校准工作。', 0, 1, 'device_info', '2026-04-14 01:00:00', '2026-04-14 01:00:00', 0);
INSERT INTO `sys_message` VALUES (791, 19, 'REPAIR_ASSIGN', '系统自动分配工单', '系统自动分配给您一项维修工单，请及时处理。\n设备：数字万用表\n报修人：刘毅\n故障描述：超出\n工单编号：WO2045891292458156032', 0, 30, 'repair_order', '2026-04-19 23:44:30', '2026-04-19 23:44:30', 0);
INSERT INTO `sys_message` VALUES (792, 18, 'REPAIR_ASSIGN', '工单处理完成', '您报修的设备（数字万用表）已维修完成，请前往确认。故障原因：成，解决方案：成', 0, 30, 'repair_order', '2026-04-19 23:46:32', '2026-04-19 23:46:32', 0);
INSERT INTO `sys_message` VALUES (793, 2, 'CALIBRATION_REMIND', '设备校准到期提醒', '设备「光学显微镜OM-2000」（编号：MIC-001）将于 1 天后（2026-04-21）到期校准，请及时安排校准工作。', 0, 1, 'device_info', '2026-04-20 01:00:00', '2026-04-20 01:00:00', 0);
INSERT INTO `sys_message` VALUES (794, 3, 'CALIBRATION_REMIND', '设备校准到期提醒', '设备「光学显微镜OM-2000」（编号：MIC-001）将于 1 天后（2026-04-21）到期校准，请及时安排校准工作。', 0, 1, 'device_info', '2026-04-20 01:00:00', '2026-04-20 01:00:00', 0);
INSERT INTO `sys_message` VALUES (795, 14, 'CALIBRATION_REMIND', '设备校准到期提醒', '设备「光学显微镜OM-2000」（编号：MIC-001）将于 1 天后（2026-04-21）到期校准，请及时安排校准工作。', 0, 1, 'device_info', '2026-04-20 01:00:00', '2026-04-20 01:00:00', 0);
INSERT INTO `sys_message` VALUES (796, 2, 'BOOKING_AUDIT', '新预约待审核', '申请人：张三，设备：光学显微镜OM-2000，日期：2026-04-23 18:00-18:30，单号：ORD2046911386902695936。请在「预约审核」中处理。', 0, 533, 'booking_order', '2026-04-22 19:17:59', '2026-04-22 19:17:59', 0);
INSERT INTO `sys_message` VALUES (797, 3, 'BOOKING_AUDIT', '新预约待审核', '申请人：张三，设备：光学显微镜OM-2000，日期：2026-04-23 18:00-18:30，单号：ORD2046911386902695936。请在「预约审核」中处理。', 0, 533, 'booking_order', '2026-04-22 19:17:59', '2026-04-22 19:17:59', 0);
INSERT INTO `sys_message` VALUES (798, 14, 'BOOKING_AUDIT', '新预约待审核', '申请人：张三，设备：光学显微镜OM-2000，日期：2026-04-23 18:00-18:30，单号：ORD2046911386902695936。请在「预约审核」中处理。', 0, 533, 'booking_order', '2026-04-22 19:17:59', '2026-04-22 19:17:59', 0);
INSERT INTO `sys_message` VALUES (799, 1, 'BOOKING_AUDIT', '新预约待审核', '申请人：张三，设备：光学显微镜OM-2000，日期：2026-04-23 18:00-18:30，单号：ORD2046911386902695936。请在「预约审核」中处理。', 0, 533, 'booking_order', '2026-04-22 19:17:59', '2026-04-22 19:17:59', 0);
INSERT INTO `sys_message` VALUES (800, 4, 'BOOKING_AUDIT', '新预约待审核', '申请人：张三，设备：光学显微镜OM-2000，日期：2026-04-23 18:00-18:30，单号：ORD2046911386902695936。请在「预约审核」中处理。', 0, 533, 'booking_order', '2026-04-22 19:17:59', '2026-04-22 19:17:59', 0);
INSERT INTO `sys_message` VALUES (801, 5, 'BOOKING_AUDIT', '新预约待审核', '申请人：张三，设备：光学显微镜OM-2000，日期：2026-04-23 18:00-18:30，单号：ORD2046911386902695936。请在「预约审核」中处理。', 0, 533, 'booking_order', '2026-04-22 19:17:59', '2026-04-22 19:17:59', 0);
INSERT INTO `sys_message` VALUES (802, 6, 'BOOKING_AUDIT', '新预约待审核', '申请人：张三，设备：光学显微镜OM-2000，日期：2026-04-23 18:00-18:30，单号：ORD2046911386902695936。请在「预约审核」中处理。', 0, 533, 'booking_order', '2026-04-22 19:17:59', '2026-04-22 19:17:59', 0);
INSERT INTO `sys_message` VALUES (803, 7, 'BOOKING_AUDIT', '新预约待审核', '申请人：张三，设备：光学显微镜OM-2000，日期：2026-04-23 18:00-18:30，单号：ORD2046911386902695936。请在「预约审核」中处理。', 0, 533, 'booking_order', '2026-04-22 19:17:59', '2026-04-22 19:17:59', 0);
INSERT INTO `sys_message` VALUES (804, 8, 'BOOKING_AUDIT', '新预约待审核', '申请人：张三，设备：光学显微镜OM-2000，日期：2026-04-23 18:00-18:30，单号：ORD2046911386902695936。请在「预约审核」中处理。', 0, 533, 'booking_order', '2026-04-22 19:17:59', '2026-04-22 19:17:59', 0);
INSERT INTO `sys_message` VALUES (805, 13, 'BOOKING_AUDIT', '新预约待审核', '申请人：张三，设备：光学显微镜OM-2000，日期：2026-04-23 18:00-18:30，单号：ORD2046911386902695936。请在「预约审核」中处理。', 0, 533, 'booking_order', '2026-04-22 19:17:59', '2026-04-22 19:17:59', 0);
INSERT INTO `sys_message` VALUES (806, 2, 'BOOKING_AUDIT', '新预约待审核', '申请人：张三，设备：数字万用表，日期：2026-04-23 18:00-18:30，单号：ORD2046911748229402624。请在「预约审核」中处理。', 0, 534, 'booking_order', '2026-04-22 19:19:25', '2026-04-22 19:19:25', 0);
INSERT INTO `sys_message` VALUES (807, 3, 'BOOKING_AUDIT', '新预约待审核', '申请人：张三，设备：数字万用表，日期：2026-04-23 18:00-18:30，单号：ORD2046911748229402624。请在「预约审核」中处理。', 0, 534, 'booking_order', '2026-04-22 19:19:25', '2026-04-22 19:19:25', 0);
INSERT INTO `sys_message` VALUES (808, 14, 'BOOKING_AUDIT', '新预约待审核', '申请人：张三，设备：数字万用表，日期：2026-04-23 18:00-18:30，单号：ORD2046911748229402624。请在「预约审核」中处理。', 0, 534, 'booking_order', '2026-04-22 19:19:25', '2026-04-22 19:19:25', 0);
INSERT INTO `sys_message` VALUES (809, 1, 'BOOKING_AUDIT', '新预约待审核', '申请人：张三，设备：数字万用表，日期：2026-04-23 18:00-18:30，单号：ORD2046911748229402624。请在「预约审核」中处理。', 0, 534, 'booking_order', '2026-04-22 19:19:25', '2026-04-22 19:19:25', 0);
INSERT INTO `sys_message` VALUES (810, 4, 'BOOKING_AUDIT', '新预约待审核', '申请人：张三，设备：数字万用表，日期：2026-04-23 18:00-18:30，单号：ORD2046911748229402624。请在「预约审核」中处理。', 0, 534, 'booking_order', '2026-04-22 19:19:25', '2026-04-22 19:19:25', 0);
INSERT INTO `sys_message` VALUES (811, 5, 'BOOKING_AUDIT', '新预约待审核', '申请人：张三，设备：数字万用表，日期：2026-04-23 18:00-18:30，单号：ORD2046911748229402624。请在「预约审核」中处理。', 0, 534, 'booking_order', '2026-04-22 19:19:25', '2026-04-22 19:19:25', 0);
INSERT INTO `sys_message` VALUES (812, 6, 'BOOKING_AUDIT', '新预约待审核', '申请人：张三，设备：数字万用表，日期：2026-04-23 18:00-18:30，单号：ORD2046911748229402624。请在「预约审核」中处理。', 0, 534, 'booking_order', '2026-04-22 19:19:25', '2026-04-22 19:19:25', 0);
INSERT INTO `sys_message` VALUES (813, 7, 'BOOKING_AUDIT', '新预约待审核', '申请人：张三，设备：数字万用表，日期：2026-04-23 18:00-18:30，单号：ORD2046911748229402624。请在「预约审核」中处理。', 0, 534, 'booking_order', '2026-04-22 19:19:25', '2026-04-22 19:19:25', 0);
INSERT INTO `sys_message` VALUES (814, 8, 'BOOKING_AUDIT', '新预约待审核', '申请人：张三，设备：数字万用表，日期：2026-04-23 18:00-18:30，单号：ORD2046911748229402624。请在「预约审核」中处理。', 0, 534, 'booking_order', '2026-04-22 19:19:25', '2026-04-22 19:19:25', 0);
INSERT INTO `sys_message` VALUES (815, 13, 'BOOKING_AUDIT', '新预约待审核', '申请人：张三，设备：数字万用表，日期：2026-04-23 18:00-18:30，单号：ORD2046911748229402624。请在「预约审核」中处理。', 0, 534, 'booking_order', '2026-04-22 19:19:25', '2026-04-22 19:19:25', 0);
INSERT INTO `sys_message` VALUES (816, 2, 'BOOKING_AUDIT', '新预约待审核', '申请人：张三，设备：数字万用表，日期：2026-04-24 18:00-18:30，单号：ORD2046918454791475200。请在「预约审核」中处理。', 0, 535, 'booking_order', '2026-04-22 19:46:04', '2026-04-22 19:46:04', 0);
INSERT INTO `sys_message` VALUES (817, 3, 'BOOKING_AUDIT', '新预约待审核', '申请人：张三，设备：数字万用表，日期：2026-04-24 18:00-18:30，单号：ORD2046918454791475200。请在「预约审核」中处理。', 0, 535, 'booking_order', '2026-04-22 19:46:04', '2026-04-22 19:46:04', 0);
INSERT INTO `sys_message` VALUES (818, 14, 'BOOKING_AUDIT', '新预约待审核', '申请人：张三，设备：数字万用表，日期：2026-04-24 18:00-18:30，单号：ORD2046918454791475200。请在「预约审核」中处理。', 0, 535, 'booking_order', '2026-04-22 19:46:04', '2026-04-22 19:46:04', 0);
INSERT INTO `sys_message` VALUES (819, 1, 'BOOKING_AUDIT', '新预约待审核', '申请人：张三，设备：数字万用表，日期：2026-04-24 18:00-18:30，单号：ORD2046918454791475200。请在「预约审核」中处理。', 0, 535, 'booking_order', '2026-04-22 19:46:04', '2026-04-22 19:46:04', 0);
INSERT INTO `sys_message` VALUES (820, 4, 'BOOKING_AUDIT', '新预约待审核', '申请人：张三，设备：数字万用表，日期：2026-04-24 18:00-18:30，单号：ORD2046918454791475200。请在「预约审核」中处理。', 0, 535, 'booking_order', '2026-04-22 19:46:04', '2026-04-22 19:46:04', 0);
INSERT INTO `sys_message` VALUES (821, 5, 'BOOKING_AUDIT', '新预约待审核', '申请人：张三，设备：数字万用表，日期：2026-04-24 18:00-18:30，单号：ORD2046918454791475200。请在「预约审核」中处理。', 0, 535, 'booking_order', '2026-04-22 19:46:04', '2026-04-22 19:46:04', 0);
INSERT INTO `sys_message` VALUES (822, 6, 'BOOKING_AUDIT', '新预约待审核', '申请人：张三，设备：数字万用表，日期：2026-04-24 18:00-18:30，单号：ORD2046918454791475200。请在「预约审核」中处理。', 0, 535, 'booking_order', '2026-04-22 19:46:04', '2026-04-22 19:46:04', 0);
INSERT INTO `sys_message` VALUES (823, 7, 'BOOKING_AUDIT', '新预约待审核', '申请人：张三，设备：数字万用表，日期：2026-04-24 18:00-18:30，单号：ORD2046918454791475200。请在「预约审核」中处理。', 0, 535, 'booking_order', '2026-04-22 19:46:04', '2026-04-22 19:46:04', 0);
INSERT INTO `sys_message` VALUES (824, 8, 'BOOKING_AUDIT', '新预约待审核', '申请人：张三，设备：数字万用表，日期：2026-04-24 18:00-18:30，单号：ORD2046918454791475200。请在「预约审核」中处理。', 0, 535, 'booking_order', '2026-04-22 19:46:04', '2026-04-22 19:46:04', 0);
INSERT INTO `sys_message` VALUES (825, 13, 'BOOKING_AUDIT', '新预约待审核', '申请人：张三，设备：数字万用表，日期：2026-04-24 18:00-18:30，单号：ORD2046918454791475200。请在「预约审核」中处理。', 0, 535, 'booking_order', '2026-04-22 19:46:04', '2026-04-22 19:46:04', 0);
INSERT INTO `sys_message` VALUES (826, 2, 'BOOKING_AUDIT', '新预约待审核', '申请人：张三，设备：数字万用表，日期：2026-05-09 18:00-18:30，单号：ORD2046918610609893376。请在「预约审核」中处理。', 0, 536, 'booking_order', '2026-04-22 19:46:41', '2026-04-22 19:46:41', 0);
INSERT INTO `sys_message` VALUES (827, 3, 'BOOKING_AUDIT', '新预约待审核', '申请人：张三，设备：数字万用表，日期：2026-05-09 18:00-18:30，单号：ORD2046918610609893376。请在「预约审核」中处理。', 0, 536, 'booking_order', '2026-04-22 19:46:41', '2026-04-22 19:46:41', 0);
INSERT INTO `sys_message` VALUES (828, 14, 'BOOKING_AUDIT', '新预约待审核', '申请人：张三，设备：数字万用表，日期：2026-05-09 18:00-18:30，单号：ORD2046918610609893376。请在「预约审核」中处理。', 0, 536, 'booking_order', '2026-04-22 19:46:41', '2026-04-22 19:46:41', 0);
INSERT INTO `sys_message` VALUES (829, 1, 'BOOKING_AUDIT', '新预约待审核', '申请人：张三，设备：数字万用表，日期：2026-05-09 18:00-18:30，单号：ORD2046918610609893376。请在「预约审核」中处理。', 0, 536, 'booking_order', '2026-04-22 19:46:41', '2026-04-22 19:46:41', 0);
INSERT INTO `sys_message` VALUES (830, 4, 'BOOKING_AUDIT', '新预约待审核', '申请人：张三，设备：数字万用表，日期：2026-05-09 18:00-18:30，单号：ORD2046918610609893376。请在「预约审核」中处理。', 0, 536, 'booking_order', '2026-04-22 19:46:41', '2026-04-22 19:46:41', 0);
INSERT INTO `sys_message` VALUES (831, 5, 'BOOKING_AUDIT', '新预约待审核', '申请人：张三，设备：数字万用表，日期：2026-05-09 18:00-18:30，单号：ORD2046918610609893376。请在「预约审核」中处理。', 0, 536, 'booking_order', '2026-04-22 19:46:41', '2026-04-22 19:46:41', 0);
INSERT INTO `sys_message` VALUES (832, 6, 'BOOKING_AUDIT', '新预约待审核', '申请人：张三，设备：数字万用表，日期：2026-05-09 18:00-18:30，单号：ORD2046918610609893376。请在「预约审核」中处理。', 0, 536, 'booking_order', '2026-04-22 19:46:41', '2026-04-22 19:46:41', 0);
INSERT INTO `sys_message` VALUES (833, 7, 'BOOKING_AUDIT', '新预约待审核', '申请人：张三，设备：数字万用表，日期：2026-05-09 18:00-18:30，单号：ORD2046918610609893376。请在「预约审核」中处理。', 0, 536, 'booking_order', '2026-04-22 19:46:41', '2026-04-22 19:46:41', 0);
INSERT INTO `sys_message` VALUES (834, 8, 'BOOKING_AUDIT', '新预约待审核', '申请人：张三，设备：数字万用表，日期：2026-05-09 18:00-18:30，单号：ORD2046918610609893376。请在「预约审核」中处理。', 0, 536, 'booking_order', '2026-04-22 19:46:41', '2026-04-22 19:46:41', 0);
INSERT INTO `sys_message` VALUES (835, 13, 'BOOKING_AUDIT', '新预约待审核', '申请人：张三，设备：数字万用表，日期：2026-05-09 18:00-18:30，单号：ORD2046918610609893376。请在「预约审核」中处理。', 0, 536, 'booking_order', '2026-04-22 19:46:41', '2026-04-22 19:46:41', 0);
INSERT INTO `sys_message` VALUES (836, 2, 'BOOKING_AUDIT', '新预约待审核', '申请人：张三，设备：原子吸收分光光度计，日期：2026-04-24 18:00-18:30，单号：ORD2046931063892709376。请在「预约审核」中处理。', 0, 537, 'booking_order', '2026-04-22 20:36:10', '2026-04-22 20:36:10', 0);
INSERT INTO `sys_message` VALUES (837, 3, 'BOOKING_AUDIT', '新预约待审核', '申请人：张三，设备：原子吸收分光光度计，日期：2026-04-24 18:00-18:30，单号：ORD2046931063892709376。请在「预约审核」中处理。', 0, 537, 'booking_order', '2026-04-22 20:36:10', '2026-04-22 20:36:10', 0);
INSERT INTO `sys_message` VALUES (838, 14, 'BOOKING_AUDIT', '新预约待审核', '申请人：张三，设备：原子吸收分光光度计，日期：2026-04-24 18:00-18:30，单号：ORD2046931063892709376。请在「预约审核」中处理。', 0, 537, 'booking_order', '2026-04-22 20:36:10', '2026-04-22 20:36:10', 0);
INSERT INTO `sys_message` VALUES (839, 1, 'BOOKING_AUDIT', '新预约待审核', '申请人：张三，设备：原子吸收分光光度计，日期：2026-04-24 18:00-18:30，单号：ORD2046931063892709376。请在「预约审核」中处理。', 0, 537, 'booking_order', '2026-04-22 20:36:10', '2026-04-22 20:36:10', 0);
INSERT INTO `sys_message` VALUES (840, 4, 'BOOKING_AUDIT', '新预约待审核', '申请人：张三，设备：原子吸收分光光度计，日期：2026-04-24 18:00-18:30，单号：ORD2046931063892709376。请在「预约审核」中处理。', 0, 537, 'booking_order', '2026-04-22 20:36:10', '2026-04-22 20:36:10', 0);
INSERT INTO `sys_message` VALUES (841, 5, 'BOOKING_AUDIT', '新预约待审核', '申请人：张三，设备：原子吸收分光光度计，日期：2026-04-24 18:00-18:30，单号：ORD2046931063892709376。请在「预约审核」中处理。', 0, 537, 'booking_order', '2026-04-22 20:36:10', '2026-04-22 20:36:10', 0);
INSERT INTO `sys_message` VALUES (842, 6, 'BOOKING_AUDIT', '新预约待审核', '申请人：张三，设备：原子吸收分光光度计，日期：2026-04-24 18:00-18:30，单号：ORD2046931063892709376。请在「预约审核」中处理。', 0, 537, 'booking_order', '2026-04-22 20:36:10', '2026-04-22 20:36:10', 0);
INSERT INTO `sys_message` VALUES (843, 7, 'BOOKING_AUDIT', '新预约待审核', '申请人：张三，设备：原子吸收分光光度计，日期：2026-04-24 18:00-18:30，单号：ORD2046931063892709376。请在「预约审核」中处理。', 0, 537, 'booking_order', '2026-04-22 20:36:10', '2026-04-22 20:36:10', 0);
INSERT INTO `sys_message` VALUES (844, 8, 'BOOKING_AUDIT', '新预约待审核', '申请人：张三，设备：原子吸收分光光度计，日期：2026-04-24 18:00-18:30，单号：ORD2046931063892709376。请在「预约审核」中处理。', 0, 537, 'booking_order', '2026-04-22 20:36:10', '2026-04-22 20:36:10', 0);
INSERT INTO `sys_message` VALUES (845, 13, 'BOOKING_AUDIT', '新预约待审核', '申请人：张三，设备：原子吸收分光光度计，日期：2026-04-24 18:00-18:30，单号：ORD2046931063892709376。请在「预约审核」中处理。', 0, 537, 'booking_order', '2026-04-22 20:36:10', '2026-04-22 20:36:10', 0);
INSERT INTO `sys_message` VALUES (846, 9, 'BOOKING_AUDIT', '预约审核未通过', '您的预约申请未通过审核，原因：测试', 0, 537, 'booking_order', '2026-04-22 21:15:41', '2026-04-22 21:15:41', 0);
INSERT INTO `sys_message` VALUES (847, 2, 'BOOKING_AUDIT', '新预约待审核', '申请人：罗海维，设备：光学显微镜OM-2000，日期：2026-04-24 08:00-08:30，单号：ORD2047006541454249984。请在「预约审核」中处理。', 0, 538, 'booking_order', '2026-04-23 01:36:06', '2026-04-23 01:36:06', 0);
INSERT INTO `sys_message` VALUES (848, 3, 'BOOKING_AUDIT', '新预约待审核', '申请人：罗海维，设备：光学显微镜OM-2000，日期：2026-04-24 08:00-08:30，单号：ORD2047006541454249984。请在「预约审核」中处理。', 0, 538, 'booking_order', '2026-04-23 01:36:06', '2026-04-23 01:36:06', 0);
INSERT INTO `sys_message` VALUES (849, 14, 'BOOKING_AUDIT', '新预约待审核', '申请人：罗海维，设备：光学显微镜OM-2000，日期：2026-04-24 08:00-08:30，单号：ORD2047006541454249984。请在「预约审核」中处理。', 0, 538, 'booking_order', '2026-04-23 01:36:06', '2026-04-23 01:36:06', 0);
INSERT INTO `sys_message` VALUES (850, 1, 'BOOKING_AUDIT', '预约审核通过', '您的预约申请已审核通过，设备：光学显微镜OM-2000', 0, 538, 'booking_order', '2026-04-23 01:36:12', '2026-04-23 01:36:12', 0);
INSERT INTO `sys_message` VALUES (851, 2, 'BOOKING_AUDIT', '新预约待审核', '申请人：王建国，设备：原子吸收分光光度计，日期：2026-04-25 18:00-18:30，单号：ORD2047008948380848128。请在「预约审核」中处理。', 0, 539, 'booking_order', '2026-04-23 01:45:40', '2026-04-23 01:45:40', 0);
INSERT INTO `sys_message` VALUES (852, 3, 'BOOKING_AUDIT', '新预约待审核', '申请人：王建国，设备：原子吸收分光光度计，日期：2026-04-25 18:00-18:30，单号：ORD2047008948380848128。请在「预约审核」中处理。', 0, 539, 'booking_order', '2026-04-23 01:45:40', '2026-04-23 01:45:40', 0);
INSERT INTO `sys_message` VALUES (853, 14, 'BOOKING_AUDIT', '新预约待审核', '申请人：王建国，设备：原子吸收分光光度计，日期：2026-04-25 18:00-18:30，单号：ORD2047008948380848128。请在「预约审核」中处理。', 0, 539, 'booking_order', '2026-04-23 01:45:40', '2026-04-23 01:45:40', 0);
INSERT INTO `sys_message` VALUES (854, 1, 'BOOKING_AUDIT', '新预约待审核', '申请人：王建国，设备：原子吸收分光光度计，日期：2026-04-25 18:00-18:30，单号：ORD2047008948380848128。请在「预约审核」中处理。', 0, 539, 'booking_order', '2026-04-23 01:45:40', '2026-04-23 01:45:40', 0);
INSERT INTO `sys_message` VALUES (855, 4, 'BOOKING_AUDIT', '预约审核通过', '您的预约申请已审核通过，设备：原子吸收分光光度计', 0, 539, 'booking_order', '2026-04-23 01:45:58', '2026-04-23 01:45:58', 0);
INSERT INTO `sys_message` VALUES (856, 2, 'BOOKING_AUDIT', '新预约待审核', '申请人：王建国，设备：原子吸收分光光度计，日期：2026-04-25 19:00-19:30，单号：ORD2047009104702558208。请在「预约审核」中处理。', 0, 540, 'booking_order', '2026-04-23 01:46:17', '2026-04-23 01:46:17', 0);
INSERT INTO `sys_message` VALUES (857, 3, 'BOOKING_AUDIT', '新预约待审核', '申请人：王建国，设备：原子吸收分光光度计，日期：2026-04-25 19:00-19:30，单号：ORD2047009104702558208。请在「预约审核」中处理。', 0, 540, 'booking_order', '2026-04-23 01:46:17', '2026-04-23 01:46:17', 0);
INSERT INTO `sys_message` VALUES (858, 14, 'BOOKING_AUDIT', '新预约待审核', '申请人：王建国，设备：原子吸收分光光度计，日期：2026-04-25 19:00-19:30，单号：ORD2047009104702558208。请在「预约审核」中处理。', 0, 540, 'booking_order', '2026-04-23 01:46:17', '2026-04-23 01:46:17', 0);
INSERT INTO `sys_message` VALUES (859, 1, 'BOOKING_AUDIT', '新预约待审核', '申请人：王建国，设备：原子吸收分光光度计，日期：2026-04-25 19:00-19:30，单号：ORD2047009104702558208。请在「预约审核」中处理。', 0, 540, 'booking_order', '2026-04-23 01:46:17', '2026-04-23 01:46:17', 0);
INSERT INTO `sys_message` VALUES (860, 2, 'BOOKING_AUDIT', '新预约待审核', '申请人：王建国，设备：原子吸收分光光度计，日期：2026-04-25 08:00-08:30，单号：ORD2047009223137120256。请在「预约审核」中处理。', 0, 541, 'booking_order', '2026-04-23 01:46:45', '2026-04-23 01:46:45', 0);
INSERT INTO `sys_message` VALUES (861, 3, 'BOOKING_AUDIT', '新预约待审核', '申请人：王建国，设备：原子吸收分光光度计，日期：2026-04-25 08:00-08:30，单号：ORD2047009223137120256。请在「预约审核」中处理。', 0, 541, 'booking_order', '2026-04-23 01:46:45', '2026-04-23 01:46:45', 0);
INSERT INTO `sys_message` VALUES (862, 14, 'BOOKING_AUDIT', '新预约待审核', '申请人：王建国，设备：原子吸收分光光度计，日期：2026-04-25 08:00-08:30，单号：ORD2047009223137120256。请在「预约审核」中处理。', 0, 541, 'booking_order', '2026-04-23 01:46:45', '2026-04-23 01:46:45', 0);
INSERT INTO `sys_message` VALUES (863, 1, 'BOOKING_AUDIT', '新预约待审核', '申请人：王建国，设备：原子吸收分光光度计，日期：2026-04-25 08:00-08:30，单号：ORD2047009223137120256。请在「预约审核」中处理。', 0, 541, 'booking_order', '2026-04-23 01:46:45', '2026-04-23 01:46:45', 0);
INSERT INTO `sys_message` VALUES (864, 4, 'BOOKING_AUDIT', '预约审核通过', '您的预约申请已审核通过，设备：原子吸收分光光度计', 0, 541, 'booking_order', '2026-04-23 01:46:49', '2026-04-23 01:46:49', 0);
INSERT INTO `sys_message` VALUES (865, 2, 'BOOKING_AUDIT', '新预约待审核', '申请人：王建国，设备：原子吸收分光光度计，日期：2026-04-25 09:00-09:30，单号：ORD2047009280498421760。请在「预约审核」中处理。', 0, 542, 'booking_order', '2026-04-23 01:46:59', '2026-04-23 01:46:59', 0);
INSERT INTO `sys_message` VALUES (866, 3, 'BOOKING_AUDIT', '新预约待审核', '申请人：王建国，设备：原子吸收分光光度计，日期：2026-04-25 09:00-09:30，单号：ORD2047009280498421760。请在「预约审核」中处理。', 0, 542, 'booking_order', '2026-04-23 01:46:59', '2026-04-23 01:46:59', 0);
INSERT INTO `sys_message` VALUES (867, 14, 'BOOKING_AUDIT', '新预约待审核', '申请人：王建国，设备：原子吸收分光光度计，日期：2026-04-25 09:00-09:30，单号：ORD2047009280498421760。请在「预约审核」中处理。', 0, 542, 'booking_order', '2026-04-23 01:46:59', '2026-04-23 01:46:59', 0);
INSERT INTO `sys_message` VALUES (868, 1, 'BOOKING_AUDIT', '新预约待审核', '申请人：王建国，设备：原子吸收分光光度计，日期：2026-04-25 09:00-09:30，单号：ORD2047009280498421760。请在「预约审核」中处理。', 0, 542, 'booking_order', '2026-04-23 01:46:59', '2026-04-23 01:46:59', 0);
INSERT INTO `sys_message` VALUES (869, 1, 'REPAIR_ASSIGN', '工单处理完成', '您报修的设备（数字示波器）已维修完成，请前往确认。故障原因：，解决方案：', 0, 28, 'repair_order', '2026-04-23 01:49:41', '2026-04-23 01:49:41', 0);
INSERT INTO `sys_message` VALUES (870, 19, 'REPAIR_ASSIGN', '系统自动分配工单', '系统自动分配给您一项维修工单，请及时处理。\n设备：光学显微镜OM-2000\n报修人：罗海维\n故障描述：测试\n工单编号：WO2047010250519302144', 0, 31, 'repair_order', '2026-04-23 01:50:50', '2026-04-23 01:50:50', 0);
INSERT INTO `sys_message` VALUES (871, 1, 'REPAIR_ASSIGN', '工单处理完成', '您报修的设备（光学显微镜OM-2000）已维修完成，请前往确认。故障原因：测试，解决方案：测试', 0, 31, 'repair_order', '2026-04-23 01:51:04', '2026-04-23 01:51:04', 0);
INSERT INTO `sys_message` VALUES (872, 2, 'BOOKING_AUDIT', '新预约待审核', '申请人：陈维护，设备：高速离心机，日期：2026-04-24 08:00-08:30，单号：ORD2047018241767264256。请在「预约审核」中处理。', 0, 547, 'booking_order', '2026-04-23 02:22:35', '2026-04-23 02:22:35', 0);
INSERT INTO `sys_message` VALUES (873, 3, 'BOOKING_AUDIT', '新预约待审核', '申请人：陈维护，设备：高速离心机，日期：2026-04-24 08:00-08:30，单号：ORD2047018241767264256。请在「预约审核」中处理。', 0, 547, 'booking_order', '2026-04-23 02:22:35', '2026-04-23 02:22:35', 0);
INSERT INTO `sys_message` VALUES (874, 14, 'BOOKING_AUDIT', '新预约待审核', '申请人：陈维护，设备：高速离心机，日期：2026-04-24 08:00-08:30，单号：ORD2047018241767264256。请在「预约审核」中处理。', 0, 547, 'booking_order', '2026-04-23 02:22:35', '2026-04-23 02:22:35', 0);
INSERT INTO `sys_message` VALUES (875, 1, 'BOOKING_AUDIT', '新预约待审核', '申请人：陈维护，设备：高速离心机，日期：2026-04-24 08:00-08:30，单号：ORD2047018241767264256。请在「预约审核」中处理。', 0, 547, 'booking_order', '2026-04-23 02:22:35', '2026-04-23 02:22:35', 0);
INSERT INTO `sys_message` VALUES (876, 19, 'BOOKING_AUDIT', '预约审核未通过', '您的预约申请未通过审核，原因：超出', 0, 547, 'booking_order', '2026-04-23 02:22:49', '2026-04-23 02:22:49', 0);
INSERT INTO `sys_message` VALUES (877, 2, 'BOOKING_AUDIT', '新预约待审核', '申请人：罗海维，设备：光学显微镜OM-2000，日期：2026-04-24 15:00-15:30，单号：ORD2047019279450656768。请在「预约审核」中处理。', 0, 548, 'booking_order', '2026-04-23 02:26:43', '2026-04-23 02:26:43', 0);
INSERT INTO `sys_message` VALUES (878, 3, 'BOOKING_AUDIT', '新预约待审核', '申请人：罗海维，设备：光学显微镜OM-2000，日期：2026-04-24 15:00-15:30，单号：ORD2047019279450656768。请在「预约审核」中处理。', 0, 548, 'booking_order', '2026-04-23 02:26:43', '2026-04-23 02:26:43', 0);
INSERT INTO `sys_message` VALUES (879, 14, 'BOOKING_AUDIT', '新预约待审核', '申请人：罗海维，设备：光学显微镜OM-2000，日期：2026-04-24 15:00-15:30，单号：ORD2047019279450656768。请在「预约审核」中处理。', 0, 548, 'booking_order', '2026-04-23 02:26:43', '2026-04-23 02:26:43', 0);
INSERT INTO `sys_message` VALUES (880, 1, 'BOOKING_AUDIT', '预约审核通过', '您的预约申请已审核通过，设备：光学显微镜OM-2000', 0, 548, 'booking_order', '2026-04-23 02:26:52', '2026-04-23 02:26:52', 0);
INSERT INTO `sys_message` VALUES (881, 2, 'BOOKING_AUDIT', '新预约待审核', '申请人：student，设备：HPLC-1260，日期：2026-04-25 19:00-19:30，单号：ORD2047305215786991616。请在「预约审核」中处理。', 0, 549, 'booking_order', '2026-04-23 21:22:55', '2026-04-23 21:22:55', 0);
INSERT INTO `sys_message` VALUES (882, 3, 'BOOKING_AUDIT', '新预约待审核', '申请人：student，设备：HPLC-1260，日期：2026-04-25 19:00-19:30，单号：ORD2047305215786991616。请在「预约审核」中处理。', 0, 549, 'booking_order', '2026-04-23 21:22:55', '2026-04-23 21:22:55', 0);
INSERT INTO `sys_message` VALUES (883, 14, 'BOOKING_AUDIT', '新预约待审核', '申请人：student，设备：HPLC-1260，日期：2026-04-25 19:00-19:30，单号：ORD2047305215786991616。请在「预约审核」中处理。', 0, 549, 'booking_order', '2026-04-23 21:22:55', '2026-04-23 21:22:55', 0);
INSERT INTO `sys_message` VALUES (884, 1, 'BOOKING_AUDIT', '新预约待审核', '申请人：student，设备：HPLC-1260，日期：2026-04-25 19:00-19:30，单号：ORD2047305215786991616。请在「预约审核」中处理。', 0, 549, 'booking_order', '2026-04-23 21:22:55', '2026-04-23 21:22:55', 0);
INSERT INTO `sys_message` VALUES (885, 4, 'BOOKING_AUDIT', '新预约待审核', '申请人：student，设备：HPLC-1260，日期：2026-04-25 19:00-19:30，单号：ORD2047305215786991616。请在「预约审核」中处理。', 0, 549, 'booking_order', '2026-04-23 21:22:55', '2026-04-23 21:22:55', 0);
INSERT INTO `sys_message` VALUES (886, 5, 'BOOKING_AUDIT', '新预约待审核', '申请人：student，设备：HPLC-1260，日期：2026-04-25 19:00-19:30，单号：ORD2047305215786991616。请在「预约审核」中处理。', 0, 549, 'booking_order', '2026-04-23 21:22:55', '2026-04-23 21:22:55', 0);
INSERT INTO `sys_message` VALUES (887, 6, 'BOOKING_AUDIT', '新预约待审核', '申请人：student，设备：HPLC-1260，日期：2026-04-25 19:00-19:30，单号：ORD2047305215786991616。请在「预约审核」中处理。', 0, 549, 'booking_order', '2026-04-23 21:22:55', '2026-04-23 21:22:55', 0);
INSERT INTO `sys_message` VALUES (888, 7, 'BOOKING_AUDIT', '新预约待审核', '申请人：student，设备：HPLC-1260，日期：2026-04-25 19:00-19:30，单号：ORD2047305215786991616。请在「预约审核」中处理。', 0, 549, 'booking_order', '2026-04-23 21:22:55', '2026-04-23 21:22:55', 0);
INSERT INTO `sys_message` VALUES (889, 8, 'BOOKING_AUDIT', '新预约待审核', '申请人：student，设备：HPLC-1260，日期：2026-04-25 19:00-19:30，单号：ORD2047305215786991616。请在「预约审核」中处理。', 0, 549, 'booking_order', '2026-04-23 21:22:55', '2026-04-23 21:22:55', 0);
INSERT INTO `sys_message` VALUES (890, 13, 'BOOKING_AUDIT', '新预约待审核', '申请人：student，设备：HPLC-1260，日期：2026-04-25 19:00-19:30，单号：ORD2047305215786991616。请在「预约审核」中处理。', 0, 549, 'booking_order', '2026-04-23 21:22:55', '2026-04-23 21:22:55', 0);
INSERT INTO `sys_message` VALUES (891, 117, 'BOOKING_AUDIT', '预约审核通过', '您的预约申请已审核通过，设备：HPLC-1260', 0, 549, 'booking_order', '2026-04-23 21:25:04', '2026-04-23 21:25:04', 0);
INSERT INTO `sys_message` VALUES (892, 2, 'BOOKING_AUDIT', '新预约待审核', '申请人：student，设备：HPLC-1260，日期：2026-04-25 08:00-08:30，单号：ORD2047309155475767296。请在「预约审核」中处理。', 0, 550, 'booking_order', '2026-04-23 21:38:34', '2026-04-23 21:38:34', 0);
INSERT INTO `sys_message` VALUES (893, 3, 'BOOKING_AUDIT', '新预约待审核', '申请人：student，设备：HPLC-1260，日期：2026-04-25 08:00-08:30，单号：ORD2047309155475767296。请在「预约审核」中处理。', 0, 550, 'booking_order', '2026-04-23 21:38:34', '2026-04-23 21:38:34', 0);
INSERT INTO `sys_message` VALUES (894, 14, 'BOOKING_AUDIT', '新预约待审核', '申请人：student，设备：HPLC-1260，日期：2026-04-25 08:00-08:30，单号：ORD2047309155475767296。请在「预约审核」中处理。', 0, 550, 'booking_order', '2026-04-23 21:38:34', '2026-04-23 21:38:34', 0);
INSERT INTO `sys_message` VALUES (895, 1, 'BOOKING_AUDIT', '新预约待审核', '申请人：student，设备：HPLC-1260，日期：2026-04-25 08:00-08:30，单号：ORD2047309155475767296。请在「预约审核」中处理。', 0, 550, 'booking_order', '2026-04-23 21:38:34', '2026-04-23 21:38:34', 0);
INSERT INTO `sys_message` VALUES (896, 4, 'BOOKING_AUDIT', '新预约待审核', '申请人：student，设备：HPLC-1260，日期：2026-04-25 08:00-08:30，单号：ORD2047309155475767296。请在「预约审核」中处理。', 0, 550, 'booking_order', '2026-04-23 21:38:34', '2026-04-23 21:38:34', 0);
INSERT INTO `sys_message` VALUES (897, 5, 'BOOKING_AUDIT', '新预约待审核', '申请人：student，设备：HPLC-1260，日期：2026-04-25 08:00-08:30，单号：ORD2047309155475767296。请在「预约审核」中处理。', 0, 550, 'booking_order', '2026-04-23 21:38:34', '2026-04-23 21:38:34', 0);
INSERT INTO `sys_message` VALUES (898, 6, 'BOOKING_AUDIT', '新预约待审核', '申请人：student，设备：HPLC-1260，日期：2026-04-25 08:00-08:30，单号：ORD2047309155475767296。请在「预约审核」中处理。', 0, 550, 'booking_order', '2026-04-23 21:38:35', '2026-04-23 21:38:35', 0);
INSERT INTO `sys_message` VALUES (899, 7, 'BOOKING_AUDIT', '新预约待审核', '申请人：student，设备：HPLC-1260，日期：2026-04-25 08:00-08:30，单号：ORD2047309155475767296。请在「预约审核」中处理。', 0, 550, 'booking_order', '2026-04-23 21:38:35', '2026-04-23 21:38:35', 0);
INSERT INTO `sys_message` VALUES (900, 8, 'BOOKING_AUDIT', '新预约待审核', '申请人：student，设备：HPLC-1260，日期：2026-04-25 08:00-08:30，单号：ORD2047309155475767296。请在「预约审核」中处理。', 0, 550, 'booking_order', '2026-04-23 21:38:35', '2026-04-23 21:38:35', 0);
INSERT INTO `sys_message` VALUES (901, 13, 'BOOKING_AUDIT', '新预约待审核', '申请人：student，设备：HPLC-1260，日期：2026-04-25 08:00-08:30，单号：ORD2047309155475767296。请在「预约审核」中处理。', 0, 550, 'booking_order', '2026-04-23 21:38:35', '2026-04-23 21:38:35', 0);
INSERT INTO `sys_message` VALUES (902, 2, 'BOOKING_AUDIT', '新预约待审核', '申请人：刘毅，设备：HPLC-1260，日期：2026-04-25 09:00-09:30，单号：ORD2047309568077840384。请在「预约审核」中处理。', 0, 551, 'booking_order', '2026-04-23 21:40:13', '2026-04-23 21:40:13', 0);
INSERT INTO `sys_message` VALUES (903, 3, 'BOOKING_AUDIT', '新预约待审核', '申请人：刘毅，设备：HPLC-1260，日期：2026-04-25 09:00-09:30，单号：ORD2047309568077840384。请在「预约审核」中处理。', 0, 551, 'booking_order', '2026-04-23 21:40:13', '2026-04-23 21:40:13', 0);
INSERT INTO `sys_message` VALUES (904, 14, 'BOOKING_AUDIT', '新预约待审核', '申请人：刘毅，设备：HPLC-1260，日期：2026-04-25 09:00-09:30，单号：ORD2047309568077840384。请在「预约审核」中处理。', 0, 551, 'booking_order', '2026-04-23 21:40:13', '2026-04-23 21:40:13', 0);
INSERT INTO `sys_message` VALUES (905, 1, 'BOOKING_AUDIT', '新预约待审核', '申请人：刘毅，设备：HPLC-1260，日期：2026-04-25 09:00-09:30，单号：ORD2047309568077840384。请在「预约审核」中处理。', 0, 551, 'booking_order', '2026-04-23 21:40:13', '2026-04-23 21:40:13', 0);
INSERT INTO `sys_message` VALUES (906, 4, 'BOOKING_AUDIT', '新预约待审核', '申请人：刘毅，设备：HPLC-1260，日期：2026-04-25 09:00-09:30，单号：ORD2047309568077840384。请在「预约审核」中处理。', 0, 551, 'booking_order', '2026-04-23 21:40:13', '2026-04-23 21:40:13', 0);
INSERT INTO `sys_message` VALUES (907, 5, 'BOOKING_AUDIT', '新预约待审核', '申请人：刘毅，设备：HPLC-1260，日期：2026-04-25 09:00-09:30，单号：ORD2047309568077840384。请在「预约审核」中处理。', 0, 551, 'booking_order', '2026-04-23 21:40:13', '2026-04-23 21:40:13', 0);
INSERT INTO `sys_message` VALUES (908, 6, 'BOOKING_AUDIT', '新预约待审核', '申请人：刘毅，设备：HPLC-1260，日期：2026-04-25 09:00-09:30，单号：ORD2047309568077840384。请在「预约审核」中处理。', 0, 551, 'booking_order', '2026-04-23 21:40:13', '2026-04-23 21:40:13', 0);
INSERT INTO `sys_message` VALUES (909, 7, 'BOOKING_AUDIT', '新预约待审核', '申请人：刘毅，设备：HPLC-1260，日期：2026-04-25 09:00-09:30，单号：ORD2047309568077840384。请在「预约审核」中处理。', 0, 551, 'booking_order', '2026-04-23 21:40:13', '2026-04-23 21:40:13', 0);
INSERT INTO `sys_message` VALUES (910, 8, 'BOOKING_AUDIT', '新预约待审核', '申请人：刘毅，设备：HPLC-1260，日期：2026-04-25 09:00-09:30，单号：ORD2047309568077840384。请在「预约审核」中处理。', 0, 551, 'booking_order', '2026-04-23 21:40:13', '2026-04-23 21:40:13', 0);
INSERT INTO `sys_message` VALUES (911, 13, 'BOOKING_AUDIT', '新预约待审核', '申请人：刘毅，设备：HPLC-1260，日期：2026-04-25 09:00-09:30，单号：ORD2047309568077840384。请在「预约审核」中处理。', 0, 551, 'booking_order', '2026-04-23 21:40:13', '2026-04-23 21:40:13', 0);
INSERT INTO `sys_message` VALUES (912, 2, 'CALIBRATION_REMIND', '设备校准到期提醒', '设备「倒置显微镜」（编号：MIC-004）将于 1 天后（2026-04-25）到期校准，请及时安排校准工作。', 0, 113, 'device_info', '2026-04-24 01:00:00', '2026-04-24 01:00:00', 0);
INSERT INTO `sys_message` VALUES (913, 3, 'CALIBRATION_REMIND', '设备校准到期提醒', '设备「倒置显微镜」（编号：MIC-004）将于 1 天后（2026-04-25）到期校准，请及时安排校准工作。', 0, 113, 'device_info', '2026-04-24 01:00:00', '2026-04-24 01:00:00', 0);
INSERT INTO `sys_message` VALUES (914, 14, 'CALIBRATION_REMIND', '设备校准到期提醒', '设备「倒置显微镜」（编号：MIC-004）将于 1 天后（2026-04-25）到期校准，请及时安排校准工作。', 0, 113, 'device_info', '2026-04-24 01:00:00', '2026-04-24 01:00:00', 0);
INSERT INTO `sys_message` VALUES (915, 2, 'CALIBRATION_REMIND', '设备校准到期提醒', '设备「二氧化碳培养箱」（编号：INC-003）将于 2 天后（2026-04-26）到期校准，请及时安排校准工作。', 0, 114, 'device_info', '2026-04-24 01:00:00', '2026-04-24 01:00:00', 0);
INSERT INTO `sys_message` VALUES (916, 3, 'CALIBRATION_REMIND', '设备校准到期提醒', '设备「二氧化碳培养箱」（编号：INC-003）将于 2 天后（2026-04-26）到期校准，请及时安排校准工作。', 0, 114, 'device_info', '2026-04-24 01:00:00', '2026-04-24 01:00:00', 0);
INSERT INTO `sys_message` VALUES (917, 14, 'CALIBRATION_REMIND', '设备校准到期提醒', '设备「二氧化碳培养箱」（编号：INC-003）将于 2 天后（2026-04-26）到期校准，请及时安排校准工作。', 0, 114, 'device_info', '2026-04-24 01:00:00', '2026-04-24 01:00:00', 0);
INSERT INTO `sys_message` VALUES (918, 2, 'CALIBRATION_REMIND', '设备校准到期提醒', '设备「信号发生器」（编号：ELE-003）将于 1 天后（2026-04-25）到期校准，请及时安排校准工作。', 0, 120, 'device_info', '2026-04-24 01:00:00', '2026-04-24 01:00:00', 0);
INSERT INTO `sys_message` VALUES (919, 3, 'CALIBRATION_REMIND', '设备校准到期提醒', '设备「信号发生器」（编号：ELE-003）将于 1 天后（2026-04-25）到期校准，请及时安排校准工作。', 0, 120, 'device_info', '2026-04-24 01:00:00', '2026-04-24 01:00:00', 0);
INSERT INTO `sys_message` VALUES (920, 14, 'CALIBRATION_REMIND', '设备校准到期提醒', '设备「信号发生器」（编号：ELE-003）将于 1 天后（2026-04-25）到期校准，请及时安排校准工作。', 0, 120, 'device_info', '2026-04-24 01:00:00', '2026-04-24 01:00:00', 0);
INSERT INTO `sys_message` VALUES (921, 2, 'CALIBRATION_REMIND', '设备校准到期提醒', '设备「原子吸收分光光度计」（编号：SPEC-004）将于 2 天后（2026-04-26）到期校准，请及时安排校准工作。', 0, 122, 'device_info', '2026-04-24 01:00:00', '2026-04-24 01:00:00', 0);
INSERT INTO `sys_message` VALUES (922, 3, 'CALIBRATION_REMIND', '设备校准到期提醒', '设备「原子吸收分光光度计」（编号：SPEC-004）将于 2 天后（2026-04-26）到期校准，请及时安排校准工作。', 0, 122, 'device_info', '2026-04-24 01:00:00', '2026-04-24 01:00:00', 0);
INSERT INTO `sys_message` VALUES (923, 14, 'CALIBRATION_REMIND', '设备校准到期提醒', '设备「原子吸收分光光度计」（编号：SPEC-004）将于 2 天后（2026-04-26）到期校准，请及时安排校准工作。', 0, 122, 'device_info', '2026-04-24 01:00:00', '2026-04-24 01:00:00', 0);
INSERT INTO `sys_message` VALUES (924, 2, 'BOOKING_AUDIT', '新预约待审核', '申请人：student，设备：HPLC-1260，日期：2026-04-25 11:00-11:30，单号：ORD2047654585858351104。请在「预约审核」中处理。', 0, 552, 'booking_order', '2026-04-24 20:31:12', '2026-04-24 20:31:12', 0);
INSERT INTO `sys_message` VALUES (925, 3, 'BOOKING_AUDIT', '新预约待审核', '申请人：student，设备：HPLC-1260，日期：2026-04-25 11:00-11:30，单号：ORD2047654585858351104。请在「预约审核」中处理。', 0, 552, 'booking_order', '2026-04-24 20:31:12', '2026-04-24 20:31:12', 0);
INSERT INTO `sys_message` VALUES (926, 14, 'BOOKING_AUDIT', '新预约待审核', '申请人：student，设备：HPLC-1260，日期：2026-04-25 11:00-11:30，单号：ORD2047654585858351104。请在「预约审核」中处理。', 0, 552, 'booking_order', '2026-04-24 20:31:12', '2026-04-24 20:31:12', 0);
INSERT INTO `sys_message` VALUES (927, 1, 'BOOKING_AUDIT', '新预约待审核', '申请人：student，设备：HPLC-1260，日期：2026-04-25 11:00-11:30，单号：ORD2047654585858351104。请在「预约审核」中处理。', 0, 552, 'booking_order', '2026-04-24 20:31:12', '2026-04-24 20:31:12', 0);
INSERT INTO `sys_message` VALUES (928, 4, 'BOOKING_AUDIT', '新预约待审核', '申请人：student，设备：HPLC-1260，日期：2026-04-25 11:00-11:30，单号：ORD2047654585858351104。请在「预约审核」中处理。', 0, 552, 'booking_order', '2026-04-24 20:31:12', '2026-04-24 20:31:12', 0);
INSERT INTO `sys_message` VALUES (929, 5, 'BOOKING_AUDIT', '新预约待审核', '申请人：student，设备：HPLC-1260，日期：2026-04-25 11:00-11:30，单号：ORD2047654585858351104。请在「预约审核」中处理。', 0, 552, 'booking_order', '2026-04-24 20:31:12', '2026-04-24 20:31:12', 0);
INSERT INTO `sys_message` VALUES (930, 6, 'BOOKING_AUDIT', '新预约待审核', '申请人：student，设备：HPLC-1260，日期：2026-04-25 11:00-11:30，单号：ORD2047654585858351104。请在「预约审核」中处理。', 0, 552, 'booking_order', '2026-04-24 20:31:12', '2026-04-24 20:31:12', 0);
INSERT INTO `sys_message` VALUES (931, 7, 'BOOKING_AUDIT', '新预约待审核', '申请人：student，设备：HPLC-1260，日期：2026-04-25 11:00-11:30，单号：ORD2047654585858351104。请在「预约审核」中处理。', 0, 552, 'booking_order', '2026-04-24 20:31:12', '2026-04-24 20:31:12', 0);
INSERT INTO `sys_message` VALUES (932, 8, 'BOOKING_AUDIT', '新预约待审核', '申请人：student，设备：HPLC-1260，日期：2026-04-25 11:00-11:30，单号：ORD2047654585858351104。请在「预约审核」中处理。', 0, 552, 'booking_order', '2026-04-24 20:31:12', '2026-04-24 20:31:12', 0);
INSERT INTO `sys_message` VALUES (933, 13, 'BOOKING_AUDIT', '新预约待审核', '申请人：student，设备：HPLC-1260，日期：2026-04-25 11:00-11:30，单号：ORD2047654585858351104。请在「预约审核」中处理。', 0, 552, 'booking_order', '2026-04-24 20:31:12', '2026-04-24 20:31:12', 0);
INSERT INTO `sys_message` VALUES (934, 117, 'BOOKING_AUDIT', '预约审核通过', '您的预约申请已审核通过，设备：HPLC-1260', 0, 552, 'booking_order', '2026-04-24 20:32:21', '2026-04-24 20:32:21', 0);
INSERT INTO `sys_message` VALUES (935, 19, 'REPAIR_ASSIGN', '系统自动分配工单', '系统自动分配给您一项维修工单，请及时处理。\n设备：HPLC-1260\n报修人：陈晓丽\n故障描述：测试\n工单编号：WO2047655292535660544', 0, 32, 'repair_order', '2026-04-24 20:34:00', '2026-04-24 20:34:00', 0);
INSERT INTO `sys_message` VALUES (936, 6, 'REPAIR_ASSIGN', '工单处理完成', '您报修的设备（HPLC-1260）已维修完成，请前往确认。故障原因：123，解决方案：1231', 0, 32, 'repair_order', '2026-04-24 20:34:45', '2026-04-24 20:34:45', 0);
INSERT INTO `sys_message` VALUES (937, 2, 'BOOKING_AUDIT', '新预约待审核', '申请人：罗海维，设备：数字示波器，日期：2026-04-26 09:00-09:30，单号：ORD2047714949040025600。请在「预约审核」中处理。', 0, 553, 'booking_order', '2026-04-25 00:31:03', '2026-04-25 00:31:03', 0);
INSERT INTO `sys_message` VALUES (938, 3, 'BOOKING_AUDIT', '新预约待审核', '申请人：罗海维，设备：数字示波器，日期：2026-04-26 09:00-09:30，单号：ORD2047714949040025600。请在「预约审核」中处理。', 0, 553, 'booking_order', '2026-04-25 00:31:03', '2026-04-25 00:31:03', 0);
INSERT INTO `sys_message` VALUES (939, 14, 'BOOKING_AUDIT', '新预约待审核', '申请人：罗海维，设备：数字示波器，日期：2026-04-26 09:00-09:30，单号：ORD2047714949040025600。请在「预约审核」中处理。', 0, 553, 'booking_order', '2026-04-25 00:31:03', '2026-04-25 00:31:03', 0);
INSERT INTO `sys_message` VALUES (940, 2, 'CALIBRATION_REMIND', '设备校准到期提醒', '设备「光学显微镜OM-2000」（编号：MIC-001）将于 0 天后（2026-04-25）到期校准，请及时安排校准工作。', 0, 1, 'device_info', '2026-04-25 01:00:00', '2026-04-25 01:00:00', 0);
INSERT INTO `sys_message` VALUES (941, 3, 'CALIBRATION_REMIND', '设备校准到期提醒', '设备「光学显微镜OM-2000」（编号：MIC-001）将于 0 天后（2026-04-25）到期校准，请及时安排校准工作。', 0, 1, 'device_info', '2026-04-25 01:00:00', '2026-04-25 01:00:00', 0);
INSERT INTO `sys_message` VALUES (942, 14, 'CALIBRATION_REMIND', '设备校准到期提醒', '设备「光学显微镜OM-2000」（编号：MIC-001）将于 0 天后（2026-04-25）到期校准，请及时安排校准工作。', 0, 1, 'device_info', '2026-04-25 01:00:00', '2026-04-25 01:00:00', 0);
INSERT INTO `sys_message` VALUES (943, 2, 'CALIBRATION_REMIND', '设备校准到期提醒', '设备「倒置显微镜」（编号：MIC-004）将于 0 天后（2026-04-25）到期校准，请及时安排校准工作。', 0, 113, 'device_info', '2026-04-25 01:00:00', '2026-04-25 01:00:00', 0);
INSERT INTO `sys_message` VALUES (944, 3, 'CALIBRATION_REMIND', '设备校准到期提醒', '设备「倒置显微镜」（编号：MIC-004）将于 0 天后（2026-04-25）到期校准，请及时安排校准工作。', 0, 113, 'device_info', '2026-04-25 01:00:00', '2026-04-25 01:00:00', 0);
INSERT INTO `sys_message` VALUES (945, 14, 'CALIBRATION_REMIND', '设备校准到期提醒', '设备「倒置显微镜」（编号：MIC-004）将于 0 天后（2026-04-25）到期校准，请及时安排校准工作。', 0, 113, 'device_info', '2026-04-25 01:00:00', '2026-04-25 01:00:00', 0);
INSERT INTO `sys_message` VALUES (946, 2, 'CALIBRATION_REMIND', '设备校准到期提醒', '设备「二氧化碳培养箱」（编号：INC-003）将于 1 天后（2026-04-26）到期校准，请及时安排校准工作。', 0, 114, 'device_info', '2026-04-25 01:00:00', '2026-04-25 01:00:00', 0);
INSERT INTO `sys_message` VALUES (947, 3, 'CALIBRATION_REMIND', '设备校准到期提醒', '设备「二氧化碳培养箱」（编号：INC-003）将于 1 天后（2026-04-26）到期校准，请及时安排校准工作。', 0, 114, 'device_info', '2026-04-25 01:00:00', '2026-04-25 01:00:00', 0);
INSERT INTO `sys_message` VALUES (948, 14, 'CALIBRATION_REMIND', '设备校准到期提醒', '设备「二氧化碳培养箱」（编号：INC-003）将于 1 天后（2026-04-26）到期校准，请及时安排校准工作。', 0, 114, 'device_info', '2026-04-25 01:00:00', '2026-04-25 01:00:00', 0);
INSERT INTO `sys_message` VALUES (949, 2, 'CALIBRATION_REMIND', '设备校准到期提醒', '设备「信号发生器」（编号：ELE-003）将于 0 天后（2026-04-25）到期校准，请及时安排校准工作。', 0, 120, 'device_info', '2026-04-25 01:00:00', '2026-04-25 01:00:00', 0);
INSERT INTO `sys_message` VALUES (950, 3, 'CALIBRATION_REMIND', '设备校准到期提醒', '设备「信号发生器」（编号：ELE-003）将于 0 天后（2026-04-25）到期校准，请及时安排校准工作。', 0, 120, 'device_info', '2026-04-25 01:00:00', '2026-04-25 01:00:00', 0);
INSERT INTO `sys_message` VALUES (951, 14, 'CALIBRATION_REMIND', '设备校准到期提醒', '设备「信号发生器」（编号：ELE-003）将于 0 天后（2026-04-25）到期校准，请及时安排校准工作。', 0, 120, 'device_info', '2026-04-25 01:00:00', '2026-04-25 01:00:00', 0);
INSERT INTO `sys_message` VALUES (952, 2, 'CALIBRATION_REMIND', '设备校准到期提醒', '设备「原子吸收分光光度计」（编号：SPEC-004）将于 1 天后（2026-04-26）到期校准，请及时安排校准工作。', 0, 122, 'device_info', '2026-04-25 01:00:00', '2026-04-25 01:00:00', 0);
INSERT INTO `sys_message` VALUES (953, 3, 'CALIBRATION_REMIND', '设备校准到期提醒', '设备「原子吸收分光光度计」（编号：SPEC-004）将于 1 天后（2026-04-26）到期校准，请及时安排校准工作。', 0, 122, 'device_info', '2026-04-25 01:00:00', '2026-04-25 01:00:00', 0);
INSERT INTO `sys_message` VALUES (954, 14, 'CALIBRATION_REMIND', '设备校准到期提醒', '设备「原子吸收分光光度计」（编号：SPEC-004）将于 1 天后（2026-04-26）到期校准，请及时安排校准工作。', 0, 122, 'device_info', '2026-04-25 01:00:00', '2026-04-25 01:00:00', 0);
INSERT INTO `sys_message` VALUES (955, 2, 'BOOKING_AUDIT', '新预约待审核', '申请人：student，设备：数字示波器，日期：2026-04-25 12:00-12:30，单号：ORD2047756112291803136。请在「预约审核」中处理。', 0, 554, 'booking_order', '2026-04-25 03:14:37', '2026-04-25 03:14:37', 0);
INSERT INTO `sys_message` VALUES (956, 3, 'BOOKING_AUDIT', '新预约待审核', '申请人：student，设备：数字示波器，日期：2026-04-25 12:00-12:30，单号：ORD2047756112291803136。请在「预约审核」中处理。', 0, 554, 'booking_order', '2026-04-25 03:14:37', '2026-04-25 03:14:37', 0);
INSERT INTO `sys_message` VALUES (957, 14, 'BOOKING_AUDIT', '新预约待审核', '申请人：student，设备：数字示波器，日期：2026-04-25 12:00-12:30，单号：ORD2047756112291803136。请在「预约审核」中处理。', 0, 554, 'booking_order', '2026-04-25 03:14:37', '2026-04-25 03:14:37', 0);
INSERT INTO `sys_message` VALUES (958, 1, 'BOOKING_AUDIT', '新预约待审核', '申请人：student，设备：数字示波器，日期：2026-04-25 12:00-12:30，单号：ORD2047756112291803136。请在「预约审核」中处理。', 0, 554, 'booking_order', '2026-04-25 03:14:37', '2026-04-25 03:14:37', 0);
INSERT INTO `sys_message` VALUES (959, 4, 'BOOKING_AUDIT', '新预约待审核', '申请人：student，设备：数字示波器，日期：2026-04-25 12:00-12:30，单号：ORD2047756112291803136。请在「预约审核」中处理。', 0, 554, 'booking_order', '2026-04-25 03:14:37', '2026-04-25 03:14:37', 0);
INSERT INTO `sys_message` VALUES (960, 5, 'BOOKING_AUDIT', '新预约待审核', '申请人：student，设备：数字示波器，日期：2026-04-25 12:00-12:30，单号：ORD2047756112291803136。请在「预约审核」中处理。', 0, 554, 'booking_order', '2026-04-25 03:14:37', '2026-04-25 03:14:37', 0);
INSERT INTO `sys_message` VALUES (961, 6, 'BOOKING_AUDIT', '新预约待审核', '申请人：student，设备：数字示波器，日期：2026-04-25 12:00-12:30，单号：ORD2047756112291803136。请在「预约审核」中处理。', 0, 554, 'booking_order', '2026-04-25 03:14:37', '2026-04-25 03:14:37', 0);
INSERT INTO `sys_message` VALUES (962, 7, 'BOOKING_AUDIT', '新预约待审核', '申请人：student，设备：数字示波器，日期：2026-04-25 12:00-12:30，单号：ORD2047756112291803136。请在「预约审核」中处理。', 0, 554, 'booking_order', '2026-04-25 03:14:37', '2026-04-25 03:14:37', 0);
INSERT INTO `sys_message` VALUES (963, 8, 'BOOKING_AUDIT', '新预约待审核', '申请人：student，设备：数字示波器，日期：2026-04-25 12:00-12:30，单号：ORD2047756112291803136。请在「预约审核」中处理。', 0, 554, 'booking_order', '2026-04-25 03:14:37', '2026-04-25 03:14:37', 0);
INSERT INTO `sys_message` VALUES (964, 13, 'BOOKING_AUDIT', '新预约待审核', '申请人：student，设备：数字示波器，日期：2026-04-25 12:00-12:30，单号：ORD2047756112291803136。请在「预约审核」中处理。', 0, 554, 'booking_order', '2026-04-25 03:14:37', '2026-04-25 03:14:37', 0);
INSERT INTO `sys_message` VALUES (965, 117, 'BOOKING_AUDIT', '预约审核通过', '您的预约申请已审核通过，设备：数字示波器', 0, 554, 'booking_order', '2026-04-25 03:16:03', '2026-04-25 03:16:03', 0);
INSERT INTO `sys_message` VALUES (966, 19, 'REPAIR_ASSIGN', '系统自动分配工单', '系统自动分配给您一项维修工单，请及时处理。\n设备：原子吸收分光光度计\n报修人：张志明\n故障描述：测试\n工单编号：WO2047757762792370176', 0, 33, 'repair_order', '2026-04-25 03:21:11', '2026-04-25 03:21:11', 0);
INSERT INTO `sys_message` VALUES (967, 2, 'REPAIR_ASSIGN', '工单处理完成', '您报修的设备（原子吸收分光光度计）已维修完成，请前往确认。故障原因：测试，解决方案：测试', 0, 33, 'repair_order', '2026-04-25 03:22:02', '2026-04-25 03:22:02', 0);
INSERT INTO `sys_message` VALUES (968, 2, 'BOOKING_AUDIT', '新预约待审核', '申请人：student，设备：数字示波器，日期：2026-04-26 10:00-10:30，单号：ORD2047843766018629632。请在「预约审核」中处理。', 0, 555, 'booking_order', '2026-04-25 09:02:56', '2026-04-25 09:02:56', 0);
INSERT INTO `sys_message` VALUES (969, 3, 'BOOKING_AUDIT', '新预约待审核', '申请人：student，设备：数字示波器，日期：2026-04-26 10:00-10:30，单号：ORD2047843766018629632。请在「预约审核」中处理。', 0, 555, 'booking_order', '2026-04-25 09:02:56', '2026-04-25 09:02:56', 0);
INSERT INTO `sys_message` VALUES (970, 14, 'BOOKING_AUDIT', '新预约待审核', '申请人：student，设备：数字示波器，日期：2026-04-26 10:00-10:30，单号：ORD2047843766018629632。请在「预约审核」中处理。', 0, 555, 'booking_order', '2026-04-25 09:02:56', '2026-04-25 09:02:56', 0);
INSERT INTO `sys_message` VALUES (971, 1, 'BOOKING_AUDIT', '新预约待审核', '申请人：student，设备：数字示波器，日期：2026-04-26 10:00-10:30，单号：ORD2047843766018629632。请在「预约审核」中处理。', 0, 555, 'booking_order', '2026-04-25 09:02:56', '2026-04-25 09:02:56', 0);
INSERT INTO `sys_message` VALUES (972, 4, 'BOOKING_AUDIT', '新预约待审核', '申请人：student，设备：数字示波器，日期：2026-04-26 10:00-10:30，单号：ORD2047843766018629632。请在「预约审核」中处理。', 0, 555, 'booking_order', '2026-04-25 09:02:56', '2026-04-25 09:02:56', 0);
INSERT INTO `sys_message` VALUES (973, 5, 'BOOKING_AUDIT', '新预约待审核', '申请人：student，设备：数字示波器，日期：2026-04-26 10:00-10:30，单号：ORD2047843766018629632。请在「预约审核」中处理。', 0, 555, 'booking_order', '2026-04-25 09:02:56', '2026-04-25 09:02:56', 0);
INSERT INTO `sys_message` VALUES (974, 6, 'BOOKING_AUDIT', '新预约待审核', '申请人：student，设备：数字示波器，日期：2026-04-26 10:00-10:30，单号：ORD2047843766018629632。请在「预约审核」中处理。', 0, 555, 'booking_order', '2026-04-25 09:02:56', '2026-04-25 09:02:56', 0);
INSERT INTO `sys_message` VALUES (975, 7, 'BOOKING_AUDIT', '新预约待审核', '申请人：student，设备：数字示波器，日期：2026-04-26 10:00-10:30，单号：ORD2047843766018629632。请在「预约审核」中处理。', 0, 555, 'booking_order', '2026-04-25 09:02:56', '2026-04-25 09:02:56', 0);
INSERT INTO `sys_message` VALUES (976, 8, 'BOOKING_AUDIT', '新预约待审核', '申请人：student，设备：数字示波器，日期：2026-04-26 10:00-10:30，单号：ORD2047843766018629632。请在「预约审核」中处理。', 0, 555, 'booking_order', '2026-04-25 09:02:56', '2026-04-25 09:02:56', 0);
INSERT INTO `sys_message` VALUES (977, 13, 'BOOKING_AUDIT', '新预约待审核', '申请人：student，设备：数字示波器，日期：2026-04-26 10:00-10:30，单号：ORD2047843766018629632。请在「预约审核」中处理。', 0, 555, 'booking_order', '2026-04-25 09:02:56', '2026-04-25 09:02:56', 0);
INSERT INTO `sys_message` VALUES (978, 117, 'BOOKING_AUDIT', '预约审核通过', '您的预约申请已审核通过，设备：数字示波器', 0, 555, 'booking_order', '2026-04-25 09:03:33', '2026-04-25 09:03:33', 0);
INSERT INTO `sys_message` VALUES (979, 19, 'REPAIR_ASSIGN', '系统自动分配工单', '系统自动分配给您一项维修工单，请及时处理。\n设备：HPLC-1260\n报修人：陈晓丽\n故障描述：测试\n工单编号：WO2047844262125101056', 0, 34, 'repair_order', '2026-04-25 09:04:54', '2026-04-25 09:04:54', 0);
INSERT INTO `sys_message` VALUES (980, 6, 'REPAIR_ASSIGN', '工单处理完成', '您报修的设备（HPLC-1260）已维修完成，请前往确认。故障原因：橙色1231，解决方案：测试', 0, 34, 'repair_order', '2026-04-25 09:05:29', '2026-04-25 09:05:29', 0);

-- ----------------------------
-- Table structure for sys_permission
-- ----------------------------
DROP TABLE IF EXISTS `sys_permission`;
CREATE TABLE `sys_permission`  (
  `id` bigint NOT NULL AUTO_INCREMENT COMMENT '权限ID',
  `parent_id` bigint NULL DEFAULT 0 COMMENT '父权限ID',
  `permission_name` varchar(100) CHARACTER SET utf8mb4 COLLATE utf8mb4_0900_ai_ci NOT NULL COMMENT '权限名称',
  `permission_type` varchar(20) CHARACTER SET utf8mb4 COLLATE utf8mb4_0900_ai_ci NULL DEFAULT 'menu' COMMENT '权限类型：menu-菜单，button-按钮',
  `path` varchar(100) CHARACTER SET utf8mb4 COLLATE utf8mb4_0900_ai_ci NULL DEFAULT NULL COMMENT '路由路径',
  `component` varchar(100) CHARACTER SET utf8mb4 COLLATE utf8mb4_0900_ai_ci NULL DEFAULT NULL COMMENT '组件路径',
  `permission_code` varchar(100) CHARACTER SET utf8mb4 COLLATE utf8mb4_0900_ai_ci NULL DEFAULT NULL COMMENT '权限标识',
  `icon` varchar(50) CHARACTER SET utf8mb4 COLLATE utf8mb4_0900_ai_ci NULL DEFAULT NULL COMMENT '图标',
  `sort` int NULL DEFAULT 0 COMMENT '排序号',
  `status` int NULL DEFAULT 1 COMMENT '状态：0-禁用，1-正常',
  `create_time` datetime NULL DEFAULT CURRENT_TIMESTAMP COMMENT '创建时间',
  `update_time` datetime NULL DEFAULT CURRENT_TIMESTAMP ON UPDATE CURRENT_TIMESTAMP COMMENT '更新时间',
  `deleted` int NULL DEFAULT 0 COMMENT '逻辑删除',
  PRIMARY KEY (`id`) USING BTREE,
  UNIQUE INDEX `uk_permission_code`(`permission_code` ASC) USING BTREE
) ENGINE = InnoDB AUTO_INCREMENT = 1113 CHARACTER SET = utf8mb4 COLLATE = utf8mb4_0900_ai_ci COMMENT = '权限表' ROW_FORMAT = DYNAMIC;

-- ----------------------------
-- Records of sys_permission
-- ----------------------------
INSERT INTO `sys_permission` VALUES (1000, 0, '系统管理', 'menu', '/system', NULL, 'system', 'Setting', 100, 1, '2026-04-11 19:53:56', '2026-04-11 19:53:56', 0);
INSERT INTO `sys_permission` VALUES (1001, 0, '设备管理', 'menu', '/device', NULL, 'device', 'Monitor', 200, 1, '2026-04-11 19:53:56', '2026-04-11 19:53:56', 0);
INSERT INTO `sys_permission` VALUES (1002, 0, '预约管理', 'menu', '/booking', NULL, 'booking', 'Calendar', 300, 1, '2026-04-11 19:53:56', '2026-04-11 19:53:56', 0);
INSERT INTO `sys_permission` VALUES (1003, 0, '维修管理', 'menu', '/repair', NULL, 'repair', 'Tools', 400, 1, '2026-04-11 19:53:56', '2026-04-11 19:53:56', 0);
INSERT INTO `sys_permission` VALUES (1004, 0, '数据统计', 'menu', '/statistics', NULL, 'statistics', 'DataAnalysis', 500, 1, '2026-04-11 19:53:56', '2026-04-11 19:53:56', 0);
INSERT INTO `sys_permission` VALUES (1005, 0, 'AI智能助手', 'menu', '/ai-chat', NULL, 'ai-chat', 'ChatDotRound', 600, 1, '2026-04-11 19:53:56', '2026-04-11 19:53:56', 0);
INSERT INTO `sys_permission` VALUES (1006, 0, '知识库管理', 'menu', '/knowledge', NULL, 'knowledge', 'Collection', 700, 1, '2026-04-11 19:53:56', '2026-04-11 19:53:56', 0);
INSERT INTO `sys_permission` VALUES (1007, 0, '设备状态跟踪', 'menu', '/device-track', NULL, 'device-track', 'Timer', 800, 1, '2026-04-11 19:53:56', '2026-04-11 19:53:56', 0);
INSERT INTO `sys_permission` VALUES (1010, 1000, '用户管理', 'menu', '/system/user', 'system/UserManage.vue', 'user', 'User', 101, 1, '2026-04-11 19:53:56', '2026-04-11 19:53:56', 0);
INSERT INTO `sys_permission` VALUES (1011, 1000, '角色管理', 'menu', '/system/role', 'system/SysRole.vue', 'role', 'Key', 102, 1, '2026-04-11 19:53:56', '2026-04-11 19:53:56', 0);
INSERT INTO `sys_permission` VALUES (1012, 1000, '操作日志', 'menu', '/system/log', 'system/SysLog.vue', 'log', 'Document', 103, 1, '2026-04-11 19:53:56', '2026-04-11 19:53:56', 0);
INSERT INTO `sys_permission` VALUES (1013, 1000, '系统配置', 'menu', '/system/config', 'system/SysConfig.vue', 'config', 'Setting', 104, 1, '2026-04-11 19:53:56', '2026-04-11 19:53:56', 0);
INSERT INTO `sys_permission` VALUES (1020, 1010, '新增用户', 'button', NULL, NULL, 'user:add', NULL, 1, 1, '2026-04-11 19:53:56', '2026-04-11 19:53:56', 0);
INSERT INTO `sys_permission` VALUES (1021, 1010, '编辑用户', 'button', NULL, NULL, 'user:edit', NULL, 2, 1, '2026-04-11 19:53:56', '2026-04-11 19:53:56', 0);
INSERT INTO `sys_permission` VALUES (1022, 1010, '删除用户', 'button', NULL, NULL, 'user:delete', NULL, 3, 1, '2026-04-11 19:53:56', '2026-04-11 19:53:56', 0);
INSERT INTO `sys_permission` VALUES (1023, 1010, '分配角色', 'button', NULL, NULL, 'user:assign-role', NULL, 4, 1, '2026-04-11 19:53:56', '2026-04-11 19:53:56', 0);
INSERT INTO `sys_permission` VALUES (1030, 1011, '新增角色', 'button', NULL, NULL, 'role:add', NULL, 1, 1, '2026-04-11 19:53:56', '2026-04-11 19:53:56', 0);
INSERT INTO `sys_permission` VALUES (1031, 1011, '编辑角色', 'button', NULL, NULL, 'role:edit', NULL, 2, 1, '2026-04-11 19:53:56', '2026-04-11 19:53:56', 0);
INSERT INTO `sys_permission` VALUES (1032, 1011, '删除角色', 'button', NULL, NULL, 'role:delete', NULL, 3, 1, '2026-04-11 19:53:56', '2026-04-11 19:53:56', 0);
INSERT INTO `sys_permission` VALUES (1033, 1011, '分配权限', 'button', NULL, NULL, 'role:assign-perm', NULL, 4, 1, '2026-04-11 19:53:56', '2026-04-11 19:53:56', 0);
INSERT INTO `sys_permission` VALUES (1040, 1001, '设备列表', 'menu', '/device/list', 'device/DeviceList.vue', 'device-list', 'Monitor', 201, 1, '2026-04-11 19:53:56', '2026-04-11 19:53:56', 0);
INSERT INTO `sys_permission` VALUES (1041, 1001, '设备分类', 'menu', '/device/category', 'device/CategoryList.vue', 'category', 'Grid', 202, 1, '2026-04-11 19:53:56', '2026-04-11 19:53:56', 0);
INSERT INTO `sys_permission` VALUES (1042, 1001, '设备报废', 'menu', '/device/scrap', 'device/DeviceScrap.vue', 'device-scrap', 'Delete', 203, 1, '2026-04-11 19:53:56', '2026-04-11 19:53:56', 0);
INSERT INTO `sys_permission` VALUES (1043, 1001, '校准记录', 'menu', '/device/calibration', 'device/Calibration.vue', 'calibration', 'FirstAidKit', 204, 1, '2026-04-11 19:53:56', '2026-04-11 19:53:56', 0);
INSERT INTO `sys_permission` VALUES (1044, 1001, '健康档案', 'menu', '/device/health', 'device/HealthRecord.vue', 'health-record', 'Document', 205, 1, '2026-04-11 19:53:56', '2026-04-11 19:53:56', 0);
INSERT INTO `sys_permission` VALUES (1050, 1040, '新增设备', 'button', NULL, NULL, 'device:add', NULL, 1, 1, '2026-04-11 19:53:56', '2026-04-11 19:53:56', 0);
INSERT INTO `sys_permission` VALUES (1051, 1040, '编辑设备', 'button', NULL, NULL, 'device:edit', NULL, 2, 1, '2026-04-11 19:53:56', '2026-04-11 19:53:56', 0);
INSERT INTO `sys_permission` VALUES (1052, 1040, '删除设备', 'button', NULL, NULL, 'device:delete', NULL, 3, 1, '2026-04-11 19:53:56', '2026-04-11 19:53:56', 0);
INSERT INTO `sys_permission` VALUES (1053, 1040, '报废申请', 'button', NULL, NULL, 'device:scrap', NULL, 4, 1, '2026-04-11 19:53:56', '2026-04-11 19:53:56', 0);
INSERT INTO `sys_permission` VALUES (1060, 1002, '预约列表', 'menu', '/booking/list', 'booking/BookingList.vue', 'booking-list', 'Tickets', 301, 1, '2026-04-11 19:53:56', '2026-04-11 19:53:56', 0);
INSERT INTO `sys_permission` VALUES (1061, 1002, '预约审核', 'menu', '/booking/audit', 'booking/AuditList.vue', 'booking-audit', 'Checked', 302, 1, '2026-04-11 19:53:56', '2026-04-11 19:53:56', 0);
INSERT INTO `sys_permission` VALUES (1062, 1002, '预约规则', 'menu', '/booking/rule', 'booking/BookingRule.vue', 'booking-rule', 'SetUp', 303, 1, '2026-04-11 19:53:56', '2026-04-11 19:53:56', 0);
INSERT INTO `sys_permission` VALUES (1070, 1060, '创建预约', 'button', NULL, NULL, 'booking:add', NULL, 1, 1, '2026-04-11 19:53:56', '2026-04-11 19:53:56', 0);
INSERT INTO `sys_permission` VALUES (1071, 1060, '取消预约', 'button', NULL, NULL, 'booking:cancel', NULL, 2, 1, '2026-04-11 19:53:56', '2026-04-11 19:53:56', 0);
INSERT INTO `sys_permission` VALUES (1072, 1061, '审核预约', 'button', NULL, NULL, 'booking:audit', NULL, 1, 1, '2026-04-11 19:53:56', '2026-04-11 19:53:56', 0);
INSERT INTO `sys_permission` VALUES (1080, 1003, '维修工单', 'menu', '/repair/list', 'repair/RepairList.vue', 'repair-list', 'Tools', 401, 1, '2026-04-11 19:53:56', '2026-04-11 19:53:56', 0);
INSERT INTO `sys_permission` VALUES (1081, 1003, '维修记录', 'menu', '/repair/record', 'repair/RepairRecordQuery.vue', 'repair-record', 'Document', 402, 1, '2026-04-11 19:53:56', '2026-04-11 19:53:56', 0);
INSERT INTO `sys_permission` VALUES (1090, 1080, '处理维修', 'button', NULL, NULL, 'repair:handle', NULL, 1, 1, '2026-04-11 19:53:56', '2026-04-11 19:53:56', 0);
INSERT INTO `sys_permission` VALUES (1091, 1080, '完成维修', 'button', NULL, NULL, 'repair:complete', NULL, 2, 1, '2026-04-11 19:53:56', '2026-04-11 19:53:56', 0);
INSERT INTO `sys_permission` VALUES (1100, 1006, '知识库列表', 'menu', '/knowledge/list', 'knowledge/KnowledgeManage.vue', 'knowledge-list', 'Collection', 701, 1, '2026-04-11 19:53:56', '2026-04-11 19:53:56', 0);
INSERT INTO `sys_permission` VALUES (1110, 1100, '新增知识', 'button', NULL, NULL, 'knowledge:add', NULL, 1, 1, '2026-04-11 19:53:56', '2026-04-11 19:53:56', 0);
INSERT INTO `sys_permission` VALUES (1111, 1100, '编辑知识', 'button', NULL, NULL, 'knowledge:edit', NULL, 2, 1, '2026-04-11 19:53:56', '2026-04-11 19:53:56', 0);
INSERT INTO `sys_permission` VALUES (1112, 1100, '删除知识', 'button', NULL, NULL, 'knowledge:delete', NULL, 3, 1, '2026-04-11 19:53:56', '2026-04-11 19:53:56', 0);

-- ----------------------------
-- Table structure for sys_role
-- ----------------------------
DROP TABLE IF EXISTS `sys_role`;
CREATE TABLE `sys_role`  (
  `id` bigint NOT NULL AUTO_INCREMENT COMMENT '角色ID',
  `role_name` varchar(50) CHARACTER SET utf8mb4 COLLATE utf8mb4_0900_ai_ci NOT NULL COMMENT '角色名称',
  `role_code` varchar(50) CHARACTER SET utf8mb4 COLLATE utf8mb4_0900_ai_ci NOT NULL COMMENT '角色编码',
  `description` varchar(255) CHARACTER SET utf8mb4 COLLATE utf8mb4_0900_ai_ci NULL DEFAULT NULL COMMENT '角色描述',
  `sort` int NULL DEFAULT 0 COMMENT '排序号',
  `status` int NULL DEFAULT 1 COMMENT '状态：0-禁用，1-正常',
  `create_time` datetime NULL DEFAULT CURRENT_TIMESTAMP COMMENT '创建时间',
  `update_time` datetime NULL DEFAULT CURRENT_TIMESTAMP ON UPDATE CURRENT_TIMESTAMP COMMENT '更新时间',
  `deleted` int NULL DEFAULT 0 COMMENT '逻辑删除',
  PRIMARY KEY (`id`) USING BTREE,
  UNIQUE INDEX `uk_role_code`(`role_code` ASC) USING BTREE,
  INDEX `idx_role_code`(`role_code` ASC) USING BTREE
) ENGINE = InnoDB AUTO_INCREMENT = 103 CHARACTER SET = utf8mb4 COLLATE = utf8mb4_0900_ai_ci COMMENT = '角色表' ROW_FORMAT = DYNAMIC;

-- ----------------------------
-- Records of sys_role
-- ----------------------------
INSERT INTO `sys_role` VALUES (1, '系统管理员', 'SYSTEM_ADMIN', '系统管理员，拥有所有权限', 1, 1, '2026-04-11 19:53:56', '2026-04-11 19:53:56', 0);
INSERT INTO `sys_role` VALUES (2, '实验室管理员', 'LAB_ADMIN', '实验室管理员，负责设备管理和预约审核', 2, 1, '2026-04-11 19:53:56', '2026-04-11 19:53:56', 0);
INSERT INTO `sys_role` VALUES (3, '教师', 'TEACHER', '教师，负责实验教学和学生预约审核', 3, 1, '2026-04-11 19:53:56', '2026-04-11 19:53:56', 0);
INSERT INTO `sys_role` VALUES (4, '学生', 'STUDENT', '学生，预约使用设备', 4, 1, '2026-04-11 19:53:56', '2026-04-11 19:53:56', 0);
INSERT INTO `sys_role` VALUES (5, '设备维护人员', 'MAINTAINER', '设备维护人员，负责设备维修和校准', 5, 1, '2026-04-11 19:53:56', '2026-04-11 19:53:56', 0);
INSERT INTO `sys_role` VALUES (6, '测试1测试???', 'CS1', '测试1菜市场', 99, 1, '2026-04-11 19:53:56', '2026-04-11 19:53:56', 0);
INSERT INTO `sys_role` VALUES (7, '测试2', 'CS2', 'CS2', 99, 1, '2026-04-11 19:53:56', '2026-04-11 19:53:56', 1);
INSERT INTO `sys_role` VALUES (8, '12312123', '1231', '213123', 99, 1, '2026-04-11 19:53:56', '2026-04-11 19:53:56', 1);
INSERT INTO `sys_role` VALUES (11, '测试', '测试', '测试', 99, 1, '2026-04-11 19:53:56', '2026-04-11 19:53:56', 1);
INSERT INTO `sys_role` VALUES (12, '1312       擦', '菜市场', '测试啊成', 99, 1, '2026-04-11 19:53:56', '2026-04-11 19:53:56', 1);
INSERT INTO `sys_role` VALUES (100, '测试自定义角色', 'TEST_CUSTOM_ROLE', '用于测试数据权限的CUSTOM范围', 100, 1, '2026-04-11 19:53:56', '2026-04-11 19:53:56', 0);
INSERT INTO `sys_role` VALUES (101, 'ccccccc1', 'ccccccccccc', 'ccccccccc11', 99, 1, '2026-04-11 19:53:56', '2026-04-11 19:53:56', 1);
INSERT INTO `sys_role` VALUES (102, 'cscaa', 'cscsc', 'cscsaa', 99, 1, '2026-04-11 19:53:56', '2026-04-11 19:53:56', 1);

-- ----------------------------
-- Table structure for sys_role_permission
-- ----------------------------
DROP TABLE IF EXISTS `sys_role_permission`;
CREATE TABLE `sys_role_permission`  (
  `role_id` bigint NOT NULL COMMENT '角色ID',
  `permission_id` bigint NOT NULL COMMENT '权限ID',
  PRIMARY KEY (`role_id`, `permission_id`) USING BTREE
) ENGINE = InnoDB CHARACTER SET = utf8mb4 COLLATE = utf8mb4_0900_ai_ci COMMENT = '角色权限关联表' ROW_FORMAT = DYNAMIC;

-- ----------------------------
-- Records of sys_role_permission
-- ----------------------------
INSERT INTO `sys_role_permission` VALUES (1, 1004);
INSERT INTO `sys_role_permission` VALUES (1, 1005);
INSERT INTO `sys_role_permission` VALUES (2, 1001);
INSERT INTO `sys_role_permission` VALUES (2, 1002);
INSERT INTO `sys_role_permission` VALUES (2, 1003);
INSERT INTO `sys_role_permission` VALUES (2, 1004);
INSERT INTO `sys_role_permission` VALUES (2, 1005);
INSERT INTO `sys_role_permission` VALUES (2, 1006);
INSERT INTO `sys_role_permission` VALUES (2, 1007);
INSERT INTO `sys_role_permission` VALUES (2, 1040);
INSERT INTO `sys_role_permission` VALUES (2, 1041);
INSERT INTO `sys_role_permission` VALUES (2, 1042);
INSERT INTO `sys_role_permission` VALUES (2, 1043);
INSERT INTO `sys_role_permission` VALUES (2, 1044);
INSERT INTO `sys_role_permission` VALUES (2, 1050);
INSERT INTO `sys_role_permission` VALUES (2, 1051);
INSERT INTO `sys_role_permission` VALUES (2, 1052);
INSERT INTO `sys_role_permission` VALUES (2, 1053);
INSERT INTO `sys_role_permission` VALUES (2, 1060);
INSERT INTO `sys_role_permission` VALUES (2, 1061);
INSERT INTO `sys_role_permission` VALUES (2, 1062);
INSERT INTO `sys_role_permission` VALUES (2, 1070);
INSERT INTO `sys_role_permission` VALUES (2, 1071);
INSERT INTO `sys_role_permission` VALUES (2, 1072);
INSERT INTO `sys_role_permission` VALUES (2, 1080);
INSERT INTO `sys_role_permission` VALUES (2, 1081);
INSERT INTO `sys_role_permission` VALUES (2, 1090);
INSERT INTO `sys_role_permission` VALUES (2, 1091);
INSERT INTO `sys_role_permission` VALUES (2, 1100);
INSERT INTO `sys_role_permission` VALUES (2, 1110);
INSERT INTO `sys_role_permission` VALUES (2, 1111);
INSERT INTO `sys_role_permission` VALUES (2, 1112);
INSERT INTO `sys_role_permission` VALUES (3, 1001);
INSERT INTO `sys_role_permission` VALUES (3, 1002);
INSERT INTO `sys_role_permission` VALUES (3, 1004);
INSERT INTO `sys_role_permission` VALUES (3, 1005);
INSERT INTO `sys_role_permission` VALUES (3, 1006);
INSERT INTO `sys_role_permission` VALUES (3, 1007);
INSERT INTO `sys_role_permission` VALUES (3, 1040);
INSERT INTO `sys_role_permission` VALUES (3, 1044);
INSERT INTO `sys_role_permission` VALUES (3, 1060);
INSERT INTO `sys_role_permission` VALUES (3, 1061);
INSERT INTO `sys_role_permission` VALUES (3, 1070);
INSERT INTO `sys_role_permission` VALUES (3, 1071);
INSERT INTO `sys_role_permission` VALUES (3, 1072);
INSERT INTO `sys_role_permission` VALUES (3, 1100);
INSERT INTO `sys_role_permission` VALUES (4, 1002);
INSERT INTO `sys_role_permission` VALUES (4, 1005);
INSERT INTO `sys_role_permission` VALUES (4, 1006);
INSERT INTO `sys_role_permission` VALUES (4, 1007);
INSERT INTO `sys_role_permission` VALUES (4, 1060);
INSERT INTO `sys_role_permission` VALUES (4, 1061);
INSERT INTO `sys_role_permission` VALUES (4, 1062);
INSERT INTO `sys_role_permission` VALUES (4, 1070);
INSERT INTO `sys_role_permission` VALUES (4, 1071);
INSERT INTO `sys_role_permission` VALUES (4, 1072);
INSERT INTO `sys_role_permission` VALUES (4, 1100);
INSERT INTO `sys_role_permission` VALUES (4, 1110);
INSERT INTO `sys_role_permission` VALUES (4, 1111);
INSERT INTO `sys_role_permission` VALUES (4, 1112);
INSERT INTO `sys_role_permission` VALUES (5, 1001);
INSERT INTO `sys_role_permission` VALUES (5, 1003);
INSERT INTO `sys_role_permission` VALUES (5, 1004);
INSERT INTO `sys_role_permission` VALUES (5, 1007);
INSERT INTO `sys_role_permission` VALUES (5, 1040);
INSERT INTO `sys_role_permission` VALUES (5, 1043);
INSERT INTO `sys_role_permission` VALUES (5, 1044);
INSERT INTO `sys_role_permission` VALUES (5, 1080);
INSERT INTO `sys_role_permission` VALUES (5, 1081);
INSERT INTO `sys_role_permission` VALUES (5, 1090);
INSERT INTO `sys_role_permission` VALUES (5, 1091);
INSERT INTO `sys_role_permission` VALUES (6, 1003);
INSERT INTO `sys_role_permission` VALUES (6, 1004);
INSERT INTO `sys_role_permission` VALUES (6, 1005);
INSERT INTO `sys_role_permission` VALUES (6, 1006);
INSERT INTO `sys_role_permission` VALUES (6, 1007);
INSERT INTO `sys_role_permission` VALUES (6, 1080);
INSERT INTO `sys_role_permission` VALUES (6, 1081);
INSERT INTO `sys_role_permission` VALUES (6, 1090);
INSERT INTO `sys_role_permission` VALUES (6, 1091);
INSERT INTO `sys_role_permission` VALUES (6, 1100);
INSERT INTO `sys_role_permission` VALUES (6, 1110);
INSERT INTO `sys_role_permission` VALUES (6, 1111);
INSERT INTO `sys_role_permission` VALUES (6, 1112);
INSERT INTO `sys_role_permission` VALUES (100, 1000);
INSERT INTO `sys_role_permission` VALUES (100, 1001);
INSERT INTO `sys_role_permission` VALUES (100, 1002);
INSERT INTO `sys_role_permission` VALUES (100, 1010);
INSERT INTO `sys_role_permission` VALUES (100, 1011);
INSERT INTO `sys_role_permission` VALUES (100, 1012);
INSERT INTO `sys_role_permission` VALUES (100, 1013);
INSERT INTO `sys_role_permission` VALUES (100, 1020);
INSERT INTO `sys_role_permission` VALUES (100, 1021);
INSERT INTO `sys_role_permission` VALUES (100, 1022);
INSERT INTO `sys_role_permission` VALUES (100, 1023);
INSERT INTO `sys_role_permission` VALUES (100, 1030);
INSERT INTO `sys_role_permission` VALUES (100, 1031);
INSERT INTO `sys_role_permission` VALUES (100, 1032);
INSERT INTO `sys_role_permission` VALUES (100, 1033);
INSERT INTO `sys_role_permission` VALUES (100, 1040);
INSERT INTO `sys_role_permission` VALUES (100, 1050);
INSERT INTO `sys_role_permission` VALUES (100, 1051);
INSERT INTO `sys_role_permission` VALUES (100, 1052);
INSERT INTO `sys_role_permission` VALUES (100, 1053);
INSERT INTO `sys_role_permission` VALUES (100, 1060);
INSERT INTO `sys_role_permission` VALUES (100, 1061);
INSERT INTO `sys_role_permission` VALUES (100, 1062);
INSERT INTO `sys_role_permission` VALUES (100, 1070);
INSERT INTO `sys_role_permission` VALUES (100, 1071);
INSERT INTO `sys_role_permission` VALUES (100, 1072);

-- ----------------------------
-- Table structure for sys_user
-- ----------------------------
DROP TABLE IF EXISTS `sys_user`;
CREATE TABLE `sys_user`  (
  `id` bigint NOT NULL AUTO_INCREMENT COMMENT '用户ID',
  `username` varchar(50) CHARACTER SET utf8mb4 COLLATE utf8mb4_0900_ai_ci NOT NULL COMMENT '用户名',
  `password` varchar(255) CHARACTER SET utf8mb4 COLLATE utf8mb4_0900_ai_ci NOT NULL COMMENT '密码',
  `real_name` varchar(50) CHARACTER SET utf8mb4 COLLATE utf8mb4_0900_ai_ci NULL DEFAULT NULL COMMENT '真实姓名',
  `phone` varchar(20) CHARACTER SET utf8mb4 COLLATE utf8mb4_0900_ai_ci NULL DEFAULT NULL COMMENT '手机号码',
  `email` varchar(100) CHARACTER SET utf8mb4 COLLATE utf8mb4_0900_ai_ci NULL DEFAULT NULL COMMENT '邮箱',
  `avatar` varchar(255) CHARACTER SET utf8mb4 COLLATE utf8mb4_0900_ai_ci NULL DEFAULT NULL COMMENT '头像路径',
  `gender` int NULL DEFAULT 0 COMMENT '性别：0-未知，1-男，2-女',
  `last_login_time` datetime NULL DEFAULT NULL COMMENT '最后登录时间',
  `department` varchar(100) CHARACTER SET utf8mb4 COLLATE utf8mb4_0900_ai_ci NULL DEFAULT NULL COMMENT '所属部门/班级',
  `laboratory` varchar(100) CHARACTER SET utf8mb4 COLLATE utf8mb4_0900_ai_ci NULL DEFAULT NULL COMMENT '所属实验室（用于数据权限过滤，与device_info.laboratory对应）',
  `user_type` varchar(20) CHARACTER SET utf8mb4 COLLATE utf8mb4_0900_ai_ci NOT NULL COMMENT '用户类型：STUDENT-学生，TEACHER-教师，LAB_ADMIN-实验室管理员，SYSTEM_ADMIN-系统管理员，MAINTAINER-设备维护人员',
  `status` int NULL DEFAULT 1 COMMENT '状态：0-禁用，1-正常',
  `experiment_type` varchar(100) CHARACTER SET utf8mb4 COLLATE utf8mb4_0900_ai_ci NULL DEFAULT NULL COMMENT '实验类型标签',
  `missed_count` int NULL DEFAULT 0 COMMENT '爽约次数',
  `skill_level` int NULL DEFAULT 1 COMMENT '操作熟练度：1-初学，2-一般，3-熟练',
  `student_staff_no` varchar(50) CHARACTER SET utf8mb4 COLLATE utf8mb4_0900_ai_ci NULL DEFAULT NULL COMMENT '学号/工号',
  `create_time` datetime NULL DEFAULT CURRENT_TIMESTAMP COMMENT '创建时间',
  `update_time` datetime NULL DEFAULT CURRENT_TIMESTAMP ON UPDATE CURRENT_TIMESTAMP COMMENT '更新时间',
  `deleted` int NULL DEFAULT 0 COMMENT '逻辑删除',
  `username_active` varchar(50) CHARACTER SET utf8mb4 COLLATE utf8mb4_0900_ai_ci GENERATED ALWAYS AS ((case when (`deleted` = 0) then `username` else NULL end)) STORED COMMENT '仅未删除用户登录名参与唯一约束' NULL,
  PRIMARY KEY (`id`) USING BTREE,
  UNIQUE INDEX `uk_username_active`(`username_active` ASC) USING BTREE,
  INDEX `idx_username`(`username` ASC) USING BTREE,
  INDEX `idx_user_type`(`user_type` ASC) USING BTREE,
  INDEX `idx_status`(`status` ASC) USING BTREE,
  INDEX `idx_laboratory`(`laboratory` ASC) USING BTREE
) ENGINE = InnoDB AUTO_INCREMENT = 118 CHARACTER SET = utf8mb4 COLLATE = utf8mb4_0900_ai_ci COMMENT = '系统用户表' ROW_FORMAT = DYNAMIC;

-- ----------------------------
-- Records of sys_user
-- ----------------------------
INSERT INTO `sys_user` VALUES (1, 'admin', '$2a$10$fB6MvVEurBh9ms1e6PJK6ele4TDprqs8bEk7IOigTiN8Tu4ii4a3.', '罗海维', '13800000001', 'admin@lab.edu', NULL, 0, '2026-05-05 01:15:59', '信息中心', NULL, 'SYSTEM_ADMIN', 1, NULL, 0, 3, NULL, '2026-04-11 19:53:57', '2026-04-11 19:53:57', 0, DEFAULT);
INSERT INTO `sys_user` VALUES (2, 'lab_admin', '$2a$10$cvP2fhgkx//lu1UU4QWFvusJy2khq4FHGlJMeLFH.rOLin0rZs2bi', '张志明', '13800000002', 'zhang@lab.edu', NULL, 0, '2026-04-25 09:05:55', '实验教学中心', '化学实验室B', 'LAB_ADMIN', 1, NULL, 0, 3, '11111111111', '2026-04-11 19:53:57', '2026-04-11 19:53:57', 0, DEFAULT);
INSERT INTO `sys_user` VALUES (3, 'lab_admin2', '$2a$10$foXXG6WquUrbgyPcFAzsNu1pVIsP8IH0/VrR..UX2v1W4GbRfbdza', '李晓红', '13800000003', 'li_xh@lab.edu', NULL, 1, NULL, '实验教学中心', '物理实验室A', 'LAB_ADMIN', 1, NULL, 0, 3, 'T1111111111', '2026-04-11 19:53:57', '2026-04-11 19:53:57', 0, DEFAULT);
INSERT INTO `sys_user` VALUES (4, 'teacher_wang', '$2a$10$OR7xTmuKRfI2gZXzWTIHz.U9NdqoIQ3zYiKOtMoXhPbBOx6EwMMJy', '王建国', '13900001001', 'wangjg@lab.edu', NULL, 0, '2026-04-23 08:50:17', '计算机学院', '化学实验室B', 'TEACHER', 1, '软件工程', 0, 3, 'T2020001', '2026-04-11 19:53:57', '2026-04-11 19:53:57', 0, DEFAULT);
INSERT INTO `sys_user` VALUES (5, 'teacher_liu', '$2a$10$BjtQSt4/fIGVlb7rflfeo.4rd.gDu63u.9Qs5A2Rg9GU4ShjWaBpy', '刘思远', '13900001002', 'liusy@lab.edu', NULL, 0, '2026-04-10 21:50:59', '计算机学院', '生物实验室C', 'TEACHER', 1, '人工智能', 0, 2, 'T2020002', '2026-04-11 19:53:57', '2026-04-11 19:53:57', 0, DEFAULT);
INSERT INTO `sys_user` VALUES (6, 'teacher_chen', '$2a$10$R8ele7kJpSQTyeg7.tHcQOq8qm5biLdRVA/RuozQkYQBQYJalrStS', '陈晓丽', '13900001003', 'chenxl@lab.edu', NULL, 0, '2026-04-25 09:03:20', '物理学院', '物理实验室A', 'TEACHER', 1, '大学物理', 0, 2, 'T2019001', '2026-04-11 19:53:57', '2026-04-11 19:53:57', 0, DEFAULT);
INSERT INTO `sys_user` VALUES (7, 'teacher_zhao', '$2a$10$N.zmdr9k7uOCQb376NoUnuTJ8iAt6Z5EHsM8lE9lBOsl7iAt6Z5EH', '赵文博', '13900001004', 'zhaowb@lab.edu', NULL, 0, NULL, '化学学院', '化学实验室A', 'TEACHER', 1, '有机化学', 0, 3, 'T2019002', '2026-04-11 19:53:57', '2026-04-11 19:53:57', 0, DEFAULT);
INSERT INTO `sys_user` VALUES (8, 'teacher_sun', '$2a$10$N.zmdr9k7uOCQb376NoUnuTJ8iAt6Z5EHsM8lE9lBOsl7iAt6Z5EH', '孙立强', '13900001005', 'sunlq@lab.edu', NULL, 0, NULL, '机械学院', '生物实验室C', 'TEACHER', 1, '机械设计', 0, 2, 'T2021001', '2026-04-11 19:53:57', '2026-04-11 19:53:57', 0, DEFAULT);
INSERT INTO `sys_user` VALUES (9, 'stu_zhangsan', '$2a$10$0HkY.KPrJYbTnqrVP541zue9A3U50C3VssapaloCsnlTJfhLYu7VS', '张三', '13700001001', 'zhangsan@stu.edu', NULL, 0, '2026-04-22 19:39:49', '计算机学院', '生物实验室C', 'STUDENT', 1, '软件工程', 1, 1, '2020010001', '2026-04-11 19:53:57', '2026-04-11 19:53:57', 0, DEFAULT);
INSERT INTO `sys_user` VALUES (10, 'stu_lisi', '$2a$10$pDj3z8BRuEUSnFLNerXIJ.BxpXLzmbWNTmtwXuuzORo03DJEyV322', '李四', '13700001002221', 'lisi@stu.edu', NULL, 0, '2026-04-25 03:23:08', '计算机学院', '化学实验室B', 'CS1', 1, '软件工程', 0, 2, '2020010002', '2026-04-11 19:53:57', '2026-04-22 19:27:56', 0, DEFAULT);
INSERT INTO `sys_user` VALUES (11, 'stu_wangwu', '$2a$10$3xqfArNcp2QEtFpqla2voui1.mJLkAYm1JlgVSrxclg07F1nexDLi', '王五3', '137000010033', 'wangwu@stu.edu', NULL, 0, '2026-04-11 18:00:37', '计算机学院', '物理实验室A', 'TEST_CUSTOM_ROLE', 1, '人工智能', 0, 1, '2020010003', '2026-04-11 19:53:57', '2026-04-11 19:53:57', 0, DEFAULT);
INSERT INTO `sys_user` VALUES (12, 'stu_zhaoliu', '$2a$10$hoFuF5AOxyPPHh0oWUI7S.HMOSRHSYHrwlHkMAXv2xkgqoCMETy9y', '赵六', '13700001004', 'zhaoliu@stu.edu', NULL, 0, '2026-04-02 04:08:02', '物理学院', NULL, 'MAINTAINER', 1, '大学物理', 0, 2, '2020020001', '2026-04-11 19:53:57', '2026-04-11 19:53:57', 1, DEFAULT);
INSERT INTO `sys_user` VALUES (13, 'stu_sunqi', '$2a$10$0dJmUIHWeiWCcCU4GDj0Ru.u.bVuuiJXa6u3dbuEs1TOJ6odZLfIW', '孙七', '13700001005', 'sunqi@stu.edu', NULL, 0, '2026-04-19 22:28:20', '物理学院', '物理实验室A', 'TEACHER', 1, '大学物理', 0, 3, '2020020002', '2026-04-11 19:53:57', '2026-04-11 19:53:57', 0, DEFAULT);
INSERT INTO `sys_user` VALUES (14, 'stu_zhouba', '$2a$10$UF2YJcrorMPW6kAR3J7Qmudyoi8Xk25aCKf.oJmi11KIPosgyTDOC', '周八', '13700001006', 'zhouba@stu.edu', NULL, 0, '2026-04-10 00:49:26', '化学学院', '化学实验室C', 'LAB_ADMIN', 1, '有机化学', 0, 1, '2020030001', '2026-04-11 19:53:57', '2026-04-11 19:53:57', 0, DEFAULT);
INSERT INTO `sys_user` VALUES (15, 'stu_wujiu', '$2a$10$hrq9W.LAFlZRxyqViXGXqejL6AWknhOwRA7Wh9dp7a0souf44G6Em', '吴九', '13700001007', 'wujiu@stu.edu', NULL, 0, '2026-04-23 08:36:25', '化学学院', '生物实验室C', 'STUDENT', 1, '无机化学', 0, 2, '2020030002', '2026-04-11 19:53:57', '2026-04-11 19:53:57', 0, DEFAULT);
INSERT INTO `sys_user` VALUES (16, 'stu_zhengshi', '$2a$10$cz7wRtNPv33usHGBzp40bu0y7zDttVkn7Ocj4.pGgElDFTorKJSm.', '郑十', '13700001008', 'zhengshi@stu.edu', NULL, 0, '2026-04-10 03:25:35', '机械学院', '生物实验室C', 'STUDENT', 1, '机械设计', 0, 1, '2020040001', '2026-04-11 19:53:57', '2026-04-11 19:53:57', 1, DEFAULT);
INSERT INTO `sys_user` VALUES (17, 'stu_wangli', '$2a$10$.AmfqM2S5zAwcQxxK0vfrebuZ60TQJzawcIhaKLjlg3S8jTWyI1Qu', '王丽', '13700001009', 'wangli@stu.edu', NULL, 0, '2026-04-11 21:37:10', '计算机学院', '物理实验室A', 'STUDENT', 1, '软件工程', 0, 3, '2020010004', '2026-04-11 19:53:57', '2026-04-11 19:53:57', 0, DEFAULT);
INSERT INTO `sys_user` VALUES (18, 'stu_liuyi', '$2a$10$727IAwaucczAuy65MwkaSeFZBYqnzrdSdiIP0VRk0dotIidOrepxS', '刘毅', '13700001010', 'liuyi@stu.edu', NULL, 0, '2026-04-23 21:38:54', '计算机学院', '物理实验室A', 'STUDENT', 1, '人工智能', 0, 2, '2020010005', '2026-04-11 19:53:57', '2026-04-11 19:53:57', 0, DEFAULT);
INSERT INTO `sys_user` VALUES (19, 'maint_chen', '$2a$10$eMDSGTVj7hWYWbNHvHeyj.qxDB7THzDVP1DhXDiG2CxdOLEpnhmxC', '陈维护', '13800001001', 'maint_chen@lab.edu', NULL, 0, '2026-04-25 09:04:21', '设备维护部', NULL, 'MAINTAINER', 1, NULL, 0, 3, NULL, '2026-04-11 19:53:57', '2026-04-11 19:53:57', 0, DEFAULT);
INSERT INTO `sys_user` VALUES (20, 'maint_liu', '$2a$10$N.zmdr9k7uOCQb376NoUnuTJ8iAt6Z5EHsM8lE9lBOsl7iAt6Z5EH', '刘维护', '13800001002', 'maint_liu@lab.edu', NULL, 0, NULL, '设备维护部', NULL, 'MAINTAINER', 1, NULL, 0, 2, NULL, '2026-04-11 19:53:57', '2026-04-11 19:53:57', 0, DEFAULT);
INSERT INTO `sys_user` VALUES (108, '123', '$2a$10$eyNsxVh/mJikEAJ3RtQ1OudEtF/eORLYObV9RE1/3yiHVQbAtB5Ve', '阿萨德', '1321', '123@qq.com', NULL, 2, '2026-03-31 04:18:02', NULL, NULL, 'TEACHER', 1, NULL, 0, 1, '1321', '2026-04-11 19:53:57', '2026-04-11 19:53:57', 1, DEFAULT);
INSERT INTO `sys_user` VALUES (109, 'test001', '$2a$10$U/T5BjUmVUw52ArjH.rTVeTRbfljGqSB3UCenCoHm6pRzjzGyr2Sy', '测试用户', '13800138000', '1468989032@qq.com', NULL, 0, NULL, '2408', '化学实验室B', 'STUDENT', 1, NULL, 0, 1, '111111111111111', '2026-04-11 19:53:57', '2026-04-11 19:53:57', 1, DEFAULT);
INSERT INTO `sys_user` VALUES (115, '123', '$2a$10$PSKUpyFYVbqBelG8hFE8i.SZ3uMH/j2RZbkH7kXAtxO/JI8hmHSv2', '12355555', '1234565555', '123@5555qq.com5', NULL, 1, NULL, '123555', '生物实验室C', 'STUDENT', 1, NULL, 0, 1, '12345655', '2026-04-11 19:53:57', '2026-04-11 19:53:57', 1, DEFAULT);
INSERT INTO `sys_user` VALUES (116, 'cs123', '$2a$10$0U0UjVv7lAKtF1MuzaLVXeh7.nZoKOd6njnxnfdHx6Ae96oIxLMQi', '测试123', '+8617344233698', '123@qq.com', NULL, 2, '2026-04-23 00:36:24', '超出', '计算机实验室', 'STUDENT', 1, NULL, 0, 1, '123456', '2026-04-21 21:07:33', '2026-04-21 21:07:33', 0, DEFAULT);
INSERT INTO `sys_user` VALUES (117, 'student', '$2a$10$AQm/.Mk.IWDtuZ13nU5RC.lQNULdr5uy/7fr.b56zbEW1zr7u4JaG', 'student', '+8617344233698', 'jereyfh-ep12@yahoo.com', NULL, 1, '2026-04-25 09:00:59', '', '物理实验室A', 'STUDENT', 1, NULL, 0, 1, '2020010000', '2026-04-23 21:05:14', '2026-04-23 21:05:39', 0, DEFAULT);

-- ----------------------------
-- Table structure for sys_user_role
-- ----------------------------
DROP TABLE IF EXISTS `sys_user_role`;
CREATE TABLE `sys_user_role`  (
  `user_id` bigint NOT NULL COMMENT '用户ID',
  `role_id` bigint NOT NULL COMMENT '角色ID',
  PRIMARY KEY (`user_id`, `role_id`) USING BTREE
) ENGINE = InnoDB CHARACTER SET = utf8mb4 COLLATE = utf8mb4_0900_ai_ci COMMENT = '用户角色关联表' ROW_FORMAT = DYNAMIC;

-- ----------------------------
-- Records of sys_user_role
-- ----------------------------
INSERT INTO `sys_user_role` VALUES (1, 1);
INSERT INTO `sys_user_role` VALUES (2, 2);
INSERT INTO `sys_user_role` VALUES (3, 2);
INSERT INTO `sys_user_role` VALUES (4, 3);
INSERT INTO `sys_user_role` VALUES (5, 3);
INSERT INTO `sys_user_role` VALUES (6, 3);
INSERT INTO `sys_user_role` VALUES (7, 4);
INSERT INTO `sys_user_role` VALUES (8, 4);
INSERT INTO `sys_user_role` VALUES (9, 4);
INSERT INTO `sys_user_role` VALUES (10, 6);
INSERT INTO `sys_user_role` VALUES (11, 100);
INSERT INTO `sys_user_role` VALUES (13, 3);
INSERT INTO `sys_user_role` VALUES (14, 2);
INSERT INTO `sys_user_role` VALUES (15, 4);
INSERT INTO `sys_user_role` VALUES (17, 4);
INSERT INTO `sys_user_role` VALUES (18, 4);
INSERT INTO `sys_user_role` VALUES (19, 5);
INSERT INTO `sys_user_role` VALUES (20, 5);
INSERT INTO `sys_user_role` VALUES (21, 3);
INSERT INTO `sys_user_role` VALUES (24, 6);
INSERT INTO `sys_user_role` VALUES (25, 4);
INSERT INTO `sys_user_role` VALUES (26, 5);
INSERT INTO `sys_user_role` VALUES (32, 6);
INSERT INTO `sys_user_role` VALUES (100, 100);
INSERT INTO `sys_user_role` VALUES (102, 4);
INSERT INTO `sys_user_role` VALUES (116, 4);
INSERT INTO `sys_user_role` VALUES (117, 4);

SET FOREIGN_KEY_CHECKS = 1;
